Type, YearCreated, YearReported,  Market, FromPool, To_Gas/Pool, AmountEmitted, AmountRetained
5, 1, 1, 300, 204, 1000, 0.023108143765039203, 0
5, 1, 1, 300, 204, 1005, 0.005777035941259801, 0
5, 1, 1, 300, 204, 204, 0, 3.736101445293702
5, 1, 2, 300, 204, 1000, 0.0229308568443102, 0
5, 1, 2, 300, 204, 1005, 0.00573271421107755, 0
5, 1, 2, 300, 204, 204, 0, 3.7074378742383143
5, 1, 3, 300, 204, 1000, 0.02275493007836431, 0
5, 1, 3, 300, 204, 1005, 0.005688732519591078, 0
5, 1, 3, 300, 204, 204, 0, 3.678994211640359
5, 1, 4, 300, 204, 1000, 0.022580353032019575, 0
5, 1, 4, 300, 204, 1005, 0.005645088258004894, 0
5, 1, 4, 300, 204, 204, 0, 3.6507687703503344
5, 1, 5, 300, 204, 1000, 0.022407115350156204, 0
5, 1, 5, 300, 204, 1005, 0.005601778837539051, 0
5, 1, 5, 300, 204, 204, 0, 3.622759876162639
5, 1, 6, 300, 204, 1000, 0.022235206757097715, 0
5, 1, 6, 300, 204, 1005, 0.005558801689274429, 0
5, 1, 6, 300, 204, 204, 0, 3.594965867716267
5, 1, 7, 300, 204, 1000, 0.02206461705600269, 0
5, 1, 7, 300, 204, 1005, 0.0055161542640006726, 0
5, 1, 7, 300, 204, 204, 0, 3.5673850963962637
5, 1, 8, 300, 204, 1000, 0.021895336128261535, 0
5, 1, 8, 300, 204, 1005, 0.005473834032065384, 0
5, 1, 8, 300, 204, 204, 0, 3.5400159262359367
5, 1, 9, 300, 204, 1000, 0.02172735393289429, 0
5, 1, 9, 300, 204, 1005, 0.005431838483223573, 0
5, 1, 9, 300, 204, 204, 0, 3.512856733819819
5, 1, 10, 300, 204, 1000, 0.021560660505956977, 0
5, 1, 10, 300, 204, 1005, 0.005390165126489244, 0
5, 1, 10, 300, 204, 204, 0, 3.4859059081873727
5, 1, 11, 300, 204, 1000, 0.02139524595994935, 0
5, 1, 11, 300, 204, 1005, 0.005348811489987337, 0
5, 1, 11, 300, 204, 204, 0, 3.459161850737436
5, 1, 12, 300, 204, 1000, 0.021231100483226586, 0
5, 1, 12, 300, 204, 1005, 0.005307775120806647, 0
5, 1, 12, 300, 204, 204, 0, 3.4326229751334028
5, 1, 13, 300, 204, 1000, 0.021068214339422655, 0
5, 1, 13, 300, 204, 1005, 0.005267053584855664, 0
5, 1, 13, 300, 204, 204, 0, 3.4062877072091244
5, 1, 14, 300, 204, 1000, 0.020906577866866984, 0
5, 1, 14, 300, 204, 1005, 0.005226644466716746, 0
5, 1, 14, 300, 204, 204, 0, 3.3801544848755407
5, 1, 15, 300, 204, 1000, 0.02074618147801388, 0
5, 1, 15, 300, 204, 1005, 0.00518654536950347, 0
5, 1, 15, 300, 204, 204, 0, 3.3542217580280234
5, 1, 16, 300, 204, 1000, 0.020587015658876242, 0
5, 1, 16, 300, 204, 1005, 0.0051467539147190605, 0
5, 1, 16, 300, 204, 204, 0, 3.328487988454428
5, 1, 17, 300, 204, 1000, 0.020429070968455323, 0
5, 1, 17, 300, 204, 1005, 0.005107267742113831, 0
5, 1, 17, 300, 204, 204, 0, 3.302951649743859
5, 1, 18, 300, 204, 1000, 0.020272338038187954, 0
5, 1, 18, 300, 204, 1005, 0.005068084509546988, 0
5, 1, 18, 300, 204, 204, 0, 3.277611227196124
5, 1, 19, 300, 204, 1000, 0.02011680757138237, 0
5, 1, 19, 300, 204, 1005, 0.005029201892845592, 0
5, 1, 19, 300, 204, 204, 0, 3.252465217731896
5, 1, 1, 300, 205, 1000, 0.0022166763529352985, 0
5, 1, 1, 300, 205, 1005, 0.0005541690882338246, 0
5, 1, 1, 300, 205, 205, 0, 0.29842808455883096
5, 1, 2, 300, 205, 1000, 0.00219628428989882, 0
5, 1, 2, 300, 205, 1005, 0.000549071072474705, 0
5, 1, 2, 300, 205, 205, 0, 0.29568272919645744
5, 1, 3, 300, 205, 1000, 0.002176079821336563, 0
5, 1, 3, 300, 205, 1005, 0.0005440199553341408, 0
5, 1, 3, 300, 205, 205, 0, 0.29296262941978674
5, 1, 4, 300, 205, 1000, 0.002156061221494321, 0
5, 1, 4, 300, 205, 1005, 0.0005390153053735803, 0
5, 1, 4, 300, 205, 205, 0, 0.29026755289291883
5, 1, 5, 300, 205, 1000, 0.002136226780493988, 0
5, 1, 5, 300, 205, 1005, 0.000534056695123497, 0
5, 1, 5, 300, 205, 205, 0, 0.28759726941730135
5, 1, 6, 300, 205, 1000, 0.0021165748041870104, 0
5, 1, 6, 300, 205, 1005, 0.0005291437010467526, 0
5, 1, 6, 300, 205, 205, 0, 0.2849515509120676
5, 1, 7, 300, 205, 1000, 0.002097103614010276, 0
5, 1, 7, 300, 205, 1005, 0.000524275903502569, 0
5, 1, 7, 300, 205, 205, 0, 0.28233017139455474
5, 1, 8, 300, 205, 1000, 0.0020778115468420566, 0
5, 1, 8, 300, 205, 1005, 0.0005194528867105142, 0
5, 1, 8, 300, 205, 205, 0, 0.27973290696100217
5, 1, 9, 300, 205, 1000, 0.002058696954860695, 0
5, 1, 9, 300, 205, 1005, 0.0005146742387151737, 0
5, 1, 9, 300, 205, 205, 0, 0.2771595357674263
5, 1, 10, 300, 205, 1000, 0.0020397582054032526, 0
5, 1, 10, 300, 205, 1005, 0.0005099395513508131, 0
5, 1, 10, 300, 205, 205, 0, 0.27460983801067224
5, 1, 11, 300, 205, 1000, 0.002020993680826333, 0
5, 1, 11, 300, 205, 1005, 0.0005052484202065832, 0
5, 1, 11, 300, 205, 205, 0, 0.2720835959096393
5, 1, 12, 300, 205, 1000, 0.0020024017783678793, 0
5, 1, 12, 300, 205, 1005, 0.0005006004445919698, 0
5, 1, 12, 300, 205, 205, 0, 0.26958059368667947
5, 1, 13, 300, 205, 1000, 0.0019839809100102635, 0
5, 1, 13, 300, 205, 1005, 0.0004959952275025659, 0
5, 1, 13, 300, 205, 205, 0, 0.26710061754916664
5, 1, 14, 300, 205, 1000, 0.0019657295023447043, 0
5, 1, 14, 300, 205, 1005, 0.0004914323755861761, 0
5, 1, 14, 300, 205, 205, 0, 0.26464345567123576
5, 1, 15, 300, 205, 1000, 0.0019476459964366645, 0
5, 1, 15, 300, 205, 1005, 0.00048691149910916613, 0
5, 1, 15, 300, 205, 205, 0, 0.26220889817568993
5, 1, 16, 300, 205, 1000, 0.0019297288476930242, 0
5, 1, 16, 300, 205, 1005, 0.00048243221192325605, 0
5, 1, 16, 300, 205, 205, 0, 0.25979673711607365
5, 1, 17, 300, 205, 1000, 0.0019119765257298305, 0
5, 1, 17, 300, 205, 1005, 0.0004779941314324576, 0
5, 1, 17, 300, 205, 205, 0, 0.25740676645891136
5, 1, 18, 300, 205, 1000, 0.0018943875142418687, 0
5, 1, 18, 300, 205, 1005, 0.00047359687856046717, 0
5, 1, 18, 300, 205, 205, 0, 0.255038782066109
5, 1, 19, 300, 205, 1000, 0.001876960310872855, 0
5, 1, 19, 300, 205, 1005, 0.00046924007771821375, 0
5, 1, 19, 300, 205, 205, 0, 0.25269258167751796
5, 1, 1, 300, 206, 1000, 0.027221395991044117, 0
5, 1, 1, 300, 206, 206, 0, 1.4787732540089564
5, 1, 2, 300, 206, 1000, 0.02672935944914734, 0
5, 1, 2, 300, 206, 206, 0, 1.452043894559809
5, 1, 3, 300, 206, 1000, 0.026246216645052778, 0
5, 1, 3, 300, 206, 206, 0, 1.4257976779147563
5, 1, 4, 300, 206, 1000, 0.025771806821245136, 0
5, 1, 4, 300, 206, 206, 0, 1.4000258710935112
5, 1, 5, 300, 206, 1000, 0.025305972125958753, 0
5, 1, 5, 300, 206, 206, 0, 1.3747198989675524
5, 1, 6, 300, 206, 1000, 0.024848557560655404, 0
5, 1, 6, 300, 206, 206, 0, 1.349871341406897
5, 1, 7, 300, 206, 1000, 0.024399410928451104, 0
5, 1, 7, 300, 206, 206, 0, 1.325471930478446
5, 1, 8, 300, 206, 1000, 0.023958382783476395, 0
5, 1, 8, 300, 206, 206, 0, 1.3015135476949695
5, 1, 9, 300, 206, 1000, 0.02352532638114857, 0
5, 1, 9, 300, 206, 206, 0, 1.277988221313821
5, 1, 10, 300, 206, 1000, 0.023100097629346728, 0
5, 1, 10, 300, 206, 206, 0, 1.2548881236844742
5, 1, 11, 300, 206, 1000, 0.02268255504046679, 0
5, 1, 11, 300, 206, 206, 0, 1.2322055686440074
5, 1, 12, 300, 206, 1000, 0.02227255968434405, 0
5, 1, 12, 300, 206, 206, 0, 1.2099330089596634
5, 1, 13, 300, 206, 1000, 0.02186997514202793, 0
5, 1, 13, 300, 206, 206, 0, 1.1880630338176354
5, 1, 14, 300, 206, 1000, 0.021474667460386287, 0
5, 1, 14, 300, 206, 206, 0, 1.1665883663572492
5, 1, 15, 300, 206, 1000, 0.021086505107541953, 0
5, 1, 15, 300, 206, 206, 0, 1.1455018612497072
5, 1, 16, 300, 206, 1000, 0.020705358929101525, 0
5, 1, 16, 300, 206, 206, 0, 1.1247965023206057
5, 1, 17, 300, 206, 1000, 0.02033110210518374, 0
5, 1, 17, 300, 206, 206, 0, 1.104465400215422
5, 1, 18, 300, 206, 1000, 0.019963610108223895, 0
5, 1, 18, 300, 206, 206, 0, 1.084501790107198
5, 1, 19, 300, 206, 1000, 0.019602760661536323, 0
5, 1, 19, 300, 206, 206, 0, 1.0648990294456617
5, 1, 1, 300, 207, 1000, 0.08599241335964214, 0
5, 1, 1, 300, 207, 207, 0, 3.678994211640359
5, 1, 2, 300, 207, 1000, 0.08402834392409186, 0
5, 1, 2, 300, 207, 207, 0, 3.594965867716267
5, 1, 3, 300, 207, 1000, 0.08210913389644814, 0
5, 1, 3, 300, 207, 207, 0, 3.512856733819819
5, 1, 4, 300, 207, 1000, 0.08023375868641613, 0
5, 1, 4, 300, 207, 207, 0, 3.4326229751334028
5, 1, 5, 300, 207, 1000, 0.0784012171053794, 0
5, 1, 5, 300, 207, 207, 0, 3.3542217580280234
5, 1, 6, 300, 207, 1000, 0.07661053083189939, 0
5, 1, 6, 300, 207, 207, 0, 3.277611227196124
5, 1, 7, 300, 207, 1000, 0.07486074388942887, 0
5, 1, 7, 300, 207, 207, 0, 3.202750483306695
5, 1, 8, 300, 207, 1000, 0.0731509221359592, 0
5, 1, 8, 300, 207, 207, 0, 3.129599561170736
5, 1, 9, 300, 207, 1000, 0.0714801527653095, 0
5, 1, 9, 300, 207, 207, 0, 3.0581194084054264
5, 1, 10, 300, 207, 1000, 0.06984754381982494, 0
5, 1, 10, 300, 207, 207, 0, 2.9882718645856015
5, 1, 11, 300, 207, 1000, 0.06825222371419004, 0
5, 1, 11, 300, 207, 207, 0, 2.9200196408714114
5, 1, 12, 300, 207, 1000, 0.0666933407701249, 0
5, 1, 12, 300, 207, 207, 0, 2.8533263001012865
5, 1, 13, 300, 207, 1000, 0.06517006276170978, 0
5, 1, 13, 300, 207, 207, 0, 2.7881562373395767
5, 1, 14, 300, 207, 1000, 0.06368157647108941, 0
5, 1, 14, 300, 207, 207, 0, 2.7244746608684873
5, 1, 15, 300, 207, 1000, 0.06222708725433357, 0
5, 1, 15, 300, 207, 207, 0, 2.6622475736141538
5, 1, 16, 300, 207, 1000, 0.06080581861719958, 0
5, 1, 16, 300, 207, 207, 0, 2.601441754996954
5, 1, 17, 300, 207, 1000, 0.05941701180060077, 0
5, 1, 17, 300, 207, 207, 0, 2.5420247431963534
5, 1, 18, 300, 207, 1000, 0.05805992537553273, 0
5, 1, 18, 300, 207, 207, 0, 2.4839648178208207
5, 1, 19, 300, 207, 1000, 0.05673383484724992, 0
5, 1, 19, 300, 207, 207, 0, 2.4272309829735708
5, 1, 1, 300, 208, 1000, 0.008866705411741194, 0
5, 1, 1, 300, 208, 1005, 0.0022166763529352985, 0
5, 1, 1, 300, 208, 208, 0, 1.1937123382353239
5, 1, 2, 300, 208, 1000, 0.00878513715959528, 0
5, 1, 2, 300, 208, 1005, 0.00219628428989882, 0
5, 1, 2, 300, 208, 208, 0, 1.1827309167858298
5, 1, 3, 300, 208, 1000, 0.008704319285346252, 0
5, 1, 3, 300, 208, 1005, 0.002176079821336563, 0
5, 1, 3, 300, 208, 208, 0, 1.171850517679147
5, 1, 4, 300, 208, 1000, 0.008624244885977284, 0
5, 1, 4, 300, 208, 1005, 0.002156061221494321, 0
5, 1, 4, 300, 208, 208, 0, 1.1610702115716753
5, 1, 5, 300, 208, 1000, 0.008544907121975953, 0
5, 1, 5, 300, 208, 1005, 0.002136226780493988, 0
5, 1, 5, 300, 208, 208, 0, 1.1503890776692054
5, 1, 6, 300, 208, 1000, 0.008466299216748041, 0
5, 1, 6, 300, 208, 1005, 0.0021165748041870104, 0
5, 1, 6, 300, 208, 208, 0, 1.1398062036482703
5, 1, 7, 300, 208, 1000, 0.008388414456041104, 0
5, 1, 7, 300, 208, 1005, 0.002097103614010276, 0
5, 1, 7, 300, 208, 208, 0, 1.129320685578219
5, 1, 8, 300, 208, 1000, 0.008311246187368226, 0
5, 1, 8, 300, 208, 1005, 0.0020778115468420566, 0
5, 1, 8, 300, 208, 208, 0, 1.1189316278440087
5, 1, 9, 300, 208, 1000, 0.00823478781944278, 0
5, 1, 9, 300, 208, 1005, 0.002058696954860695, 0
5, 1, 9, 300, 208, 208, 0, 1.1086381430697052
5, 1, 10, 300, 208, 1000, 0.00815903282161301, 0
5, 1, 10, 300, 208, 1005, 0.0020397582054032526, 0
5, 1, 10, 300, 208, 208, 0, 1.098439352042689
5, 1, 11, 300, 208, 1000, 0.008083974723305331, 0
5, 1, 11, 300, 208, 1005, 0.002020993680826333, 0
5, 1, 11, 300, 208, 208, 0, 1.0883343836385573
5, 1, 12, 300, 208, 1000, 0.008009607113471517, 0
5, 1, 12, 300, 208, 1005, 0.0020024017783678793, 0
5, 1, 12, 300, 208, 208, 0, 1.0783223747467179
5, 1, 13, 300, 208, 1000, 0.007935923640041054, 0
5, 1, 13, 300, 208, 1005, 0.0019839809100102635, 0
5, 1, 13, 300, 208, 208, 0, 1.0684024701966666
5, 1, 14, 300, 208, 1000, 0.007862918009378817, 0
5, 1, 14, 300, 208, 1005, 0.0019657295023447043, 0
5, 1, 14, 300, 208, 208, 0, 1.058573822684943
5, 1, 15, 300, 208, 1000, 0.007790583985746658, 0
5, 1, 15, 300, 208, 1005, 0.0019476459964366645, 0
5, 1, 15, 300, 208, 208, 0, 1.0488355927027597
5, 1, 16, 300, 208, 1000, 0.007718915390772097, 0
5, 1, 16, 300, 208, 1005, 0.0019297288476930242, 0
5, 1, 16, 300, 208, 208, 0, 1.0391869484642946
5, 1, 17, 300, 208, 1000, 0.007647906102919322, 0
5, 1, 17, 300, 208, 1005, 0.0019119765257298305, 0
5, 1, 17, 300, 208, 208, 0, 1.0296270658356454
5, 1, 18, 300, 208, 1000, 0.007577550056967475, 0
5, 1, 18, 300, 208, 1005, 0.0018943875142418687, 0
5, 1, 18, 300, 208, 208, 0, 1.020155128264436
5, 1, 19, 300, 208, 1000, 0.00750784124349142, 0
5, 1, 19, 300, 208, 1005, 0.001876960310872855, 0
5, 1, 19, 300, 208, 208, 0, 1.0107703267100718
5, 1, 1, 300, 209, 1000, 2.4212080173023045, 0
5, 1, 1, 300, 209, 209, 0, 5.8453132326976975
5, 1, 2, 300, 209, 1000, 1.7120526076976965, 0
5, 1, 2, 300, 209, 209, 0, 4.133260625000001
5, 1, 3, 300, 209, 1000, 1.2106040086511523, 0
5, 1, 3, 300, 209, 209, 0, 2.9226566163488488
5, 1, 4, 300, 209, 1000, 0.8560263038488483, 0
5, 1, 4, 300, 209, 209, 0, 2.0666303125000005
5, 1, 5, 300, 209, 1000, 0.6053020043255761, 0
5, 1, 5, 300, 209, 209, 0, 1.4613283081744244
5, 1, 6, 300, 209, 1000, 0.42801315192442413, 0
5, 1, 6, 300, 209, 209, 0, 1.0333151562500003
5, 1, 7, 300, 209, 1000, 0.30265100216278806, 0
5, 1, 7, 300, 209, 209, 0, 0.7306641540872122
5, 1, 8, 300, 209, 1000, 0.21400657596221206, 0
5, 1, 8, 300, 209, 209, 0, 0.5166575781250001
5, 1, 9, 300, 209, 1000, 0.15132550108139403, 0
5, 1, 9, 300, 209, 209, 0, 0.3653320770436061
5, 1, 10, 300, 209, 1000, 0.10700328798110603, 0
5, 1, 10, 300, 209, 209, 0, 0.25832878906250006
5, 1, 11, 300, 209, 1000, 0.07566275054069702, 0
5, 1, 11, 300, 209, 209, 0, 0.18266603852180305
5, 1, 12, 300, 209, 1000, 0.053501643990553016, 0
5, 1, 12, 300, 209, 209, 0, 0.12916439453125003
5, 1, 13, 300, 209, 1000, 0.03783137527034851, 0
5, 1, 13, 300, 209, 209, 0, 0.09133301926090152
5, 1, 14, 300, 209, 1000, 0.026750821995276508, 0
5, 1, 14, 300, 209, 209, 0, 0.06458219726562502
5, 1, 15, 300, 209, 1000, 0.018915687635174254, 0
5, 1, 15, 300, 209, 209, 0, 0.04566650963045076
5, 1, 16, 300, 209, 1000, 0.013375410997638254, 0
5, 1, 16, 300, 209, 209, 0, 0.03229109863281251
5, 1, 17, 300, 209, 1000, 0.009457843817587127, 0
5, 1, 17, 300, 209, 209, 0, 0.02283325481522538
5, 1, 18, 300, 209, 1000, 0.006687705498819127, 0
5, 1, 18, 300, 209, 209, 0, 0.016145549316406254
5, 1, 19, 300, 209, 1000, 0.0047289219087935635, 0
5, 1, 19, 300, 209, 209, 0, 0.01141662740761269
5, 1, 1, 300, 210, 1000, 0.0381099543874619, 0
5, 1, 1, 300, 210, 210, 0, 2.070282555612539
5, 1, 2, 300, 210, 1000, 0.037421103228806096, 0
5, 1, 2, 300, 210, 210, 0, 2.0328614523837327
5, 1, 3, 300, 210, 1000, 0.03674470330307389, 0
5, 1, 3, 300, 210, 210, 0, 1.9961167490806588
5, 1, 4, 300, 210, 1000, 0.03608052954974328, 0
5, 1, 4, 300, 210, 210, 0, 1.9600362195309156
5, 1, 5, 300, 210, 1000, 0.035428360976342166, 0
5, 1, 5, 300, 210, 210, 0, 1.9246078585545734
5, 1, 6, 300, 210, 1000, 0.03478798058491761, 0
5, 1, 6, 300, 210, 210, 0, 1.8898198779696558
5, 1, 7, 300, 210, 1000, 0.03415917529983159, 0
5, 1, 7, 300, 210, 210, 0, 1.8556607026698242
5, 1, 8, 300, 210, 1000, 0.03354173589686704, 0
5, 1, 8, 300, 210, 210, 0, 1.8221189667729571
5, 1, 9, 300, 210, 1000, 0.032935456933608, 0
5, 1, 9, 300, 210, 210, 0, 1.7891835098393492
5, 1, 10, 300, 210, 1000, 0.03234013668108515, 0
5, 1, 10, 300, 210, 210, 0, 1.756843373158264
5, 1, 11, 300, 210, 1000, 0.03175557705665355, 0
5, 1, 11, 300, 210, 210, 0, 1.7250877961016104
5, 1, 12, 300, 210, 1000, 0.03118158355808176, 0
5, 1, 12, 300, 210, 210, 0, 1.6939062125435287
5, 1, 13, 300, 210, 1000, 0.03061796519883897, 0
5, 1, 13, 300, 210, 210, 0, 1.6632882473446897
5, 1, 14, 300, 210, 1000, 0.030064534444540936, 0
5, 1, 14, 300, 210, 210, 0, 1.6332237129001488
5, 1, 15, 300, 210, 1000, 0.02952110715055878, 0
5, 1, 15, 300, 210, 210, 0, 1.60370260574959
5, 1, 16, 300, 210, 1000, 0.028987502500742002, 0
5, 1, 16, 300, 210, 210, 0, 1.574715103248848
5, 1, 17, 300, 210, 1000, 0.028463542947257503, 0
5, 1, 17, 300, 210, 210, 0, 1.5462515603015905
5, 1, 18, 300, 210, 1000, 0.027949054151513275, 0
5, 1, 18, 300, 210, 210, 0, 1.5183025061500772
5, 1, 19, 300, 210, 1000, 0.027443864926150807, 0
5, 1, 19, 300, 210, 210, 0, 1.4908586412239264
5, 1, 1, 301, 204, 1000, 0.09243257506015681, 0
5, 1, 1, 301, 204, 1005, 0.023108143765039203, 0
5, 1, 1, 301, 204, 204, 0, 14.944405781174808
5, 1, 2, 301, 204, 1000, 0.0917234273772408, 0
5, 1, 2, 301, 204, 1005, 0.0229308568443102, 0
5, 1, 2, 301, 204, 204, 0, 14.829751496953257
5, 1, 3, 301, 204, 1000, 0.09101972031345724, 0
5, 1, 3, 301, 204, 1005, 0.02275493007836431, 0
5, 1, 3, 301, 204, 204, 0, 14.715976846561436
5, 1, 4, 301, 204, 1000, 0.0903214121280783, 0
5, 1, 4, 301, 204, 1005, 0.022580353032019575, 0
5, 1, 4, 301, 204, 204, 0, 14.603075081401338
5, 1, 5, 301, 204, 1000, 0.08962846140062482, 0
5, 1, 5, 301, 204, 1005, 0.022407115350156204, 0
5, 1, 5, 301, 204, 204, 0, 14.491039504650557
5, 1, 6, 301, 204, 1000, 0.08894082702839086, 0
5, 1, 6, 301, 204, 1005, 0.022235206757097715, 0
5, 1, 6, 301, 204, 204, 0, 14.379863470865068
5, 1, 7, 301, 204, 1000, 0.08825846822401076, 0
5, 1, 7, 301, 204, 1005, 0.02206461705600269, 0
5, 1, 7, 301, 204, 204, 0, 14.269540385585055
5, 1, 8, 301, 204, 1000, 0.08758134451304614, 0
5, 1, 8, 301, 204, 1005, 0.021895336128261535, 0
5, 1, 8, 301, 204, 204, 0, 14.160063704943747
5, 1, 9, 301, 204, 1000, 0.08690941573157716, 0
5, 1, 9, 301, 204, 1005, 0.02172735393289429, 0
5, 1, 9, 301, 204, 204, 0, 14.051426935279276
5, 1, 10, 301, 204, 1000, 0.0862426420238279, 0
5, 1, 10, 301, 204, 1005, 0.021560660505956977, 0
5, 1, 10, 301, 204, 204, 0, 13.94362363274949
5, 1, 11, 301, 204, 1000, 0.0855809838397974, 0
5, 1, 11, 301, 204, 1005, 0.02139524595994935, 0
5, 1, 11, 301, 204, 204, 0, 13.836647402949744
5, 1, 12, 301, 204, 1000, 0.08492440193290635, 0
5, 1, 12, 301, 204, 1005, 0.021231100483226586, 0
5, 1, 12, 301, 204, 204, 0, 13.730491900533611
5, 1, 13, 301, 204, 1000, 0.08427285735769062, 0
5, 1, 13, 301, 204, 1005, 0.021068214339422655, 0
5, 1, 13, 301, 204, 204, 0, 13.625150828836498
5, 1, 14, 301, 204, 1000, 0.08362631146746793, 0
5, 1, 14, 301, 204, 1005, 0.020906577866866984, 0
5, 1, 14, 301, 204, 204, 0, 13.520617939502163
5, 1, 15, 301, 204, 1000, 0.08298472591205552, 0
5, 1, 15, 301, 204, 1005, 0.02074618147801388, 0
5, 1, 15, 301, 204, 204, 0, 13.416887032112093
5, 1, 16, 301, 204, 1000, 0.08234806263550497, 0
5, 1, 16, 301, 204, 1005, 0.020587015658876242, 0
5, 1, 16, 301, 204, 204, 0, 13.313951953817712
5, 1, 17, 301, 204, 1000, 0.0817162838738213, 0
5, 1, 17, 301, 204, 1005, 0.020429070968455323, 0
5, 1, 17, 301, 204, 204, 0, 13.211806598975436
5, 1, 18, 301, 204, 1000, 0.08108935215275181, 0
5, 1, 18, 301, 204, 1005, 0.020272338038187954, 0
5, 1, 18, 301, 204, 204, 0, 13.110444908784496
5, 1, 19, 301, 204, 1000, 0.08046723028552948, 0
5, 1, 19, 301, 204, 1005, 0.02011680757138237, 0
5, 1, 19, 301, 204, 204, 0, 13.009860870927584
5, 1, 1, 301, 205, 1000, 0.008866705411741194, 0
5, 1, 1, 301, 205, 1005, 0.0022166763529352985, 0
5, 1, 1, 301, 205, 205, 0, 1.1937123382353239
5, 1, 2, 301, 205, 1000, 0.00878513715959528, 0
5, 1, 2, 301, 205, 1005, 0.00219628428989882, 0
5, 1, 2, 301, 205, 205, 0, 1.1827309167858298
5, 1, 3, 301, 205, 1000, 0.008704319285346252, 0
5, 1, 3, 301, 205, 1005, 0.002176079821336563, 0
5, 1, 3, 301, 205, 205, 0, 1.171850517679147
5, 1, 4, 301, 205, 1000, 0.008624244885977284, 0
5, 1, 4, 301, 205, 1005, 0.002156061221494321, 0
5, 1, 4, 301, 205, 205, 0, 1.1610702115716753
5, 1, 5, 301, 205, 1000, 0.008544907121975953, 0
5, 1, 5, 301, 205, 1005, 0.002136226780493988, 0
5, 1, 5, 301, 205, 205, 0, 1.1503890776692054
5, 1, 6, 301, 205, 1000, 0.008466299216748041, 0
5, 1, 6, 301, 205, 1005, 0.0021165748041870104, 0
5, 1, 6, 301, 205, 205, 0, 1.1398062036482703
5, 1, 7, 301, 205, 1000, 0.008388414456041104, 0
5, 1, 7, 301, 205, 1005, 0.002097103614010276, 0
5, 1, 7, 301, 205, 205, 0, 1.129320685578219
5, 1, 8, 301, 205, 1000, 0.008311246187368226, 0
5, 1, 8, 301, 205, 1005, 0.0020778115468420566, 0
5, 1, 8, 301, 205, 205, 0, 1.1189316278440087
5, 1, 9, 301, 205, 1000, 0.00823478781944278, 0
5, 1, 9, 301, 205, 1005, 0.002058696954860695, 0
5, 1, 9, 301, 205, 205, 0, 1.1086381430697052
5, 1, 10, 301, 205, 1000, 0.00815903282161301, 0
5, 1, 10, 301, 205, 1005, 0.0020397582054032526, 0
5, 1, 10, 301, 205, 205, 0, 1.098439352042689
5, 1, 11, 301, 205, 1000, 0.008083974723305331, 0
5, 1, 11, 301, 205, 1005, 0.002020993680826333, 0
5, 1, 11, 301, 205, 205, 0, 1.0883343836385573
5, 1, 12, 301, 205, 1000, 0.008009607113471517, 0
5, 1, 12, 301, 205, 1005, 0.0020024017783678793, 0
5, 1, 12, 301, 205, 205, 0, 1.0783223747467179
5, 1, 13, 301, 205, 1000, 0.007935923640041054, 0
5, 1, 13, 301, 205, 1005, 0.0019839809100102635, 0
5, 1, 13, 301, 205, 205, 0, 1.0684024701966666
5, 1, 14, 301, 205, 1000, 0.007862918009378817, 0
5, 1, 14, 301, 205, 1005, 0.0019657295023447043, 0
5, 1, 14, 301, 205, 205, 0, 1.058573822684943
5, 1, 15, 301, 205, 1000, 0.007790583985746658, 0
5, 1, 15, 301, 205, 1005, 0.0019476459964366645, 0
5, 1, 15, 301, 205, 205, 0, 1.0488355927027597
5, 1, 16, 301, 205, 1000, 0.007718915390772097, 0
5, 1, 16, 301, 205, 1005, 0.0019297288476930242, 0
5, 1, 16, 301, 205, 205, 0, 1.0391869484642946
5, 1, 17, 301, 205, 1000, 0.007647906102919322, 0
5, 1, 17, 301, 205, 1005, 0.0019119765257298305, 0
5, 1, 17, 301, 205, 205, 0, 1.0296270658356454
5, 1, 18, 301, 205, 1000, 0.007577550056967475, 0
5, 1, 18, 301, 205, 1005, 0.0018943875142418687, 0
5, 1, 18, 301, 205, 205, 0, 1.020155128264436
5, 1, 19, 301, 205, 1000, 0.00750784124349142, 0
5, 1, 19, 301, 205, 1005, 0.001876960310872855, 0
5, 1, 19, 301, 205, 205, 0, 1.0107703267100718
5, 1, 1, 301, 206, 1000, 0.10888558396417647, 0
5, 1, 1, 301, 206, 206, 0, 5.915093016035826
5, 1, 2, 301, 206, 1000, 0.10691743779658935, 0
5, 1, 2, 301, 206, 206, 0, 5.808175578239236
5, 1, 3, 301, 206, 1000, 0.10498486658021111, 0
5, 1, 3, 301, 206, 206, 0, 5.703190711659025
5, 1, 4, 301, 206, 1000, 0.10308722728498054, 0
5, 1, 4, 301, 206, 206, 0, 5.600103484374045
5, 1, 5, 301, 206, 1000, 0.10122388850383501, 0
5, 1, 5, 301, 206, 206, 0, 5.49887959587021
5, 1, 6, 301, 206, 1000, 0.09939423024262162, 0
5, 1, 6, 301, 206, 206, 0, 5.399485365627588
5, 1, 7, 301, 206, 1000, 0.09759764371380442, 0
5, 1, 7, 301, 206, 206, 0, 5.301887721913784
5, 1, 8, 301, 206, 1000, 0.09583353113390558, 0
5, 1, 8, 301, 206, 206, 0, 5.206054190779878
5, 1, 9, 301, 206, 1000, 0.09410130552459428, 0
5, 1, 9, 301, 206, 206, 0, 5.111952885255284
5, 1, 10, 301, 206, 1000, 0.09240039051738691, 0
5, 1, 10, 301, 206, 206, 0, 5.019552494737897
5, 1, 11, 301, 206, 1000, 0.09073022016186716, 0
5, 1, 11, 301, 206, 206, 0, 4.92882227457603
5, 1, 12, 301, 206, 1000, 0.0890902387373762, 0
5, 1, 12, 301, 206, 206, 0, 4.8397320358386535
5, 1, 13, 301, 206, 1000, 0.08747990056811172, 0
5, 1, 13, 301, 206, 206, 0, 4.752252135270542
5, 1, 14, 301, 206, 1000, 0.08589866984154515, 0
5, 1, 14, 301, 206, 206, 0, 4.666353465428997
5, 1, 15, 301, 206, 1000, 0.08434602043016781, 0
5, 1, 15, 301, 206, 206, 0, 4.582007444998829
5, 1, 16, 301, 206, 1000, 0.0828214357164061, 0
5, 1, 16, 301, 206, 206, 0, 4.499186009282423
5, 1, 17, 301, 206, 1000, 0.08132440842073496, 0
5, 1, 17, 301, 206, 206, 0, 4.417861600861688
5, 1, 18, 301, 206, 1000, 0.07985444043289558, 0
5, 1, 18, 301, 206, 206, 0, 4.338007160428792
5, 1, 19, 301, 206, 1000, 0.07841104264614529, 0
5, 1, 19, 301, 206, 206, 0, 4.259596117782647
5, 1, 1, 301, 207, 1000, 0.34396965343856856, 0
5, 1, 1, 301, 207, 207, 0, 14.715976846561436
5, 1, 2, 301, 207, 1000, 0.33611337569636746, 0
5, 1, 2, 301, 207, 207, 0, 14.379863470865068
5, 1, 3, 301, 207, 1000, 0.32843653558579256, 0
5, 1, 3, 301, 207, 207, 0, 14.051426935279276
5, 1, 4, 301, 207, 1000, 0.32093503474566454, 0
5, 1, 4, 301, 207, 207, 0, 13.730491900533611
5, 1, 5, 301, 207, 1000, 0.3136048684215176, 0
5, 1, 5, 301, 207, 207, 0, 13.416887032112093
5, 1, 6, 301, 207, 1000, 0.30644212332759757, 0
5, 1, 6, 301, 207, 207, 0, 13.110444908784496
5, 1, 7, 301, 207, 1000, 0.2994429755577155, 0
5, 1, 7, 301, 207, 207, 0, 12.81100193322678
5, 1, 8, 301, 207, 1000, 0.2926036885438368, 0
5, 1, 8, 301, 207, 207, 0, 12.518398244682944
5, 1, 9, 301, 207, 1000, 0.285920611061238, 0
5, 1, 9, 301, 207, 207, 0, 12.232477633621706
5, 1, 10, 301, 207, 1000, 0.27939017527929977, 0
5, 1, 10, 301, 207, 207, 0, 11.953087458342406
5, 1, 11, 301, 207, 1000, 0.27300889485676016, 0
5, 1, 11, 301, 207, 207, 0, 11.680078563485646
5, 1, 12, 301, 207, 1000, 0.2667733630804996, 0
5, 1, 12, 301, 207, 207, 0, 11.413305200405146
5, 1, 13, 301, 207, 1000, 0.2606802510468391, 0
5, 1, 13, 301, 207, 207, 0, 11.152624949358307
5, 1, 14, 301, 207, 1000, 0.25472630588435763, 0
5, 1, 14, 301, 207, 207, 0, 10.89789864347395
5, 1, 15, 301, 207, 1000, 0.24890834901733427, 0
5, 1, 15, 301, 207, 207, 0, 10.648990294456615
5, 1, 16, 301, 207, 1000, 0.24322327446879832, 0
5, 1, 16, 301, 207, 207, 0, 10.405767019987817
5, 1, 17, 301, 207, 1000, 0.2376680472024031, 0
5, 1, 17, 301, 207, 207, 0, 10.168098972785414
5, 1, 18, 301, 207, 1000, 0.2322397015021309, 0
5, 1, 18, 301, 207, 207, 0, 9.935859271283283
5, 1, 19, 301, 207, 1000, 0.22693533938899968, 0
5, 1, 19, 301, 207, 207, 0, 9.708923931894283
5, 1, 1, 301, 208, 1000, 0.035466821646964776, 0
5, 1, 1, 301, 208, 1005, 0.008866705411741194, 0
5, 1, 1, 301, 208, 208, 0, 4.774849352941295
5, 1, 2, 301, 208, 1000, 0.03514054863838112, 0
5, 1, 2, 301, 208, 1005, 0.00878513715959528, 0
5, 1, 2, 301, 208, 208, 0, 4.730923667143319
5, 1, 3, 301, 208, 1000, 0.03481727714138501, 0
5, 1, 3, 301, 208, 1005, 0.008704319285346252, 0
5, 1, 3, 301, 208, 208, 0, 4.687402070716588
5, 1, 4, 301, 208, 1000, 0.03449697954390914, 0
5, 1, 4, 301, 208, 1005, 0.008624244885977284, 0
5, 1, 4, 301, 208, 208, 0, 4.644280846286701
5, 1, 5, 301, 208, 1000, 0.03417962848790381, 0
5, 1, 5, 301, 208, 1005, 0.008544907121975953, 0
5, 1, 5, 301, 208, 208, 0, 4.601556310676822
5, 1, 6, 301, 208, 1000, 0.033865196866992166, 0
5, 1, 6, 301, 208, 1005, 0.008466299216748041, 0
5, 1, 6, 301, 208, 208, 0, 4.559224814593081
5, 1, 7, 301, 208, 1000, 0.03355365782416442, 0
5, 1, 7, 301, 208, 1005, 0.008388414456041104, 0
5, 1, 7, 301, 208, 208, 0, 4.517282742312876
5, 1, 8, 301, 208, 1000, 0.033244984749472906, 0
5, 1, 8, 301, 208, 1005, 0.008311246187368226, 0
5, 1, 8, 301, 208, 208, 0, 4.475726511376035
5, 1, 9, 301, 208, 1000, 0.03293915127777112, 0
5, 1, 9, 301, 208, 1005, 0.00823478781944278, 0
5, 1, 9, 301, 208, 208, 0, 4.434552572278821
5, 1, 10, 301, 208, 1000, 0.03263613128645204, 0
5, 1, 10, 301, 208, 1005, 0.00815903282161301, 0
5, 1, 10, 301, 208, 208, 0, 4.393757408170756
5, 1, 11, 301, 208, 1000, 0.032335898893221325, 0
5, 1, 11, 301, 208, 1005, 0.008083974723305331, 0
5, 1, 11, 301, 208, 208, 0, 4.353337534554229
5, 1, 12, 301, 208, 1000, 0.03203842845388607, 0
5, 1, 12, 301, 208, 1005, 0.008009607113471517, 0
5, 1, 12, 301, 208, 208, 0, 4.3132894989868715
5, 1, 13, 301, 208, 1000, 0.031743694560164216, 0
5, 1, 13, 301, 208, 1005, 0.007935923640041054, 0
5, 1, 13, 301, 208, 208, 0, 4.273609880786666
5, 1, 14, 301, 208, 1000, 0.03145167203751527, 0
5, 1, 14, 301, 208, 1005, 0.007862918009378817, 0
5, 1, 14, 301, 208, 208, 0, 4.234295290739772
5, 1, 15, 301, 208, 1000, 0.031162335942986633, 0
5, 1, 15, 301, 208, 1005, 0.007790583985746658, 0
5, 1, 15, 301, 208, 208, 0, 4.195342370811039
5, 1, 16, 301, 208, 1000, 0.030875661563088387, 0
5, 1, 16, 301, 208, 1005, 0.007718915390772097, 0
5, 1, 16, 301, 208, 208, 0, 4.156747793857178
5, 1, 17, 301, 208, 1000, 0.030591624411677287, 0
5, 1, 17, 301, 208, 1005, 0.007647906102919322, 0
5, 1, 17, 301, 208, 208, 0, 4.118508263342582
5, 1, 18, 301, 208, 1000, 0.0303102002278699, 0
5, 1, 18, 301, 208, 1005, 0.007577550056967475, 0
5, 1, 18, 301, 208, 208, 0, 4.080620513057744
5, 1, 19, 301, 208, 1000, 0.03003136497396568, 0
5, 1, 19, 301, 208, 1005, 0.00750784124349142, 0
5, 1, 19, 301, 208, 208, 0, 4.043081306840287
5, 1, 1, 301, 209, 1000, 9.684832069209218, 0
5, 1, 1, 301, 209, 209, 0, 23.38125293079079
5, 1, 2, 301, 209, 1000, 6.848210430790786, 0
5, 1, 2, 301, 209, 209, 0, 16.533042500000004
5, 1, 3, 301, 209, 1000, 4.842416034604609, 0
5, 1, 3, 301, 209, 209, 0, 11.690626465395395
5, 1, 4, 301, 209, 1000, 3.424105215395393, 0
5, 1, 4, 301, 209, 209, 0, 8.266521250000002
5, 1, 5, 301, 209, 1000, 2.4212080173023045, 0
5, 1, 5, 301, 209, 209, 0, 5.8453132326976975
5, 1, 6, 301, 209, 1000, 1.7120526076976965, 0
5, 1, 6, 301, 209, 209, 0, 4.133260625000001
5, 1, 7, 301, 209, 1000, 1.2106040086511523, 0
5, 1, 7, 301, 209, 209, 0, 2.9226566163488488
5, 1, 8, 301, 209, 1000, 0.8560263038488483, 0
5, 1, 8, 301, 209, 209, 0, 2.0666303125000005
5, 1, 9, 301, 209, 1000, 0.6053020043255761, 0
5, 1, 9, 301, 209, 209, 0, 1.4613283081744244
5, 1, 10, 301, 209, 1000, 0.42801315192442413, 0
5, 1, 10, 301, 209, 209, 0, 1.0333151562500003
5, 1, 11, 301, 209, 1000, 0.30265100216278806, 0
5, 1, 11, 301, 209, 209, 0, 0.7306641540872122
5, 1, 12, 301, 209, 1000, 0.21400657596221206, 0
5, 1, 12, 301, 209, 209, 0, 0.5166575781250001
5, 1, 13, 301, 209, 1000, 0.15132550108139403, 0
5, 1, 13, 301, 209, 209, 0, 0.3653320770436061
5, 1, 14, 301, 209, 1000, 0.10700328798110603, 0
5, 1, 14, 301, 209, 209, 0, 0.25832878906250006
5, 1, 15, 301, 209, 1000, 0.07566275054069702, 0
5, 1, 15, 301, 209, 209, 0, 0.18266603852180305
5, 1, 16, 301, 209, 1000, 0.053501643990553016, 0
5, 1, 16, 301, 209, 209, 0, 0.12916439453125003
5, 1, 17, 301, 209, 1000, 0.03783137527034851, 0
5, 1, 17, 301, 209, 209, 0, 0.09133301926090152
5, 1, 18, 301, 209, 1000, 0.026750821995276508, 0
5, 1, 18, 301, 209, 209, 0, 0.06458219726562502
5, 1, 19, 301, 209, 1000, 0.018915687635174254, 0
5, 1, 19, 301, 209, 209, 0, 0.04566650963045076
5, 1, 1, 301, 210, 1000, 0.1524398175498476, 0
5, 1, 1, 301, 210, 210, 0, 8.281130222450155
5, 1, 2, 301, 210, 1000, 0.14968441291522439, 0
5, 1, 2, 301, 210, 210, 0, 8.131445809534931
5, 1, 3, 301, 210, 1000, 0.14697881321229556, 0
5, 1, 3, 301, 210, 210, 0, 7.984466996322635
5, 1, 4, 301, 210, 1000, 0.14432211819897311, 0
5, 1, 4, 301, 210, 210, 0, 7.840144878123662
5, 1, 5, 301, 210, 1000, 0.14171344390536866, 0
5, 1, 5, 301, 210, 210, 0, 7.698431434218294
5, 1, 6, 301, 210, 1000, 0.13915192233967044, 0
5, 1, 6, 301, 210, 210, 0, 7.559279511878623
5, 1, 7, 301, 210, 1000, 0.13663670119932636, 0
5, 1, 7, 301, 210, 210, 0, 7.422642810679297
5, 1, 8, 301, 210, 1000, 0.13416694358746817, 0
5, 1, 8, 301, 210, 210, 0, 7.288475867091829
5, 1, 9, 301, 210, 1000, 0.131741827734432, 0
5, 1, 9, 301, 210, 210, 0, 7.156734039357397
5, 1, 10, 301, 210, 1000, 0.1293605467243406, 0
5, 1, 10, 301, 210, 210, 0, 7.027373492633056
5, 1, 11, 301, 210, 1000, 0.1270223082266142, 0
5, 1, 11, 301, 210, 210, 0, 6.900351184406442
5, 1, 12, 301, 210, 1000, 0.12472633423232704, 0
5, 1, 12, 301, 210, 210, 0, 6.775624850174115
5, 1, 13, 301, 210, 1000, 0.12247186079535588, 0
5, 1, 13, 301, 210, 210, 0, 6.653152989378759
5, 1, 14, 301, 210, 1000, 0.12025813777816374, 0
5, 1, 14, 301, 210, 210, 0, 6.532894851600595
5, 1, 15, 301, 210, 1000, 0.11808442860223511, 0
5, 1, 15, 301, 210, 210, 0, 6.41481042299836
5, 1, 16, 301, 210, 1000, 0.11595001000296801, 0
5, 1, 16, 301, 210, 210, 0, 6.298860412995392
5, 1, 17, 301, 210, 1000, 0.11385417178903001, 0
5, 1, 17, 301, 210, 210, 0, 6.185006241206362
5, 1, 18, 301, 210, 1000, 0.1117962166060531, 0
5, 1, 18, 301, 210, 210, 0, 6.073210024600309
5, 1, 19, 301, 210, 1000, 0.10977545970460323, 0
5, 1, 19, 301, 210, 210, 0, 5.963434564895706
5, 1, 1, 300, 200, 1004, 1.148491589897651, 0
5, 1, 1, 300, 200, 1005, 0.38283052996588374, 0
5, 1, 1, 300, 200, 200, 0, 3.696938630136466
5, 1, 2, 300, 200, 1004, 0.8121061913523493, 0
5, 1, 2, 300, 200, 1005, 0.27070206378411643, 0
5, 1, 2, 300, 200, 200, 0, 2.6141303750000002
5, 1, 3, 300, 200, 1004, 0.5742457949488255, 0
5, 1, 3, 300, 200, 1005, 0.19141526498294187, 0
5, 1, 3, 300, 200, 200, 0, 1.848469315068233
5, 1, 4, 300, 200, 1004, 0.40605309567617465, 0
5, 1, 4, 300, 200, 1005, 0.13535103189205822, 0
5, 1, 4, 300, 200, 200, 0, 1.3070651875000001
5, 1, 5, 300, 200, 1004, 0.2871228974744128, 0
5, 1, 5, 300, 200, 1005, 0.09570763249147093, 0
5, 1, 5, 300, 200, 200, 0, 0.9242346575341165
5, 1, 6, 300, 200, 1004, 0.20302654783808732, 0
5, 1, 6, 300, 200, 1005, 0.06767551594602911, 0
5, 1, 6, 300, 200, 200, 0, 0.6535325937500001
5, 1, 7, 300, 200, 1004, 0.1435614487372064, 0
5, 1, 7, 300, 200, 1005, 0.04785381624573547, 0
5, 1, 7, 300, 200, 200, 0, 0.46211732876705824
5, 1, 8, 300, 200, 1004, 0.10151327391904366, 0
5, 1, 8, 300, 200, 1005, 0.033837757973014554, 0
5, 1, 8, 300, 200, 200, 0, 0.32676629687500003
5, 1, 9, 300, 200, 1004, 0.0717807243686032, 0
5, 1, 9, 300, 200, 1005, 0.023926908122867734, 0
5, 1, 9, 300, 200, 200, 0, 0.23105866438352912
5, 1, 10, 300, 200, 1004, 0.05075663695952183, 0
5, 1, 10, 300, 200, 1005, 0.016918878986507277, 0
5, 1, 10, 300, 200, 200, 0, 0.16338314843750001
5, 1, 11, 300, 200, 1004, 0.0358903621843016, 0
5, 1, 11, 300, 200, 1005, 0.011963454061433867, 0
5, 1, 11, 300, 200, 200, 0, 0.11552933219176456
5, 1, 12, 300, 200, 1004, 0.025378318479760915, 0
5, 1, 12, 300, 200, 1005, 0.008459439493253638, 0
5, 1, 12, 300, 200, 200, 0, 0.08169157421875001
5, 1, 13, 300, 200, 1004, 0.0179451810921508, 0
5, 1, 13, 300, 200, 1005, 0.005981727030716933, 0
5, 1, 13, 300, 200, 200, 0, 0.05776466609588228
5, 1, 14, 300, 200, 1004, 0.012689159239880458, 0
5, 1, 14, 300, 200, 1005, 0.004229719746626819, 0
5, 1, 14, 300, 200, 200, 0, 0.040845787109375004
5, 1, 15, 300, 200, 1004, 0.0089725905460754, 0
5, 1, 15, 300, 200, 1005, 0.0029908635153584667, 0
5, 1, 15, 300, 200, 200, 0, 0.02888233304794114
5, 1, 16, 300, 200, 1004, 0.006344579619940229, 0
5, 1, 16, 300, 200, 1005, 0.0021148598733134096, 0
5, 1, 16, 300, 200, 200, 0, 0.020422893554687502
5, 1, 17, 300, 200, 1004, 0.0044862952730377, 0
5, 1, 17, 300, 200, 1005, 0.0014954317576792333, 0
5, 1, 17, 300, 200, 200, 0, 0.01444116652397057
5, 1, 18, 300, 200, 1004, 0.0031722898099701144, 0
5, 1, 18, 300, 200, 1005, 0.0010574299366567048, 0
5, 1, 18, 300, 200, 200, 0, 0.010211446777343751
5, 1, 19, 300, 200, 1004, 0.00224314763651885, 0
5, 1, 19, 300, 200, 1005, 0.0007477158788396167, 0
5, 1, 19, 300, 200, 200, 0, 0.007220583261985285
5, 1, 1, 300, 202, 1004, 2.7563798157543626, 0
5, 1, 1, 300, 202, 202, 0, 6.654489534245638
5, 1, 2, 300, 202, 1004, 1.9490548592456376, 0
5, 1, 2, 300, 202, 202, 0, 4.705434675
5, 1, 3, 300, 202, 1004, 1.3781899078771813, 0
5, 1, 3, 300, 202, 202, 0, 3.327244767122819
5, 1, 4, 300, 202, 1004, 0.9745274296228188, 0
5, 1, 4, 300, 202, 202, 0, 2.3527173375
5, 1, 5, 300, 202, 1004, 0.6890949539385907, 0
5, 1, 5, 300, 202, 202, 0, 1.6636223835614095
5, 1, 6, 300, 202, 1004, 0.4872637148114094, 0
5, 1, 6, 300, 202, 202, 0, 1.17635866875
5, 1, 7, 300, 202, 1004, 0.34454747696929533, 0
5, 1, 7, 300, 202, 202, 0, 0.8318111917807047
5, 1, 8, 300, 202, 1004, 0.2436318574057047, 0
5, 1, 8, 300, 202, 202, 0, 0.588179334375
5, 1, 9, 300, 202, 1004, 0.17227373848464766, 0
5, 1, 9, 300, 202, 202, 0, 0.41590559589035236
5, 1, 10, 300, 202, 1004, 0.12181592870285235, 0
5, 1, 10, 300, 202, 202, 0, 0.2940896671875
5, 1, 11, 300, 202, 1004, 0.08613686924232383, 0
5, 1, 11, 300, 202, 202, 0, 0.20795279794517618
5, 1, 12, 300, 202, 1004, 0.060907964351426175, 0
5, 1, 12, 300, 202, 202, 0, 0.14704483359375
5, 1, 13, 300, 202, 1004, 0.043068434621161916, 0
5, 1, 13, 300, 202, 202, 0, 0.10397639897258809
5, 1, 14, 300, 202, 1004, 0.030453982175713087, 0
5, 1, 14, 300, 202, 202, 0, 0.073522416796875
5, 1, 15, 300, 202, 1004, 0.021534217310580958, 0
5, 1, 15, 300, 202, 202, 0, 0.051988199486294046
5, 1, 16, 300, 202, 1004, 0.015226991087856544, 0
5, 1, 16, 300, 202, 202, 0, 0.0367612083984375
5, 1, 17, 300, 202, 1004, 0.010767108655290479, 0
5, 1, 17, 300, 202, 202, 0, 0.025994099743147023
5, 1, 18, 300, 202, 1004, 0.007613495543928272, 0
5, 1, 18, 300, 202, 202, 0, 0.01838060419921875
5, 1, 19, 300, 202, 1004, 0.0053835543276452395, 0
5, 1, 19, 300, 202, 202, 0, 0.012997049871573511
5, 1, 1, 301, 400, 1004, 2.067284861815772, 0
5, 1, 1, 301, 400, 1005, 0.6890949539385907, 0
5, 1, 1, 301, 400, 400, 0, 6.654489534245638
5, 1, 2, 301, 400, 1004, 1.4617911444342282, 0
5, 1, 2, 301, 400, 1005, 0.4872637148114094, 0
5, 1, 2, 301, 400, 400, 0, 4.705434675
5, 1, 3, 301, 400, 1004, 1.033642430907886, 0
5, 1, 3, 301, 400, 1005, 0.34454747696929533, 0
5, 1, 3, 301, 400, 400, 0, 3.327244767122819
5, 1, 4, 301, 400, 1004, 0.7308955722171141, 0
5, 1, 4, 301, 400, 1005, 0.2436318574057047, 0
5, 1, 4, 301, 400, 400, 0, 2.3527173375
5, 1, 5, 301, 400, 1004, 0.516821215453943, 0
5, 1, 5, 301, 400, 1005, 0.17227373848464766, 0
5, 1, 5, 301, 400, 400, 0, 1.6636223835614095
5, 1, 6, 301, 400, 1004, 0.36544778610855705, 0
5, 1, 6, 301, 400, 1005, 0.12181592870285235, 0
5, 1, 6, 301, 400, 400, 0, 1.17635866875
5, 1, 7, 301, 400, 1004, 0.2584106077269715, 0
5, 1, 7, 301, 400, 1005, 0.08613686924232383, 0
5, 1, 7, 301, 400, 400, 0, 0.8318111917807047
5, 1, 8, 301, 400, 1004, 0.18272389305427852, 0
5, 1, 8, 301, 400, 1005, 0.060907964351426175, 0
5, 1, 8, 301, 400, 400, 0, 0.588179334375
5, 1, 9, 301, 400, 1004, 0.12920530386348575, 0
5, 1, 9, 301, 400, 1005, 0.043068434621161916, 0
5, 1, 9, 301, 400, 400, 0, 0.41590559589035236
5, 1, 10, 301, 400, 1004, 0.09136194652713926, 0
5, 1, 10, 301, 400, 1005, 0.030453982175713087, 0
5, 1, 10, 301, 400, 400, 0, 0.2940896671875
5, 1, 11, 301, 400, 1004, 0.06460265193174287, 0
5, 1, 11, 301, 400, 1005, 0.021534217310580958, 0
5, 1, 11, 301, 400, 400, 0, 0.20795279794517618
5, 1, 12, 301, 400, 1004, 0.04568097326356963, 0
5, 1, 12, 301, 400, 1005, 0.015226991087856544, 0
5, 1, 12, 301, 400, 400, 0, 0.14704483359375
5, 1, 13, 301, 400, 1004, 0.03230132596587144, 0
5, 1, 13, 301, 400, 1005, 0.010767108655290479, 0
5, 1, 13, 301, 400, 400, 0, 0.10397639897258809
5, 1, 14, 301, 400, 1004, 0.022840486631784816, 0
5, 1, 14, 301, 400, 1005, 0.007613495543928272, 0
5, 1, 14, 301, 400, 400, 0, 0.073522416796875
5, 1, 15, 301, 400, 1004, 0.01615066298293572, 0
5, 1, 15, 301, 400, 1005, 0.0053835543276452395, 0
5, 1, 15, 301, 400, 400, 0, 0.051988199486294046
5, 1, 16, 301, 400, 1004, 0.011420243315892408, 0
5, 1, 16, 301, 400, 1005, 0.003806747771964136, 0
5, 1, 16, 301, 400, 400, 0, 0.0367612083984375
5, 1, 17, 301, 400, 1004, 0.00807533149146786, 0
5, 1, 17, 301, 400, 1005, 0.0026917771638226198, 0
5, 1, 17, 301, 400, 400, 0, 0.025994099743147023
5, 1, 18, 301, 400, 1004, 0.005710121657946204, 0
5, 1, 18, 301, 400, 1005, 0.001903373885982068, 0
5, 1, 18, 301, 400, 400, 0, 0.01838060419921875
5, 1, 19, 301, 400, 1004, 0.00403766574573393, 0
5, 1, 19, 301, 400, 1005, 0.0013458885819113099, 0
5, 1, 19, 301, 400, 400, 0, 0.012997049871573511
5, 2, 2, 300, 204, 1000, 0.0040679499841779435, 0
5, 2, 2, 300, 204, 1005, 0.0010169874960444859, 0
5, 2, 2, 300, 204, 204, 0, 0.6577020625197779
5, 2, 3, 300, 204, 1000, 0.0040367404532998035, 0
5, 2, 3, 300, 204, 1005, 0.0010091851133249509, 0
5, 2, 3, 300, 204, 204, 0, 0.6526561369531532
5, 2, 4, 300, 204, 1000, 0.004005770363619466, 0
5, 2, 4, 300, 204, 1005, 0.0010014425909048664, 0
5, 2, 4, 300, 204, 204, 0, 0.6476489239986288
5, 2, 5, 300, 204, 1000, 0.00397503787813136, 0
5, 2, 5, 300, 204, 1005, 0.00099375946953284, 0
5, 2, 5, 300, 204, 204, 0, 0.6426801266509646
5, 2, 6, 300, 204, 1000, 0.003944541173923621, 0
5, 2, 6, 300, 204, 1005, 0.0009861352934809053, 0
5, 2, 6, 300, 204, 204, 0, 0.6377494501835601
5, 2, 7, 300, 204, 1000, 0.003914278442069286, 0
5, 2, 7, 300, 204, 1005, 0.0009785696105173215, 0
5, 2, 7, 300, 204, 204, 0, 0.6328566021309735
5, 2, 8, 300, 204, 1000, 0.0038842478875197985, 0
5, 2, 8, 300, 204, 1005, 0.0009710619718799496, 0
5, 2, 8, 300, 204, 204, 0, 0.6280012922715738
5, 2, 9, 300, 204, 1000, 0.003854447728998789, 0
5, 2, 9, 300, 204, 1005, 0.0009636119322496972, 0
5, 2, 9, 300, 204, 204, 0, 0.6231832326103253
5, 2, 10, 300, 204, 1000, 0.003824876198895133, 0
5, 2, 10, 300, 204, 1005, 0.0009562190497237833, 0
5, 2, 10, 300, 204, 204, 0, 0.6184021373617063
5, 2, 11, 300, 204, 1000, 0.003795531543159747, 0
5, 2, 11, 300, 204, 1005, 0.0009488828857899368, 0
5, 2, 11, 300, 204, 204, 0, 0.6136577229327567
5, 2, 12, 300, 204, 1000, 0.0037664120211998945, 0
5, 2, 12, 300, 204, 1005, 0.0009416030052999736, 0
5, 2, 12, 300, 204, 204, 0, 0.6089497079062568
5, 2, 13, 300, 204, 1000, 0.003737515905777311, 0
5, 2, 13, 300, 204, 1005, 0.0009343789764443278, 0
5, 2, 13, 300, 204, 204, 0, 0.6042778130240352
5, 2, 14, 300, 204, 1000, 0.00370884148290509, 0
5, 2, 14, 300, 204, 1005, 0.0009272103707262725, 0
5, 2, 14, 300, 204, 204, 0, 0.5996417611704038
5, 2, 15, 300, 204, 1000, 0.0036803870517460703, 0
5, 2, 15, 300, 204, 1005, 0.0009200967629365176, 0
5, 2, 15, 300, 204, 204, 0, 0.5950412773557212
5, 2, 16, 300, 204, 1000, 0.0036521509245118545, 0
5, 2, 16, 300, 204, 1005, 0.0009130377311279636, 0
5, 2, 16, 300, 204, 204, 0, 0.5904760887000814
5, 2, 17, 300, 204, 1000, 0.003624131426363153, 0
5, 2, 17, 300, 204, 1005, 0.0009060328565907883, 0
5, 2, 17, 300, 204, 204, 0, 0.5859459244171275
5, 2, 18, 300, 204, 1000, 0.0035963268953099537, 0
5, 2, 18, 300, 204, 1005, 0.0008990817238274884, 0
5, 2, 18, 300, 204, 204, 0, 0.58145051579799
5, 2, 19, 300, 204, 1000, 0.0035687356821132, 0
5, 2, 19, 300, 204, 1005, 0.0008921839205283, 0
5, 2, 19, 300, 204, 204, 0, 0.5769895961953485
5, 2, 2, 300, 205, 1000, 0.00039022297188982536, 0
5, 2, 2, 300, 205, 1005, 9.755574297245634E-05, 0
5, 2, 2, 300, 205, 205, 0, 0.05253518128513775
5, 2, 3, 300, 205, 1000, 0.00038663315985860703, 0
5, 2, 3, 300, 205, 1005, 9.665828996465176E-05, 0
5, 2, 3, 300, 205, 205, 0, 0.05205188983531449
5, 2, 4, 300, 205, 1000, 0.0003830763718965902, 0
5, 2, 4, 300, 205, 1005, 9.576909297414754E-05, 0
5, 2, 4, 300, 205, 205, 0, 0.05157304437044375
5, 2, 5, 300, 205, 1000, 0.00037955230420256284, 0
5, 2, 5, 300, 205, 1005, 9.488807605064071E-05, 0
5, 2, 5, 300, 205, 205, 0, 0.05109860399019055
5, 2, 6, 300, 205, 1000, 0.0003760606557701274, 0
5, 2, 6, 300, 205, 1005, 9.401516394253185E-05, 0
5, 2, 6, 300, 205, 205, 0, 0.05062852817047789
5, 2, 7, 300, 205, 1000, 0.0003726011283619657, 0
5, 2, 7, 300, 205, 1005, 9.315028209049143E-05, 0
5, 2, 7, 300, 205, 205, 0, 0.05016277676002543
5, 2, 8, 300, 205, 1000, 0.00036917342648435384, 0
5, 2, 8, 300, 205, 1005, 9.229335662108846E-05, 0
5, 2, 8, 300, 205, 205, 0, 0.04970130997691999
5, 2, 9, 300, 205, 1000, 0.0003657772573619211, 0
5, 2, 9, 300, 205, 1005, 9.144431434048028E-05, 0
5, 2, 9, 300, 205, 205, 0, 0.04924408840521759
5, 2, 10, 300, 205, 1000, 0.00036241233091267037, 0
5, 2, 10, 300, 205, 1005, 9.060308272816759E-05, 0
5, 2, 10, 300, 205, 205, 0, 0.04879107299157675
5, 2, 11, 300, 205, 1000, 0.0003590783597231473, 0
5, 2, 11, 300, 205, 1005, 8.976958993078682E-05, 0
5, 2, 11, 300, 205, 205, 0, 0.048342225041922815
5, 2, 12, 300, 205, 1000, 0.0003557750590239717, 0
5, 2, 12, 300, 205, 1005, 8.894376475599293E-05, 0
5, 2, 12, 300, 205, 205, 0, 0.04789750621814285
5, 2, 13, 300, 205, 1000, 0.0003525021466654233, 0
5, 2, 13, 300, 205, 1005, 8.812553666635582E-05, 0
5, 2, 13, 300, 205, 205, 0, 0.04745687853481107
5, 2, 14, 300, 205, 1000, 0.00034925934309341103, 0
5, 2, 14, 300, 205, 1005, 8.731483577335276E-05, 0
5, 2, 14, 300, 205, 205, 0, 0.04702030435594431
5, 2, 15, 300, 205, 1000, 0.0003460463713255646, 0
5, 2, 15, 300, 205, 1005, 8.651159283139115E-05, 0
5, 2, 15, 300, 205, 205, 0, 0.04658774639178735
5, 2, 16, 300, 205, 1000, 0.0003428629569275754, 0
5, 2, 16, 300, 205, 1005, 8.571573923189385E-05, 0
5, 2, 16, 300, 205, 205, 0, 0.04615916769562788
5, 2, 17, 300, 205, 1000, 0.0003397088279897709, 0
5, 2, 17, 300, 205, 1005, 8.492720699744273E-05, 0
5, 2, 17, 300, 205, 205, 0, 0.04573453166064067
5, 2, 18, 300, 205, 1000, 0.00033658371510387753, 0
5, 2, 18, 300, 205, 1005, 8.414592877596938E-05, 0
5, 2, 18, 300, 205, 205, 0, 0.04531380201676082
5, 2, 19, 300, 205, 1000, 0.00033348735134001165, 0
5, 2, 19, 300, 205, 1005, 8.337183783500291E-05, 0
5, 2, 19, 300, 205, 205, 0, 0.04489694282758581
5, 2, 2, 300, 206, 1000, 0.004792045545371937, 0
5, 2, 2, 300, 206, 206, 0, 0.2603227544546282
5, 2, 3, 300, 206, 1000, 0.004705427595303069, 0
5, 2, 3, 300, 206, 206, 0, 0.25561732685932514
5, 2, 4, 300, 206, 1000, 0.004620375295894874, 0
5, 2, 4, 300, 206, 206, 0, 0.25099695156343027
5, 2, 5, 300, 206, 1000, 0.004536860347447491, 0
5, 2, 5, 300, 206, 206, 0, 0.24646009121598278
5, 2, 6, 300, 206, 1000, 0.004454854961788296, 0
5, 2, 6, 300, 206, 206, 0, 0.24200523625419448
5, 2, 7, 300, 206, 1000, 0.004374331853025937, 0
5, 2, 7, 300, 206, 206, 0, 0.23763090440116855
5, 2, 8, 300, 206, 1000, 0.0042952642284712905, 0
5, 2, 8, 300, 206, 206, 0, 0.23333564017269726
5, 2, 9, 300, 206, 1000, 0.004217625779722928, 0
5, 2, 9, 300, 206, 206, 0, 0.22911801439297433
5, 2, 10, 300, 206, 1000, 0.004141390673913031, 0
5, 2, 10, 300, 206, 206, 0, 0.2249766237190613
5, 2, 11, 300, 206, 1000, 0.0040665335451123275, 0
5, 2, 11, 300, 206, 206, 0, 0.22091009017394897
5, 2, 12, 300, 206, 1000, 0.003993029485889837, 0
5, 2, 12, 300, 206, 206, 0, 0.21691706068805913
5, 2, 13, 300, 206, 1000, 0.003920854039025284, 0
5, 2, 13, 300, 206, 206, 0, 0.21299620664903385
5, 2, 14, 300, 206, 1000, 0.0038499831893716585, 0
5, 2, 14, 300, 206, 206, 0, 0.2091462234596622
5, 2, 15, 300, 206, 1000, 0.003780393355864081, 0
5, 2, 15, 300, 206, 206, 0, 0.2053658301037981
5, 2, 16, 300, 206, 1000, 0.00371206138367422, 0
5, 2, 16, 300, 206, 206, 0, 0.2016537687201239
5, 2, 17, 300, 206, 1000, 0.0036449645365054517, 0
5, 2, 17, 300, 206, 206, 0, 0.19800880418361844
5, 2, 18, 300, 206, 1000, 0.003579080489027886, 0
5, 2, 18, 300, 206, 206, 0, 0.19442972369459055
5, 2, 19, 300, 206, 1000, 0.0035143873194501407, 0
5, 2, 19, 300, 206, 206, 0, 0.1909153363751404
5, 2, 2, 300, 207, 1000, 0.015138076001371514, 0
5, 2, 2, 300, 207, 207, 0, 0.6476489239986288
5, 2, 3, 300, 207, 1000, 0.014792321867655334, 0
5, 2, 3, 300, 207, 207, 0, 0.6328566021309735
5, 2, 4, 300, 207, 1000, 0.01445446476926715, 0
5, 2, 4, 300, 207, 207, 0, 0.6184021373617063
5, 2, 5, 300, 207, 1000, 0.01412432433767119, 0
5, 2, 5, 300, 207, 207, 0, 0.6042778130240352
5, 2, 6, 300, 207, 1000, 0.013801724323953768, 0
5, 2, 6, 300, 207, 207, 0, 0.5904760887000814
5, 2, 7, 300, 207, 1000, 0.013486492504732883, 0
5, 2, 7, 300, 207, 207, 0, 0.5769895961953485
5, 2, 8, 300, 207, 1000, 0.013178460590213437, 0
5, 2, 8, 300, 207, 207, 0, 0.5638111356051351
5, 2, 9, 300, 207, 1000, 0.012877464134344874, 0
5, 2, 9, 300, 207, 207, 0, 0.5509336714707902
5, 2, 10, 300, 207, 1000, 0.012583342447029633, 0
5, 2, 10, 300, 207, 207, 0, 0.5383503290237606
5, 2, 11, 300, 207, 1000, 0.012295938508336768, 0
5, 2, 11, 300, 207, 207, 0, 0.5260543905154238
5, 2, 12, 300, 207, 1000, 0.012015098884675779, 0
5, 2, 12, 300, 207, 207, 0, 0.514039291630748
5, 2, 13, 300, 207, 1000, 0.011740673646884137, 0
5, 2, 13, 300, 207, 207, 0, 0.5022986179838639
5, 2, 14, 300, 207, 1000, 0.011472516290186141, 0
5, 2, 14, 300, 207, 207, 0, 0.49082610169367774
5, 2, 15, 300, 207, 1000, 0.011210483655979542, 0
5, 2, 15, 300, 207, 207, 0, 0.4796156180376982
5, 2, 16, 300, 207, 1000, 0.010954435855409672, 0
5, 2, 16, 300, 207, 207, 0, 0.4686611821822885
5, 2, 17, 300, 207, 1000, 0.010704236194687133, 0
5, 2, 17, 300, 207, 207, 0, 0.4579569459876014
5, 2, 18, 300, 207, 1000, 0.010459751102113057, 0
5, 2, 18, 300, 207, 207, 0, 0.44749719488548834
5, 2, 19, 300, 207, 1000, 0.01022085005677098, 0
5, 2, 19, 300, 207, 207, 0, 0.43727634482871736
5, 2, 2, 300, 208, 1000, 0.0015608918875593015, 0
5, 2, 2, 300, 208, 1005, 0.00039022297188982536, 0
5, 2, 2, 300, 208, 208, 0, 0.210140725140551
5, 2, 3, 300, 208, 1000, 0.0015465326394344281, 0
5, 2, 3, 300, 208, 1005, 0.00038663315985860703, 0
5, 2, 3, 300, 208, 208, 0, 0.20820755934125795
5, 2, 4, 300, 208, 1000, 0.0015323054875863607, 0
5, 2, 4, 300, 208, 1005, 0.0003830763718965902, 0
5, 2, 4, 300, 208, 208, 0, 0.206292177481775
5, 2, 5, 300, 208, 1000, 0.0015182092168102514, 0
5, 2, 5, 300, 208, 1005, 0.00037955230420256284, 0
5, 2, 5, 300, 208, 208, 0, 0.2043944159607622
5, 2, 6, 300, 208, 1000, 0.0015042426230805095, 0
5, 2, 6, 300, 208, 1005, 0.0003760606557701274, 0
5, 2, 6, 300, 208, 208, 0, 0.20251411268191155
5, 2, 7, 300, 208, 1000, 0.0014904045134478629, 0
5, 2, 7, 300, 208, 1005, 0.0003726011283619657, 0
5, 2, 7, 300, 208, 208, 0, 0.20065110704010172
5, 2, 8, 300, 208, 1000, 0.0014766937059374154, 0
5, 2, 8, 300, 208, 1005, 0.00036917342648435384, 0
5, 2, 8, 300, 208, 208, 0, 0.19880523990767995
5, 2, 9, 300, 208, 1000, 0.0014631090294476845, 0
5, 2, 9, 300, 208, 1005, 0.0003657772573619211, 0
5, 2, 9, 300, 208, 208, 0, 0.19697635362087035
5, 2, 10, 300, 208, 1000, 0.0014496493236506815, 0
5, 2, 10, 300, 208, 1005, 0.00036241233091267037, 0
5, 2, 10, 300, 208, 208, 0, 0.195164291966307
5, 2, 11, 300, 208, 1000, 0.0014363134388925892, 0
5, 2, 11, 300, 208, 1005, 0.0003590783597231473, 0
5, 2, 11, 300, 208, 208, 0, 0.19336890016769126
5, 2, 12, 300, 208, 1000, 0.0014231002360958868, 0
5, 2, 12, 300, 208, 1005, 0.0003557750590239717, 0
5, 2, 12, 300, 208, 208, 0, 0.1915900248725714
5, 2, 13, 300, 208, 1000, 0.001410008586661693, 0
5, 2, 13, 300, 208, 1005, 0.0003525021466654233, 0
5, 2, 13, 300, 208, 208, 0, 0.18982751413924429
5, 2, 14, 300, 208, 1000, 0.0013970373723736441, 0
5, 2, 14, 300, 208, 1005, 0.00034925934309341103, 0
5, 2, 14, 300, 208, 208, 0, 0.18808121742377723
5, 2, 15, 300, 208, 1000, 0.0013841854853022585, 0
5, 2, 15, 300, 208, 1005, 0.0003460463713255646, 0
5, 2, 15, 300, 208, 208, 0, 0.1863509855671494
5, 2, 16, 300, 208, 1000, 0.0013714518277103017, 0
5, 2, 16, 300, 208, 1005, 0.0003428629569275754, 0
5, 2, 16, 300, 208, 208, 0, 0.18463667078251153
5, 2, 17, 300, 208, 1000, 0.0013588353119590836, 0
5, 2, 17, 300, 208, 1005, 0.0003397088279897709, 0
5, 2, 17, 300, 208, 208, 0, 0.18293812664256268
5, 2, 18, 300, 208, 1000, 0.0013463348604155101, 0
5, 2, 18, 300, 208, 1005, 0.00033658371510387753, 0
5, 2, 18, 300, 208, 208, 0, 0.1812552080670433
5, 2, 19, 300, 208, 1000, 0.0013339494053600466, 0
5, 2, 19, 300, 208, 1005, 0.00033348735134001165, 0
5, 2, 19, 300, 208, 208, 0, 0.17958777131034323
5, 2, 2, 300, 209, 1000, 0.4215718524062009, 0
5, 2, 2, 300, 209, 209, 0, 1.0177644835937993
5, 2, 3, 300, 209, 1000, 0.29809631559379923, 0
5, 2, 3, 300, 209, 209, 0, 0.7196681680000001
5, 2, 4, 300, 209, 1000, 0.21078592620310044, 0
5, 2, 4, 300, 209, 209, 0, 0.5088822417968997
5, 2, 5, 300, 209, 1000, 0.14904815779689962, 0
5, 2, 5, 300, 209, 209, 0, 0.35983408400000005
5, 2, 6, 300, 209, 1000, 0.10539296310155022, 0
5, 2, 6, 300, 209, 209, 0, 0.25444112089844984
5, 2, 7, 300, 209, 1000, 0.07452407889844981, 0
5, 2, 7, 300, 209, 209, 0, 0.17991704200000003
5, 2, 8, 300, 209, 1000, 0.05269648155077511, 0
5, 2, 8, 300, 209, 209, 0, 0.12722056044922492
5, 2, 9, 300, 209, 1000, 0.037262039449224904, 0
5, 2, 9, 300, 209, 209, 0, 0.08995852100000001
5, 2, 10, 300, 209, 1000, 0.026348240775387555, 0
5, 2, 10, 300, 209, 209, 0, 0.06361028022461246
5, 2, 11, 300, 209, 1000, 0.018631019724612452, 0
5, 2, 11, 300, 209, 209, 0, 0.04497926050000001
5, 2, 12, 300, 209, 1000, 0.013174120387693777, 0
5, 2, 12, 300, 209, 209, 0, 0.03180514011230623
5, 2, 13, 300, 209, 1000, 0.009315509862306226, 0
5, 2, 13, 300, 209, 209, 0, 0.022489630250000003
5, 2, 14, 300, 209, 1000, 0.006587060193846889, 0
5, 2, 14, 300, 209, 209, 0, 0.015902570056153115
5, 2, 15, 300, 209, 1000, 0.004657754931153113, 0
5, 2, 15, 300, 209, 209, 0, 0.011244815125000002
5, 2, 16, 300, 209, 1000, 0.0032935300969234443, 0
5, 2, 16, 300, 209, 209, 0, 0.007951285028076557
5, 2, 17, 300, 209, 1000, 0.0023288774655765565, 0
5, 2, 17, 300, 209, 209, 0, 0.005622407562500001
5, 2, 18, 300, 209, 1000, 0.0016467650484617222, 0
5, 2, 18, 300, 209, 209, 0, 0.003975642514038279
5, 2, 19, 300, 209, 1000, 0.0011644387327882783, 0
5, 2, 19, 300, 209, 209, 0, 0.0028112037812500004
5, 2, 2, 300, 210, 1000, 0.0067088637635207005, 0
5, 2, 2, 300, 210, 210, 0, 0.3644518562364795
5, 2, 3, 300, 210, 1000, 0.006587598633424285, 0
5, 2, 3, 300, 210, 210, 0, 0.35786425760305524
5, 2, 4, 300, 210, 1000, 0.006468525414252857, 0
5, 2, 4, 300, 210, 210, 0, 0.3513957321888024
5, 2, 5, 300, 210, 1000, 0.006351604486426465, 0
5, 2, 5, 300, 210, 210, 0, 0.3450441277023759
5, 2, 6, 300, 210, 1000, 0.006236796946503642, 0
5, 2, 6, 300, 210, 210, 0, 0.33880733075587227
5, 2, 7, 300, 210, 1000, 0.0061240645942363114, 0
5, 2, 7, 300, 210, 210, 0, 0.33268326616163596
5, 2, 8, 300, 210, 1000, 0.00601336991985979, 0
5, 2, 8, 300, 210, 210, 0, 0.32666989624177617
5, 2, 9, 300, 210, 1000, 0.005904676091612104, 0
5, 2, 9, 300, 210, 210, 0, 0.32076522015016407
5, 2, 10, 300, 210, 1000, 0.005797946943478238, 0
5, 2, 10, 300, 210, 210, 0, 0.3149672732066858
5, 2, 11, 300, 210, 1000, 0.005693146963157258, 0
5, 2, 11, 300, 210, 210, 0, 0.30927412624352857
5, 2, 12, 300, 210, 1000, 0.005590241280245767, 0
5, 2, 12, 300, 210, 210, 0, 0.3036838849632828
5, 2, 13, 300, 210, 1000, 0.005489195654635404, 0
5, 2, 13, 300, 210, 210, 0, 0.2981946893086474
5, 2, 14, 300, 210, 1000, 0.00538997646512035, 0
5, 2, 14, 300, 210, 210, 0, 0.29280471284352705
5, 2, 15, 300, 210, 1000, 0.005292550698209664, 0
5, 2, 15, 300, 210, 210, 0, 0.2875121621453174
5, 2, 16, 300, 210, 1000, 0.005196885937143958, 0
5, 2, 16, 300, 210, 210, 0, 0.2823152762081734
5, 2, 17, 300, 210, 1000, 0.0051029503511075824, 0
5, 2, 17, 300, 210, 210, 0, 0.27721232585706584
5, 2, 18, 300, 210, 1000, 0.005010712684639096, 0
5, 2, 18, 300, 210, 210, 0, 0.27220161317242675
5, 2, 19, 300, 210, 1000, 0.004920142247230197, 0
5, 2, 19, 300, 210, 210, 0, 0.26728147092519655
5, 2, 2, 301, 204, 1000, 0.016271799936711774, 0
5, 2, 2, 301, 204, 1005, 0.0040679499841779435, 0
5, 2, 2, 301, 204, 204, 0, 2.6308082500791117
5, 2, 3, 301, 204, 1000, 0.016146961813199214, 0
5, 2, 3, 301, 204, 1005, 0.0040367404532998035, 0
5, 2, 3, 301, 204, 204, 0, 2.6106245478126127
5, 2, 4, 301, 204, 1000, 0.016023081454477863, 0
5, 2, 4, 301, 204, 1005, 0.004005770363619466, 0
5, 2, 4, 301, 204, 204, 0, 2.5905956959945153
5, 2, 5, 301, 204, 1000, 0.01590015151252544, 0
5, 2, 5, 301, 204, 1005, 0.00397503787813136, 0
5, 2, 5, 301, 204, 204, 0, 2.5707205066038585
5, 2, 6, 301, 204, 1000, 0.015778164695694485, 0
5, 2, 6, 301, 204, 1005, 0.003944541173923621, 0
5, 2, 6, 301, 204, 204, 0, 2.5509978007342404
5, 2, 7, 301, 204, 1000, 0.015657113768277144, 0
5, 2, 7, 301, 204, 1005, 0.003914278442069286, 0
5, 2, 7, 301, 204, 204, 0, 2.531426408523894
5, 2, 8, 301, 204, 1000, 0.015536991550079194, 0
5, 2, 8, 301, 204, 1005, 0.0038842478875197985, 0
5, 2, 8, 301, 204, 204, 0, 2.512005169086295
5, 2, 9, 301, 204, 1000, 0.015417790915995155, 0
5, 2, 9, 301, 204, 1005, 0.003854447728998789, 0
5, 2, 9, 301, 204, 204, 0, 2.492732930441301
5, 2, 10, 301, 204, 1000, 0.015299504795580532, 0
5, 2, 10, 301, 204, 1005, 0.003824876198895133, 0
5, 2, 10, 301, 204, 204, 0, 2.4736085494468254
5, 2, 11, 301, 204, 1000, 0.015182126172638989, 0
5, 2, 11, 301, 204, 1005, 0.003795531543159747, 0
5, 2, 11, 301, 204, 204, 0, 2.4546308917310267
5, 2, 12, 301, 204, 1000, 0.015065648084799578, 0
5, 2, 12, 301, 204, 1005, 0.0037664120211998945, 0
5, 2, 12, 301, 204, 204, 0, 2.435798831625027
5, 2, 13, 301, 204, 1000, 0.014950063623109244, 0
5, 2, 13, 301, 204, 1005, 0.003737515905777311, 0
5, 2, 13, 301, 204, 204, 0, 2.4171112520961406
5, 2, 14, 301, 204, 1000, 0.01483536593162036, 0
5, 2, 14, 301, 204, 1005, 0.00370884148290509, 0
5, 2, 14, 301, 204, 204, 0, 2.398567044681615
5, 2, 15, 301, 204, 1000, 0.014721548206984281, 0
5, 2, 15, 301, 204, 1005, 0.0036803870517460703, 0
5, 2, 15, 301, 204, 204, 0, 2.380165109422885
5, 2, 16, 301, 204, 1000, 0.014608603698047418, 0
5, 2, 16, 301, 204, 1005, 0.0036521509245118545, 0
5, 2, 16, 301, 204, 204, 0, 2.3619043548003256
5, 2, 17, 301, 204, 1000, 0.014496525705452613, 0
5, 2, 17, 301, 204, 1005, 0.003624131426363153, 0
5, 2, 17, 301, 204, 204, 0, 2.34378369766851
5, 2, 18, 301, 204, 1000, 0.014385307581239815, 0
5, 2, 18, 301, 204, 1005, 0.0035963268953099537, 0
5, 2, 18, 301, 204, 204, 0, 2.32580206319196
5, 2, 19, 301, 204, 1000, 0.0142749427284528, 0
5, 2, 19, 301, 204, 1005, 0.0035687356821132, 0
5, 2, 19, 301, 204, 204, 0, 2.307958384781394
5, 2, 2, 301, 205, 1000, 0.0015608918875593015, 0
5, 2, 2, 301, 205, 1005, 0.00039022297188982536, 0
5, 2, 2, 301, 205, 205, 0, 0.210140725140551
5, 2, 3, 301, 205, 1000, 0.0015465326394344281, 0
5, 2, 3, 301, 205, 1005, 0.00038663315985860703, 0
5, 2, 3, 301, 205, 205, 0, 0.20820755934125795
5, 2, 4, 301, 205, 1000, 0.0015323054875863607, 0
5, 2, 4, 301, 205, 1005, 0.0003830763718965902, 0
5, 2, 4, 301, 205, 205, 0, 0.206292177481775
5, 2, 5, 301, 205, 1000, 0.0015182092168102514, 0
5, 2, 5, 301, 205, 1005, 0.00037955230420256284, 0
5, 2, 5, 301, 205, 205, 0, 0.2043944159607622
5, 2, 6, 301, 205, 1000, 0.0015042426230805095, 0
5, 2, 6, 301, 205, 1005, 0.0003760606557701274, 0
5, 2, 6, 301, 205, 205, 0, 0.20251411268191155
5, 2, 7, 301, 205, 1000, 0.0014904045134478629, 0
5, 2, 7, 301, 205, 1005, 0.0003726011283619657, 0
5, 2, 7, 301, 205, 205, 0, 0.20065110704010172
5, 2, 8, 301, 205, 1000, 0.0014766937059374154, 0
5, 2, 8, 301, 205, 1005, 0.00036917342648435384, 0
5, 2, 8, 301, 205, 205, 0, 0.19880523990767995
5, 2, 9, 301, 205, 1000, 0.0014631090294476845, 0
5, 2, 9, 301, 205, 1005, 0.0003657772573619211, 0
5, 2, 9, 301, 205, 205, 0, 0.19697635362087035
5, 2, 10, 301, 205, 1000, 0.0014496493236506815, 0
5, 2, 10, 301, 205, 1005, 0.00036241233091267037, 0
5, 2, 10, 301, 205, 205, 0, 0.195164291966307
5, 2, 11, 301, 205, 1000, 0.0014363134388925892, 0
5, 2, 11, 301, 205, 1005, 0.0003590783597231473, 0
5, 2, 11, 301, 205, 205, 0, 0.19336890016769126
5, 2, 12, 301, 205, 1000, 0.0014231002360958868, 0
5, 2, 12, 301, 205, 1005, 0.0003557750590239717, 0
5, 2, 12, 301, 205, 205, 0, 0.1915900248725714
5, 2, 13, 301, 205, 1000, 0.001410008586661693, 0
5, 2, 13, 301, 205, 1005, 0.0003525021466654233, 0
5, 2, 13, 301, 205, 205, 0, 0.18982751413924429
5, 2, 14, 301, 205, 1000, 0.0013970373723736441, 0
5, 2, 14, 301, 205, 1005, 0.00034925934309341103, 0
5, 2, 14, 301, 205, 205, 0, 0.18808121742377723
5, 2, 15, 301, 205, 1000, 0.0013841854853022585, 0
5, 2, 15, 301, 205, 1005, 0.0003460463713255646, 0
5, 2, 15, 301, 205, 205, 0, 0.1863509855671494
5, 2, 16, 301, 205, 1000, 0.0013714518277103017, 0
5, 2, 16, 301, 205, 1005, 0.0003428629569275754, 0
5, 2, 16, 301, 205, 205, 0, 0.18463667078251153
5, 2, 17, 301, 205, 1000, 0.0013588353119590836, 0
5, 2, 17, 301, 205, 1005, 0.0003397088279897709, 0
5, 2, 17, 301, 205, 205, 0, 0.18293812664256268
5, 2, 18, 301, 205, 1000, 0.0013463348604155101, 0
5, 2, 18, 301, 205, 1005, 0.00033658371510387753, 0
5, 2, 18, 301, 205, 205, 0, 0.1812552080670433
5, 2, 19, 301, 205, 1000, 0.0013339494053600466, 0
5, 2, 19, 301, 205, 1005, 0.00033348735134001165, 0
5, 2, 19, 301, 205, 205, 0, 0.17958777131034323
5, 2, 2, 301, 206, 1000, 0.019168182181487747, 0
5, 2, 2, 301, 206, 206, 0, 1.0412910178185129
5, 2, 3, 301, 206, 1000, 0.018821710381212275, 0
5, 2, 3, 301, 206, 206, 0, 1.0224693074373006
5, 2, 4, 301, 206, 1000, 0.018481501183579496, 0
5, 2, 4, 301, 206, 206, 0, 1.003987806253721
5, 2, 5, 301, 206, 1000, 0.018147441389789964, 0
5, 2, 5, 301, 206, 206, 0, 0.9858403648639311
5, 2, 6, 301, 206, 1000, 0.017819419847153184, 0
5, 2, 6, 301, 206, 206, 0, 0.9680209450167779
5, 2, 7, 301, 206, 1000, 0.017497327412103747, 0
5, 2, 7, 301, 206, 206, 0, 0.9505236176046742
5, 2, 8, 301, 206, 1000, 0.017181056913885162, 0
5, 2, 8, 301, 206, 206, 0, 0.933342560690789
5, 2, 9, 301, 206, 1000, 0.01687050311889171, 0
5, 2, 9, 301, 206, 206, 0, 0.9164720575718973
5, 2, 10, 301, 206, 1000, 0.016565562695652125, 0
5, 2, 10, 301, 206, 206, 0, 0.8999064948762452
5, 2, 11, 301, 206, 1000, 0.01626613418044931, 0
5, 2, 11, 301, 206, 206, 0, 0.8836403606957959
5, 2, 12, 301, 206, 1000, 0.01597211794355935, 0
5, 2, 12, 301, 206, 206, 0, 0.8676682427522365
5, 2, 13, 301, 206, 1000, 0.015683416156101138, 0
5, 2, 13, 301, 206, 206, 0, 0.8519848265961354
5, 2, 14, 301, 206, 1000, 0.015399932757486634, 0
5, 2, 14, 301, 206, 206, 0, 0.8365848938386488
5, 2, 15, 301, 206, 1000, 0.015121573423456325, 0
5, 2, 15, 301, 206, 206, 0, 0.8214633204151924
5, 2, 16, 301, 206, 1000, 0.01484824553469688, 0
5, 2, 16, 301, 206, 206, 0, 0.8066150748804956
5, 2, 17, 301, 206, 1000, 0.014579858146021807, 0
5, 2, 17, 301, 206, 206, 0, 0.7920352167344737
5, 2, 18, 301, 206, 1000, 0.014316321956111544, 0
5, 2, 18, 301, 206, 206, 0, 0.7777188947783622
5, 2, 19, 301, 206, 1000, 0.014057549277800563, 0
5, 2, 19, 301, 206, 206, 0, 0.7636613455005616
5, 2, 2, 301, 207, 1000, 0.06055230400548606, 0
5, 2, 2, 301, 207, 207, 0, 2.5905956959945153
5, 2, 3, 301, 207, 1000, 0.059169287470621335, 0
5, 2, 3, 301, 207, 207, 0, 2.531426408523894
5, 2, 4, 301, 207, 1000, 0.0578178590770686, 0
5, 2, 4, 301, 207, 207, 0, 2.4736085494468254
5, 2, 5, 301, 207, 1000, 0.05649729735068476, 0
5, 2, 5, 301, 207, 207, 0, 2.4171112520961406
5, 2, 6, 301, 207, 1000, 0.05520689729581507, 0
5, 2, 6, 301, 207, 207, 0, 2.3619043548003256
5, 2, 7, 301, 207, 1000, 0.05394597001893153, 0
5, 2, 7, 301, 207, 207, 0, 2.307958384781394
5, 2, 8, 301, 207, 1000, 0.052713842360853747, 0
5, 2, 8, 301, 207, 207, 0, 2.2552445424205403
5, 2, 9, 301, 207, 1000, 0.051509856537379495, 0
5, 2, 9, 301, 207, 207, 0, 2.203734685883161
5, 2, 10, 301, 207, 1000, 0.05033336978811853, 0
5, 2, 10, 301, 207, 207, 0, 2.1534013160950423
5, 2, 11, 301, 207, 1000, 0.04918375403334707, 0
5, 2, 11, 301, 207, 207, 0, 2.104217562061695
5, 2, 12, 301, 207, 1000, 0.048060395538703116, 0
5, 2, 12, 301, 207, 207, 0, 2.056157166522992
5, 2, 13, 301, 207, 1000, 0.046962694587536546, 0
5, 2, 13, 301, 207, 207, 0, 2.0091944719354555
5, 2, 14, 301, 207, 1000, 0.045890065160744564, 0
5, 2, 14, 301, 207, 207, 0, 1.963304406774711
5, 2, 15, 301, 207, 1000, 0.04484193462391817, 0
5, 2, 15, 301, 207, 207, 0, 1.9184624721507928
5, 2, 16, 301, 207, 1000, 0.04381774342163869, 0
5, 2, 16, 301, 207, 207, 0, 1.874644728729154
5, 2, 17, 301, 207, 1000, 0.042816944778748534, 0
5, 2, 17, 301, 207, 207, 0, 1.8318277839504056
5, 2, 18, 301, 207, 1000, 0.04183900440845223, 0
5, 2, 18, 301, 207, 207, 0, 1.7899887795419533
5, 2, 19, 301, 207, 1000, 0.04088340022708392, 0
5, 2, 19, 301, 207, 207, 0, 1.7491053793148694
5, 2, 2, 301, 208, 1000, 0.006243567550237206, 0
5, 2, 2, 301, 208, 1005, 0.0015608918875593015, 0
5, 2, 2, 301, 208, 208, 0, 0.840562900562204
5, 2, 3, 301, 208, 1000, 0.0061861305577377125, 0
5, 2, 3, 301, 208, 1005, 0.0015465326394344281, 0
5, 2, 3, 301, 208, 208, 0, 0.8328302373650318
5, 2, 4, 301, 208, 1000, 0.006129221950345443, 0
5, 2, 4, 301, 208, 1005, 0.0015323054875863607, 0
5, 2, 4, 301, 208, 208, 0, 0.8251687099271
5, 2, 5, 301, 208, 1000, 0.006072836867241005, 0
5, 2, 5, 301, 208, 1005, 0.0015182092168102514, 0
5, 2, 5, 301, 208, 208, 0, 0.8175776638430488
5, 2, 6, 301, 208, 1000, 0.006016970492322038, 0
5, 2, 6, 301, 208, 1005, 0.0015042426230805095, 0
5, 2, 6, 301, 208, 208, 0, 0.8100564507276462
5, 2, 7, 301, 208, 1000, 0.0059616180537914515, 0
5, 2, 7, 301, 208, 1005, 0.0014904045134478629, 0
5, 2, 7, 301, 208, 208, 0, 0.8026044281604069
5, 2, 8, 301, 208, 1000, 0.005906774823749661, 0
5, 2, 8, 301, 208, 1005, 0.0014766937059374154, 0
5, 2, 8, 301, 208, 208, 0, 0.7952209596307198
5, 2, 9, 301, 208, 1000, 0.005852436117790738, 0
5, 2, 9, 301, 208, 1005, 0.0014631090294476845, 0
5, 2, 9, 301, 208, 208, 0, 0.7879054144834814
5, 2, 10, 301, 208, 1000, 0.005798597294602726, 0
5, 2, 10, 301, 208, 1005, 0.0014496493236506815, 0
5, 2, 10, 301, 208, 208, 0, 0.780657167865228
5, 2, 11, 301, 208, 1000, 0.005745253755570357, 0
5, 2, 11, 301, 208, 1005, 0.0014363134388925892, 0
5, 2, 11, 301, 208, 208, 0, 0.773475600670765
5, 2, 12, 301, 208, 1000, 0.005692400944383547, 0
5, 2, 12, 301, 208, 1005, 0.0014231002360958868, 0
5, 2, 12, 301, 208, 208, 0, 0.7663600994902856
5, 2, 13, 301, 208, 1000, 0.005640034346646772, 0
5, 2, 13, 301, 208, 1005, 0.001410008586661693, 0
5, 2, 13, 301, 208, 208, 0, 0.7593100565569771
5, 2, 14, 301, 208, 1000, 0.0055881494894945765, 0
5, 2, 14, 301, 208, 1005, 0.0013970373723736441, 0
5, 2, 14, 301, 208, 208, 0, 0.7523248696951089
5, 2, 15, 301, 208, 1000, 0.005536741941209034, 0
5, 2, 15, 301, 208, 1005, 0.0013841854853022585, 0
5, 2, 15, 301, 208, 208, 0, 0.7454039422685976
5, 2, 16, 301, 208, 1000, 0.005485807310841207, 0
5, 2, 16, 301, 208, 1005, 0.0013714518277103017, 0
5, 2, 16, 301, 208, 208, 0, 0.7385466831300461
5, 2, 17, 301, 208, 1000, 0.005435341247836335, 0
5, 2, 17, 301, 208, 1005, 0.0013588353119590836, 0
5, 2, 17, 301, 208, 208, 0, 0.7317525065702507
5, 2, 18, 301, 208, 1000, 0.0053853394416620405, 0
5, 2, 18, 301, 208, 1005, 0.0013463348604155101, 0
5, 2, 18, 301, 208, 208, 0, 0.7250208322681732
5, 2, 19, 301, 208, 1000, 0.005335797621440186, 0
5, 2, 19, 301, 208, 1005, 0.0013339494053600466, 0
5, 2, 19, 301, 208, 208, 0, 0.7183510852413729
5, 2, 2, 301, 209, 1000, 1.6862874096248035, 0
5, 2, 2, 301, 209, 209, 0, 4.071057934375197
5, 2, 3, 301, 209, 1000, 1.192385262375197, 0
5, 2, 3, 301, 209, 209, 0, 2.8786726720000004
5, 2, 4, 301, 209, 1000, 0.8431437048124018, 0
5, 2, 4, 301, 209, 209, 0, 2.0355289671875987
5, 2, 5, 301, 209, 1000, 0.5961926311875985, 0
5, 2, 5, 301, 209, 209, 0, 1.4393363360000002
5, 2, 6, 301, 209, 1000, 0.4215718524062009, 0
5, 2, 6, 301, 209, 209, 0, 1.0177644835937993
5, 2, 7, 301, 209, 1000, 0.29809631559379923, 0
5, 2, 7, 301, 209, 209, 0, 0.7196681680000001
5, 2, 8, 301, 209, 1000, 0.21078592620310044, 0
5, 2, 8, 301, 209, 209, 0, 0.5088822417968997
5, 2, 9, 301, 209, 1000, 0.14904815779689962, 0
5, 2, 9, 301, 209, 209, 0, 0.35983408400000005
5, 2, 10, 301, 209, 1000, 0.10539296310155022, 0
5, 2, 10, 301, 209, 209, 0, 0.25444112089844984
5, 2, 11, 301, 209, 1000, 0.07452407889844981, 0
5, 2, 11, 301, 209, 209, 0, 0.17991704200000003
5, 2, 12, 301, 209, 1000, 0.05269648155077511, 0
5, 2, 12, 301, 209, 209, 0, 0.12722056044922492
5, 2, 13, 301, 209, 1000, 0.037262039449224904, 0
5, 2, 13, 301, 209, 209, 0, 0.08995852100000001
5, 2, 14, 301, 209, 1000, 0.026348240775387555, 0
5, 2, 14, 301, 209, 209, 0, 0.06361028022461246
5, 2, 15, 301, 209, 1000, 0.018631019724612452, 0
5, 2, 15, 301, 209, 209, 0, 0.04497926050000001
5, 2, 16, 301, 209, 1000, 0.013174120387693777, 0
5, 2, 16, 301, 209, 209, 0, 0.03180514011230623
5, 2, 17, 301, 209, 1000, 0.009315509862306226, 0
5, 2, 17, 301, 209, 209, 0, 0.022489630250000003
5, 2, 18, 301, 209, 1000, 0.006587060193846889, 0
5, 2, 18, 301, 209, 209, 0, 0.015902570056153115
5, 2, 19, 301, 209, 1000, 0.004657754931153113, 0
5, 2, 19, 301, 209, 209, 0, 0.011244815125000002
5, 2, 2, 301, 210, 1000, 0.026835455054082802, 0
5, 2, 2, 301, 210, 210, 0, 1.457807424945918
5, 2, 3, 301, 210, 1000, 0.02635039453369714, 0
5, 2, 3, 301, 210, 210, 0, 1.431457030412221
5, 2, 4, 301, 210, 1000, 0.025874101657011428, 0
5, 2, 4, 301, 210, 210, 0, 1.4055829287552095
5, 2, 5, 301, 210, 1000, 0.02540641794570586, 0
5, 2, 5, 301, 210, 210, 0, 1.3801765108095037
5, 2, 6, 301, 210, 1000, 0.02494718778601457, 0
5, 2, 6, 301, 210, 210, 0, 1.355229323023489
5, 2, 7, 301, 210, 1000, 0.024496258376945246, 0
5, 2, 7, 301, 210, 210, 0, 1.3307330646465438
5, 2, 8, 301, 210, 1000, 0.02405347967943916, 0
5, 2, 8, 301, 210, 210, 0, 1.3066795849671047
5, 2, 9, 301, 210, 1000, 0.023618704366448418, 0
5, 2, 9, 301, 210, 210, 0, 1.2830608806006563
5, 2, 10, 301, 210, 1000, 0.023191787773912953, 0
5, 2, 10, 301, 210, 210, 0, 1.2598690928267433
5, 2, 11, 301, 210, 1000, 0.022772587852629034, 0
5, 2, 11, 301, 210, 210, 0, 1.2370965049741143
5, 2, 12, 301, 210, 1000, 0.022360965120983067, 0
5, 2, 12, 301, 210, 210, 0, 1.2147355398531312
5, 2, 13, 301, 210, 1000, 0.021956782618541615, 0
5, 2, 13, 301, 210, 210, 0, 1.1927787572345896
5, 2, 14, 301, 210, 1000, 0.0215599058604814, 0
5, 2, 14, 301, 210, 210, 0, 1.1712188513741082
5, 2, 15, 301, 210, 1000, 0.021170202792838655, 0
5, 2, 15, 301, 210, 210, 0, 1.1500486485812695
5, 2, 16, 301, 210, 1000, 0.020787543748575832, 0
5, 2, 16, 301, 210, 210, 0, 1.1292611048326937
5, 2, 17, 301, 210, 1000, 0.02041180140443033, 0
5, 2, 17, 301, 210, 210, 0, 1.1088493034282634
5, 2, 18, 301, 210, 1000, 0.020042850738556384, 0
5, 2, 18, 301, 210, 210, 0, 1.088806452689707
5, 2, 19, 301, 210, 1000, 0.019680568988920788, 0
5, 2, 19, 301, 210, 210, 0, 1.0691258837007862
5, 2, 2, 300, 200, 1004, 0.23022548183941166, 0
5, 2, 2, 300, 200, 1005, 0.07674182727980389, 0
5, 2, 2, 300, 200, 200, 0, 0.7410846408807845
5, 2, 3, 300, 200, 1004, 0.16279399941058836, 0
5, 2, 3, 300, 200, 1005, 0.05426466647019612, 0
5, 2, 3, 300, 200, 200, 0, 0.524025975
5, 2, 4, 300, 200, 1004, 0.11511274091970583, 0
5, 2, 4, 300, 200, 1005, 0.038370913639901943, 0
5, 2, 4, 300, 200, 200, 0, 0.37054232044039226
5, 2, 5, 300, 200, 1004, 0.08139699970529418, 0
5, 2, 5, 300, 200, 1005, 0.02713233323509806, 0
5, 2, 5, 300, 200, 200, 0, 0.2620129875
5, 2, 6, 300, 200, 1004, 0.057556370459852915, 0
5, 2, 6, 300, 200, 1005, 0.019185456819950972, 0
5, 2, 6, 300, 200, 200, 0, 0.18527116022019613
5, 2, 7, 300, 200, 1004, 0.04069849985264709, 0
5, 2, 7, 300, 200, 1005, 0.01356616661754903, 0
5, 2, 7, 300, 200, 200, 0, 0.13100649375
5, 2, 8, 300, 200, 1004, 0.028778185229926458, 0
5, 2, 8, 300, 200, 1005, 0.009592728409975486, 0
5, 2, 8, 300, 200, 200, 0, 0.09263558011009806
5, 2, 9, 300, 200, 1004, 0.020349249926323545, 0
5, 2, 9, 300, 200, 1005, 0.006783083308774515, 0
5, 2, 9, 300, 200, 200, 0, 0.065503246875
5, 2, 10, 300, 200, 1004, 0.014389092614963229, 0
5, 2, 10, 300, 200, 1005, 0.004796364204987743, 0
5, 2, 10, 300, 200, 200, 0, 0.04631779005504903
5, 2, 11, 300, 200, 1004, 0.010174624963161773, 0
5, 2, 11, 300, 200, 1005, 0.0033915416543872576, 0
5, 2, 11, 300, 200, 200, 0, 0.0327516234375
5, 2, 12, 300, 200, 1004, 0.007194546307481614, 0
5, 2, 12, 300, 200, 1005, 0.0023981821024938715, 0
5, 2, 12, 300, 200, 200, 0, 0.023158895027524516
5, 2, 13, 300, 200, 1004, 0.005087312481580886, 0
5, 2, 13, 300, 200, 1005, 0.0016957708271936288, 0
5, 2, 13, 300, 200, 200, 0, 0.01637581171875
5, 2, 14, 300, 200, 1004, 0.003597273153740807, 0
5, 2, 14, 300, 200, 1005, 0.0011990910512469357, 0
5, 2, 14, 300, 200, 200, 0, 0.011579447513762258
5, 2, 15, 300, 200, 1004, 0.002543656240790443, 0
5, 2, 15, 300, 200, 1005, 0.0008478854135968144, 0
5, 2, 15, 300, 200, 200, 0, 0.008187905859375
5, 2, 16, 300, 200, 1004, 0.0017986365768704036, 0
5, 2, 16, 300, 200, 1005, 0.0005995455256234679, 0
5, 2, 16, 300, 200, 200, 0, 0.005789723756881129
5, 2, 17, 300, 200, 1004, 0.0012718281203952216, 0
5, 2, 17, 300, 200, 1005, 0.0004239427067984072, 0
5, 2, 17, 300, 200, 200, 0, 0.0040939529296875
5, 2, 18, 300, 200, 1004, 0.0008993182884352018, 0
5, 2, 18, 300, 200, 1005, 0.00029977276281173393, 0
5, 2, 18, 300, 200, 200, 0, 0.0028948618784405645
5, 2, 19, 300, 200, 1004, 0.0006359140601976108, 0
5, 2, 19, 300, 200, 1005, 0.0002119713533992036, 0
5, 2, 19, 300, 200, 200, 0, 0.00204697646484375
5, 2, 2, 300, 202, 1004, 0.5525411564145879, 0
5, 2, 2, 300, 202, 202, 0, 1.3339523535854123
5, 2, 3, 300, 202, 1004, 0.3907055985854122, 0
5, 2, 3, 300, 202, 202, 0, 0.9432467550000001
5, 2, 4, 300, 202, 1004, 0.27627057820729395, 0
5, 2, 4, 300, 202, 202, 0, 0.6669761767927062
5, 2, 5, 300, 202, 1004, 0.1953527992927061, 0
5, 2, 5, 300, 202, 202, 0, 0.47162337750000005
5, 2, 6, 300, 202, 1004, 0.13813528910364697, 0
5, 2, 6, 300, 202, 202, 0, 0.3334880883963531
5, 2, 7, 300, 202, 1004, 0.09767639964635305, 0
5, 2, 7, 300, 202, 202, 0, 0.23581168875000003
5, 2, 8, 300, 202, 1004, 0.06906764455182349, 0
5, 2, 8, 300, 202, 202, 0, 0.16674404419817654
5, 2, 9, 300, 202, 1004, 0.048838199823176526, 0
5, 2, 9, 300, 202, 202, 0, 0.11790584437500001
5, 2, 10, 300, 202, 1004, 0.034533822275911744, 0
5, 2, 10, 300, 202, 202, 0, 0.08337202209908827
5, 2, 11, 300, 202, 1004, 0.024419099911588263, 0
5, 2, 11, 300, 202, 202, 0, 0.058952922187500006
5, 2, 12, 300, 202, 1004, 0.017266911137955872, 0
5, 2, 12, 300, 202, 202, 0, 0.041686011049544135
5, 2, 13, 300, 202, 1004, 0.012209549955794131, 0
5, 2, 13, 300, 202, 202, 0, 0.029476461093750003
5, 2, 14, 300, 202, 1004, 0.008633455568977936, 0
5, 2, 14, 300, 202, 202, 0, 0.020843005524772067
5, 2, 15, 300, 202, 1004, 0.006104774977897066, 0
5, 2, 15, 300, 202, 202, 0, 0.014738230546875002
5, 2, 16, 300, 202, 1004, 0.004316727784488968, 0
5, 2, 16, 300, 202, 202, 0, 0.010421502762386034
5, 2, 17, 300, 202, 1004, 0.003052387488948533, 0
5, 2, 17, 300, 202, 202, 0, 0.007369115273437501
5, 2, 18, 300, 202, 1004, 0.002158363892244484, 0
5, 2, 18, 300, 202, 202, 0, 0.005210751381193017
5, 2, 19, 300, 202, 1004, 0.0015261937444742664, 0
5, 2, 19, 300, 202, 202, 0, 0.0036845576367187504
5, 2, 2, 301, 400, 1004, 0.4144058673109409, 0
5, 2, 2, 301, 400, 1005, 0.13813528910364697, 0
5, 2, 2, 301, 400, 400, 0, 1.3339523535854123
5, 2, 3, 301, 400, 1004, 0.29302919893905915, 0
5, 2, 3, 301, 400, 1005, 0.09767639964635305, 0
5, 2, 3, 301, 400, 400, 0, 0.9432467550000001
5, 2, 4, 301, 400, 1004, 0.20720293365547046, 0
5, 2, 4, 301, 400, 1005, 0.06906764455182349, 0
5, 2, 4, 301, 400, 400, 0, 0.6669761767927062
5, 2, 5, 301, 400, 1004, 0.14651459946952958, 0
5, 2, 5, 301, 400, 1005, 0.048838199823176526, 0
5, 2, 5, 301, 400, 400, 0, 0.47162337750000005
5, 2, 6, 301, 400, 1004, 0.10360146682773523, 0
5, 2, 6, 301, 400, 1005, 0.034533822275911744, 0
5, 2, 6, 301, 400, 400, 0, 0.3334880883963531
5, 2, 7, 301, 400, 1004, 0.07325729973476479, 0
5, 2, 7, 301, 400, 1005, 0.024419099911588263, 0
5, 2, 7, 301, 400, 400, 0, 0.23581168875000003
5, 2, 8, 301, 400, 1004, 0.051800733413867615, 0
5, 2, 8, 301, 400, 1005, 0.017266911137955872, 0
5, 2, 8, 301, 400, 400, 0, 0.16674404419817654
5, 2, 9, 301, 400, 1004, 0.036628649867382394, 0
5, 2, 9, 301, 400, 1005, 0.012209549955794131, 0
5, 2, 9, 301, 400, 400, 0, 0.11790584437500001
5, 2, 10, 301, 400, 1004, 0.025900366706933808, 0
5, 2, 10, 301, 400, 1005, 0.008633455568977936, 0
5, 2, 10, 301, 400, 400, 0, 0.08337202209908827
5, 2, 11, 301, 400, 1004, 0.018314324933691197, 0
5, 2, 11, 301, 400, 1005, 0.006104774977897066, 0
5, 2, 11, 301, 400, 400, 0, 0.058952922187500006
5, 2, 12, 301, 400, 1004, 0.012950183353466904, 0
5, 2, 12, 301, 400, 1005, 0.004316727784488968, 0
5, 2, 12, 301, 400, 400, 0, 0.041686011049544135
5, 2, 13, 301, 400, 1004, 0.009157162466845599, 0
5, 2, 13, 301, 400, 1005, 0.003052387488948533, 0
5, 2, 13, 301, 400, 400, 0, 0.029476461093750003
5, 2, 14, 301, 400, 1004, 0.006475091676733452, 0
5, 2, 14, 301, 400, 1005, 0.002158363892244484, 0
5, 2, 14, 301, 400, 400, 0, 0.020843005524772067
5, 2, 15, 301, 400, 1004, 0.004578581233422799, 0
5, 2, 15, 301, 400, 1005, 0.0015261937444742664, 0
5, 2, 15, 301, 400, 400, 0, 0.014738230546875002
5, 2, 16, 301, 400, 1004, 0.003237545838366726, 0
5, 2, 16, 301, 400, 1005, 0.001079181946122242, 0
5, 2, 16, 301, 400, 400, 0, 0.010421502762386034
5, 2, 17, 301, 400, 1004, 0.0022892906167113996, 0
5, 2, 17, 301, 400, 1005, 0.0007630968722371332, 0
5, 2, 17, 301, 400, 400, 0, 0.007369115273437501
5, 2, 18, 301, 400, 1004, 0.001618772919183363, 0
5, 2, 18, 301, 400, 1005, 0.000539590973061121, 0
5, 2, 18, 301, 400, 400, 0, 0.005210751381193017
5, 2, 19, 301, 400, 1004, 0.0011446453083556998, 0
5, 2, 19, 301, 400, 1005, 0.0003815484361185666, 0
5, 2, 19, 301, 400, 400, 0, 0.0036845576367187504
5, 3, 3, 300, 204, 1000, 0.0062081556080139325, 0
5, 3, 3, 300, 204, 1005, 0.0015520389020034831, 0
5, 3, 3, 300, 204, 204, 0, 1.0037283554899825
5, 3, 4, 300, 204, 1000, 0.006160526304581193, 0
5, 3, 4, 300, 204, 1005, 0.0015401315761452983, 0
5, 3, 4, 300, 204, 204, 0, 0.996027697609256
5, 3, 5, 300, 204, 1000, 0.006113262415723942, 0
5, 3, 5, 300, 204, 1005, 0.0015283156039309854, 0
5, 3, 5, 300, 204, 204, 0, 0.9883861195896011
5, 3, 6, 300, 204, 1000, 0.006066361137961707, 0
5, 3, 6, 300, 204, 1005, 0.0015165902844904268, 0
5, 3, 6, 300, 204, 204, 0, 0.980803168167149
5, 3, 7, 300, 204, 1000, 0.006019819689322948, 0
5, 3, 7, 300, 204, 1005, 0.001504954922330737, 0
5, 3, 7, 300, 204, 204, 0, 0.9732783935554953
5, 3, 8, 300, 204, 1000, 0.005973635309179048, 0
5, 3, 8, 300, 204, 1005, 0.001493408827294762, 0
5, 3, 8, 300, 204, 204, 0, 0.9658113494190215
5, 3, 9, 300, 204, 1000, 0.005927805258081432, 0
5, 3, 9, 300, 204, 1005, 0.001481951314520358, 0
5, 3, 9, 300, 204, 204, 0, 0.9584015928464197
5, 3, 10, 300, 204, 1000, 0.00588232681759866, 0
5, 3, 10, 300, 204, 1005, 0.001470581704399665, 0
5, 3, 10, 300, 204, 204, 0, 0.9510486843244214
5, 3, 11, 300, 204, 1000, 0.005837197290155061, 0
5, 3, 11, 300, 204, 1005, 0.0014592993225387653, 0
5, 3, 11, 300, 204, 204, 0, 0.9437521877117275
5, 3, 12, 300, 204, 1000, 0.005792413998871204, 0
5, 3, 12, 300, 204, 1005, 0.001448103499717801, 0
5, 3, 12, 300, 204, 204, 0, 0.9365116702131385
5, 3, 13, 300, 204, 1000, 0.005747974287404656, 0
5, 3, 13, 300, 204, 1005, 0.001436993571851164, 0
5, 3, 13, 300, 204, 204, 0, 0.9293267023538827
5, 3, 14, 300, 204, 1000, 0.005703875519792412, 0
5, 3, 14, 300, 204, 1005, 0.001425968879948103, 0
5, 3, 14, 300, 204, 204, 0, 0.9221968579541422
5, 3, 15, 300, 204, 1000, 0.005660115080295115, 0
5, 3, 15, 300, 204, 1005, 0.0014150287700737786, 0
5, 3, 15, 300, 204, 204, 0, 0.9151217141037733
5, 3, 16, 300, 204, 1000, 0.0056166903732410844, 0
5, 3, 16, 300, 204, 1005, 0.0014041725933102711, 0
5, 3, 16, 300, 204, 204, 0, 0.9081008511372219
5, 3, 17, 300, 204, 1000, 0.005573598822873205, 0
5, 3, 17, 300, 204, 1005, 0.0013933997057183013, 0
5, 3, 17, 300, 204, 204, 0, 0.9011338526086304
5, 3, 18, 300, 204, 1000, 0.00553083787319535, 0
5, 3, 18, 300, 204, 1005, 0.0013827094682988374, 0
5, 3, 18, 300, 204, 204, 0, 0.8942203052671363
5, 3, 19, 300, 204, 1000, 0.005488404987821216, 0
5, 3, 19, 300, 204, 1005, 0.001372101246955304, 0
5, 3, 19, 300, 204, 204, 0, 0.8873597990323597
5, 3, 3, 300, 205, 1000, 0.0005955247583515178, 0
5, 3, 3, 300, 205, 1005, 0.00014888118958787945, 0
5, 3, 3, 300, 205, 205, 0, 0.0801746780520606
5, 3, 4, 300, 205, 1000, 0.0005900462957893039, 0
5, 3, 4, 300, 205, 1005, 0.00014751157394732596, 0
5, 3, 4, 300, 205, 205, 0, 0.07943712018232398
5, 3, 5, 300, 205, 1000, 0.0005846182317229221, 0
5, 3, 5, 300, 205, 1005, 0.00014615455793073052, 0
5, 3, 5, 300, 205, 205, 0, 0.07870634739267032
5, 3, 6, 300, 205, 1000, 0.000579240102517109, 0
5, 3, 6, 300, 205, 1005, 0.00014481002562927726, 0
5, 3, 6, 300, 205, 205, 0, 0.07798229726452394
5, 3, 7, 300, 205, 1000, 0.0005739114488017672, 0
5, 3, 7, 300, 205, 1005, 0.0001434778622004418, 0
5, 3, 7, 300, 205, 205, 0, 0.07726490795352173
5, 3, 8, 300, 205, 1000, 0.0005686318154327297, 0
5, 3, 8, 300, 205, 1005, 0.00014215795385818242, 0
5, 3, 8, 300, 205, 205, 0, 0.07655411818423082
5, 3, 9, 300, 205, 1000, 0.0005634007514528583, 0
5, 3, 9, 300, 205, 1005, 0.00014085018786321458, 0
5, 3, 9, 300, 205, 205, 0, 0.07584986724491474
5, 3, 10, 300, 205, 1000, 0.0005582178100535962, 0
5, 3, 10, 300, 205, 1005, 0.00013955445251339905, 0
5, 3, 10, 300, 205, 205, 0, 0.07515209498234775
5, 3, 11, 300, 205, 1000, 0.0005530825485366653, 0
5, 3, 11, 300, 205, 1005, 0.00013827063713416632, 0
5, 3, 11, 300, 205, 205, 0, 0.07446074179667692
5, 3, 12, 300, 205, 1000, 0.0005479945282764187, 0
5, 3, 12, 300, 205, 1005, 0.00013699863206910468, 0
5, 3, 12, 300, 205, 205, 0, 0.07377574863633139
5, 3, 13, 300, 205, 1000, 0.0005429533146822819, 0
5, 3, 13, 300, 205, 1005, 0.00013573832867057046, 0
5, 3, 13, 300, 205, 205, 0, 0.07309705699297854
5, 3, 14, 300, 205, 1000, 0.000537958477161582, 0
5, 3, 14, 300, 205, 1005, 0.0001344896192903955, 0
5, 3, 14, 300, 205, 205, 0, 0.07242460889652656
5, 3, 15, 300, 205, 1000, 0.0005330095890829335, 0
5, 3, 15, 300, 205, 1005, 0.00013325239727073336, 0
5, 3, 15, 300, 205, 205, 0, 0.0717583469101729
5, 3, 16, 300, 205, 1000, 0.0005281062277396109, 0
5, 3, 16, 300, 205, 1005, 0.00013202655693490272, 0
5, 3, 16, 300, 205, 205, 0, 0.07109821412549838
5, 3, 17, 300, 205, 1000, 0.000523247974313601, 0
5, 3, 17, 300, 205, 1005, 0.00013081199357840024, 0
5, 3, 17, 300, 205, 205, 0, 0.07044415415760638
5, 3, 18, 300, 205, 1000, 0.0005184344138396968, 0
5, 3, 18, 300, 205, 1005, 0.0001296086034599242, 0
5, 3, 18, 300, 205, 205, 0, 0.06979611114030676
5, 3, 19, 300, 205, 1000, 0.0005136651351701716, 0
5, 3, 19, 300, 205, 1005, 0.0001284162837925429, 0
5, 3, 19, 300, 205, 205, 0, 0.06915402972134405
5, 3, 3, 300, 206, 1000, 0.007313208014372963, 0
5, 3, 3, 300, 206, 206, 0, 0.397282211985627
5, 3, 4, 300, 206, 1000, 0.00718101914416408, 0
5, 3, 4, 300, 206, 206, 0, 0.39010119284146294
5, 3, 5, 300, 206, 1000, 0.007051219635419104, 0
5, 3, 5, 300, 206, 206, 0, 0.38304997320604384
5, 3, 6, 300, 206, 1000, 0.00692376629956859, 0
5, 3, 6, 300, 206, 206, 0, 0.37612620690647525
5, 3, 7, 300, 206, 1000, 0.00679861672869192, 0
5, 3, 7, 300, 206, 206, 0, 0.3693275901777833
5, 3, 8, 300, 206, 1000, 0.0066757292814071945, 0
5, 3, 8, 300, 206, 206, 0, 0.36265186089637613
5, 3, 9, 300, 206, 1000, 0.006555063069015099, 0
5, 3, 9, 300, 206, 206, 0, 0.35609679782736103
5, 3, 10, 300, 206, 1000, 0.006436577941894672, 0
5, 3, 10, 300, 206, 206, 0, 0.34966021988546636
5, 3, 11, 300, 206, 1000, 0.006320234476143605, 0
5, 3, 11, 300, 206, 206, 0, 0.34333998540932276
5, 3, 12, 300, 206, 1000, 0.006205993960460954, 0
5, 3, 12, 300, 206, 206, 0, 0.3371339914488618
5, 3, 13, 300, 206, 1000, 0.006093818383266336, 0
5, 3, 13, 300, 206, 206, 0, 0.33104017306559547
5, 3, 14, 300, 206, 1000, 0.005983670420052489, 0
5, 3, 14, 300, 206, 206, 0, 0.325056502645543
5, 3, 15, 300, 206, 1000, 0.005875513420966205, 0
5, 3, 15, 300, 206, 206, 0, 0.31918098922457677
5, 3, 16, 300, 206, 1000, 0.005769311398613086, 0
5, 3, 16, 300, 206, 206, 0, 0.3134116778259637
5, 3, 17, 300, 206, 1000, 0.005665029016084566, 0
5, 3, 17, 300, 206, 206, 0, 0.3077466488098791
5, 3, 18, 300, 206, 1000, 0.005562631575198873, 0
5, 3, 18, 300, 206, 206, 0, 0.30218401723468025
5, 3, 19, 300, 206, 1000, 0.005462085004956485, 0
5, 3, 19, 300, 206, 206, 0, 0.29672193222972376
5, 3, 3, 300, 207, 1000, 0.023102430410398833, 0
5, 3, 3, 300, 207, 207, 0, 0.9883861195896011
5, 3, 4, 300, 207, 1000, 0.022574770170579628, 0
5, 3, 4, 300, 207, 207, 0, 0.9658113494190215
5, 3, 5, 300, 207, 1000, 0.02205916170729394, 0
5, 3, 5, 300, 207, 207, 0, 0.9437521877117275
5, 3, 6, 300, 207, 1000, 0.02155532975758534, 0
5, 3, 6, 300, 207, 207, 0, 0.9221968579541422
5, 3, 7, 300, 207, 1000, 0.021063005345511754, 0
5, 3, 7, 300, 207, 207, 0, 0.9011338526086304
5, 3, 8, 300, 207, 1000, 0.020581925638550658, 0
5, 3, 8, 300, 207, 207, 0, 0.8805519269700798
5, 3, 9, 300, 207, 1000, 0.02011183380728221, 0
5, 3, 9, 300, 207, 207, 0, 0.8604400931627976
5, 3, 10, 300, 207, 1000, 0.01965247888827859, 0
5, 3, 10, 300, 207, 207, 0, 0.840787614274519
5, 3, 11, 300, 207, 1000, 0.019203615650125072, 0
5, 3, 11, 300, 207, 207, 0, 0.8215839986243939
5, 3, 12, 300, 207, 1000, 0.018765004462499513, 0
5, 3, 12, 300, 207, 207, 0, 0.8028189941618944
5, 3, 13, 300, 207, 1000, 0.018336411168244693, 0
5, 3, 13, 300, 207, 207, 0, 0.7844825829936497
5, 3, 14, 300, 207, 1000, 0.0179176069583592, 0
5, 3, 14, 300, 207, 207, 0, 0.7665649760352905
5, 3, 15, 300, 207, 1000, 0.017508368249847583, 0
5, 3, 15, 300, 207, 207, 0, 0.7490566077854429
5, 3, 16, 300, 207, 1000, 0.017108476566356057, 0
5, 3, 16, 300, 207, 207, 0, 0.7319481312190869
5, 3, 17, 300, 207, 1000, 0.016717718421538574, 0
5, 3, 17, 300, 207, 207, 0, 0.7152304127975483
5, 3, 18, 300, 207, 1000, 0.016335885205083445, 0
5, 3, 18, 300, 207, 207, 0, 0.6988945275924648
5, 3, 19, 300, 207, 1000, 0.015962773071344638, 0
5, 3, 19, 300, 207, 207, 0, 0.6829317545211202
5, 3, 3, 300, 208, 1000, 0.0023820990334060712, 0
5, 3, 3, 300, 208, 1005, 0.0005955247583515178, 0
5, 3, 3, 300, 208, 208, 0, 0.3206987122082424
5, 3, 4, 300, 208, 1000, 0.0023601851831572154, 0
5, 3, 4, 300, 208, 1005, 0.0005900462957893039, 0
5, 3, 4, 300, 208, 208, 0, 0.3177484807292959
5, 3, 5, 300, 208, 1000, 0.0023384729268916883, 0
5, 3, 5, 300, 208, 1005, 0.0005846182317229221, 0
5, 3, 5, 300, 208, 208, 0, 0.3148253895706813
5, 3, 6, 300, 208, 1000, 0.002316960410068436, 0
5, 3, 6, 300, 208, 1005, 0.000579240102517109, 0
5, 3, 6, 300, 208, 208, 0, 0.31192918905809575
5, 3, 7, 300, 208, 1000, 0.002295645795207069, 0
5, 3, 7, 300, 208, 1005, 0.0005739114488017672, 0
5, 3, 7, 300, 208, 208, 0, 0.3090596318140869
5, 3, 8, 300, 208, 1000, 0.0022745272617309188, 0
5, 3, 8, 300, 208, 1005, 0.0005686318154327297, 0
5, 3, 8, 300, 208, 208, 0, 0.30621647273692326
5, 3, 9, 300, 208, 1000, 0.0022536030058114332, 0
5, 3, 9, 300, 208, 1005, 0.0005634007514528583, 0
5, 3, 9, 300, 208, 208, 0, 0.30339946897965897
5, 3, 10, 300, 208, 1000, 0.002232871240214385, 0
5, 3, 10, 300, 208, 1005, 0.0005582178100535962, 0
5, 3, 10, 300, 208, 208, 0, 0.300608379929391
5, 3, 11, 300, 208, 1000, 0.002212330194146661, 0
5, 3, 11, 300, 208, 1005, 0.0005530825485366653, 0
5, 3, 11, 300, 208, 208, 0, 0.29784296718670766
5, 3, 12, 300, 208, 1000, 0.002191978113105675, 0
5, 3, 12, 300, 208, 1005, 0.0005479945282764187, 0
5, 3, 12, 300, 208, 208, 0, 0.29510299454532557
5, 3, 13, 300, 208, 1000, 0.0021718132587291274, 0
5, 3, 13, 300, 208, 1005, 0.0005429533146822819, 0
5, 3, 13, 300, 208, 208, 0, 0.29238822797191416
5, 3, 14, 300, 208, 1000, 0.002151833908646328, 0
5, 3, 14, 300, 208, 1005, 0.000537958477161582, 0
5, 3, 14, 300, 208, 208, 0, 0.28969843558610625
5, 3, 15, 300, 208, 1000, 0.002132038356331734, 0
5, 3, 15, 300, 208, 1005, 0.0005330095890829335, 0
5, 3, 15, 300, 208, 208, 0, 0.2870333876406916
5, 3, 16, 300, 208, 1000, 0.0021124249109584436, 0
5, 3, 16, 300, 208, 1005, 0.0005281062277396109, 0
5, 3, 16, 300, 208, 208, 0, 0.28439285650199353
5, 3, 17, 300, 208, 1000, 0.002092991897254404, 0
5, 3, 17, 300, 208, 1005, 0.000523247974313601, 0
5, 3, 17, 300, 208, 208, 0, 0.2817766166304255
5, 3, 18, 300, 208, 1000, 0.002073737655358787, 0
5, 3, 18, 300, 208, 1005, 0.0005184344138396968, 0
5, 3, 18, 300, 208, 208, 0, 0.27918444456122704
5, 3, 19, 300, 208, 1000, 0.0020546605406806862, 0
5, 3, 19, 300, 208, 1005, 0.0005136651351701716, 0
5, 3, 19, 300, 208, 208, 0, 0.2766161188853762
5, 3, 3, 300, 209, 1000, 0.606028293836967, 0
5, 3, 3, 300, 209, 209, 0, 1.4630817261630331
5, 3, 4, 300, 209, 1000, 0.42852671616303306, 0
5, 3, 4, 300, 209, 209, 0, 1.03455501
5, 3, 5, 300, 209, 1000, 0.3030141469184835, 0
5, 3, 5, 300, 209, 209, 0, 0.7315408630815166
5, 3, 6, 300, 209, 1000, 0.21426335808151653, 0
5, 3, 6, 300, 209, 209, 0, 0.517277505
5, 3, 7, 300, 209, 1000, 0.15150707345924175, 0
5, 3, 7, 300, 209, 209, 0, 0.3657704315407583
5, 3, 8, 300, 209, 1000, 0.10713167904075827, 0
5, 3, 8, 300, 209, 209, 0, 0.2586387525
5, 3, 9, 300, 209, 1000, 0.07575353672962087, 0
5, 3, 9, 300, 209, 209, 0, 0.18288521577037914
5, 3, 10, 300, 209, 1000, 0.05356583952037913, 0
5, 3, 10, 300, 209, 209, 0, 0.12931937625
5, 3, 11, 300, 209, 1000, 0.03787676836481044, 0
5, 3, 11, 300, 209, 209, 0, 0.09144260788518957
5, 3, 12, 300, 209, 1000, 0.026782919760189566, 0
5, 3, 12, 300, 209, 209, 0, 0.064659688125
5, 3, 13, 300, 209, 1000, 0.01893838418240522, 0
5, 3, 13, 300, 209, 209, 0, 0.045721303942594785
5, 3, 14, 300, 209, 1000, 0.013391459880094783, 0
5, 3, 14, 300, 209, 209, 0, 0.0323298440625
5, 3, 15, 300, 209, 1000, 0.00946919209120261, 0
5, 3, 15, 300, 209, 209, 0, 0.022860651971297392
5, 3, 16, 300, 209, 1000, 0.006695729940047392, 0
5, 3, 16, 300, 209, 209, 0, 0.01616492203125
5, 3, 17, 300, 209, 1000, 0.004734596045601305, 0
5, 3, 17, 300, 209, 209, 0, 0.011430325985648696
5, 3, 18, 300, 209, 1000, 0.003347864970023696, 0
5, 3, 18, 300, 209, 209, 0, 0.008082461015625
5, 3, 19, 300, 209, 1000, 0.0023672980228006523, 0
5, 3, 19, 300, 209, 209, 0, 0.005715162992824348
5, 3, 3, 300, 210, 1000, 0.010238491220122214, 0
5, 3, 3, 300, 210, 210, 0, 0.5561950967798778
5, 3, 4, 300, 210, 1000, 0.010053426801829635, 0
5, 3, 4, 300, 210, 210, 0, 0.5461416699780481
5, 3, 5, 300, 210, 1000, 0.009871707489586767, 0
5, 3, 5, 300, 210, 210, 0, 0.5362699624884614
5, 3, 6, 300, 210, 1000, 0.009693272819396026, 0
5, 3, 6, 300, 210, 210, 0, 0.5265766896690653
5, 3, 7, 300, 210, 1000, 0.009518063420168699, 0
5, 3, 7, 300, 210, 210, 0, 0.5170586262488966
5, 3, 8, 300, 210, 1000, 0.009346020993970083, 0
5, 3, 8, 300, 210, 210, 0, 0.5077126052549266
5, 3, 9, 300, 210, 1000, 0.009177088296621061, 0
5, 3, 9, 300, 210, 210, 0, 0.4985355169583055
5, 3, 10, 300, 210, 1000, 0.009011209118652552, 0
5, 3, 10, 300, 210, 210, 0, 0.48952430783965295
5, 3, 11, 300, 210, 1000, 0.008848328266601091, 0
5, 3, 11, 300, 210, 210, 0, 0.48067597957305186
5, 3, 12, 300, 210, 1000, 0.008688391544645346, 0
5, 3, 12, 300, 210, 210, 0, 0.4719875880284065
5, 3, 13, 300, 210, 1000, 0.008531345736572882, 0
5, 3, 13, 300, 210, 210, 0, 0.46345624229183363
5, 3, 14, 300, 210, 1000, 0.008377138588073485, 0
5, 3, 14, 300, 210, 210, 0, 0.45507910370376015
5, 3, 15, 300, 210, 1000, 0.008225718789352687, 0
5, 3, 15, 300, 210, 210, 0, 0.44685338491440746
5, 3, 16, 300, 210, 1000, 0.00807703595805831, 0
5, 3, 16, 300, 210, 210, 0, 0.43877634895634915
5, 3, 17, 300, 210, 1000, 0.007931040622518426, 0
5, 3, 17, 300, 210, 210, 0, 0.4308453083338307
5, 3, 18, 300, 210, 1000, 0.007787684205278367, 0
5, 3, 18, 300, 210, 210, 0, 0.42305762412855236
5, 3, 19, 300, 210, 1000, 0.00764691900693909, 0
5, 3, 19, 300, 210, 210, 0, 0.41541070512161327
5, 3, 3, 301, 204, 1000, 0.02483262243205573, 0
5, 3, 3, 301, 204, 1005, 0.0062081556080139325, 0
5, 3, 3, 301, 204, 204, 0, 4.01491342195993
5, 3, 4, 301, 204, 1000, 0.024642105218324772, 0
5, 3, 4, 301, 204, 1005, 0.006160526304581193, 0
5, 3, 4, 301, 204, 204, 0, 3.984110790437024
5, 3, 5, 301, 204, 1000, 0.024453049662895767, 0
5, 3, 5, 301, 204, 1005, 0.006113262415723942, 0
5, 3, 5, 301, 204, 204, 0, 3.9535444783584044
5, 3, 6, 301, 204, 1000, 0.02426544455184683, 0
5, 3, 6, 301, 204, 1005, 0.006066361137961707, 0
5, 3, 6, 301, 204, 204, 0, 3.923212672668596
5, 3, 7, 301, 204, 1000, 0.02407927875729179, 0
5, 3, 7, 301, 204, 1005, 0.006019819689322948, 0
5, 3, 7, 301, 204, 204, 0, 3.893113574221981
5, 3, 8, 301, 204, 1000, 0.023894541236716194, 0
5, 3, 8, 301, 204, 1005, 0.005973635309179048, 0
5, 3, 8, 301, 204, 204, 0, 3.863245397676086
5, 3, 9, 301, 204, 1000, 0.023711221032325727, 0
5, 3, 9, 301, 204, 1005, 0.005927805258081432, 0
5, 3, 9, 301, 204, 204, 0, 3.8336063713856787
5, 3, 10, 301, 204, 1000, 0.02352930727039464, 0
5, 3, 10, 301, 204, 1005, 0.00588232681759866, 0
5, 3, 10, 301, 204, 204, 0, 3.8041947372976854
5, 3, 11, 301, 204, 1000, 0.023348789160620245, 0
5, 3, 11, 301, 204, 1005, 0.005837197290155061, 0
5, 3, 11, 301, 204, 204, 0, 3.77500875084691
5, 3, 12, 301, 204, 1000, 0.023169655995484817, 0
5, 3, 12, 301, 204, 1005, 0.005792413998871204, 0
5, 3, 12, 301, 204, 204, 0, 3.746046680852554
5, 3, 13, 301, 204, 1000, 0.022991897149618624, 0
5, 3, 13, 301, 204, 1005, 0.005747974287404656, 0
5, 3, 13, 301, 204, 204, 0, 3.717306809415531
5, 3, 14, 301, 204, 1000, 0.022815502079169648, 0
5, 3, 14, 301, 204, 1005, 0.005703875519792412, 0
5, 3, 14, 301, 204, 204, 0, 3.6887874318165688
5, 3, 15, 301, 204, 1000, 0.02264046032118046, 0
5, 3, 15, 301, 204, 1005, 0.005660115080295115, 0
5, 3, 15, 301, 204, 204, 0, 3.660486856415093
5, 3, 16, 301, 204, 1000, 0.022466761492964338, 0
5, 3, 16, 301, 204, 1005, 0.0056166903732410844, 0
5, 3, 16, 301, 204, 204, 0, 3.6324034045488878
5, 3, 17, 301, 204, 1000, 0.02229439529149282, 0
5, 3, 17, 301, 204, 1005, 0.005573598822873205, 0
5, 3, 17, 301, 204, 204, 0, 3.6045354104345217
5, 3, 18, 301, 204, 1000, 0.0221233514927814, 0
5, 3, 18, 301, 204, 1005, 0.00553083787319535, 0
5, 3, 18, 301, 204, 204, 0, 3.576881221068545
5, 3, 19, 301, 204, 1000, 0.021953619951284864, 0
5, 3, 19, 301, 204, 1005, 0.005488404987821216, 0
5, 3, 19, 301, 204, 204, 0, 3.549439196129439
5, 3, 3, 301, 205, 1000, 0.0023820990334060712, 0
5, 3, 3, 301, 205, 1005, 0.0005955247583515178, 0
5, 3, 3, 301, 205, 205, 0, 0.3206987122082424
5, 3, 4, 301, 205, 1000, 0.0023601851831572154, 0
5, 3, 4, 301, 205, 1005, 0.0005900462957893039, 0
5, 3, 4, 301, 205, 205, 0, 0.3177484807292959
5, 3, 5, 301, 205, 1000, 0.0023384729268916883, 0
5, 3, 5, 301, 205, 1005, 0.0005846182317229221, 0
5, 3, 5, 301, 205, 205, 0, 0.3148253895706813
5, 3, 6, 301, 205, 1000, 0.002316960410068436, 0
5, 3, 6, 301, 205, 1005, 0.000579240102517109, 0
5, 3, 6, 301, 205, 205, 0, 0.31192918905809575
5, 3, 7, 301, 205, 1000, 0.002295645795207069, 0
5, 3, 7, 301, 205, 1005, 0.0005739114488017672, 0
5, 3, 7, 301, 205, 205, 0, 0.3090596318140869
5, 3, 8, 301, 205, 1000, 0.0022745272617309188, 0
5, 3, 8, 301, 205, 1005, 0.0005686318154327297, 0
5, 3, 8, 301, 205, 205, 0, 0.30621647273692326
5, 3, 9, 301, 205, 1000, 0.0022536030058114332, 0
5, 3, 9, 301, 205, 1005, 0.0005634007514528583, 0
5, 3, 9, 301, 205, 205, 0, 0.30339946897965897
5, 3, 10, 301, 205, 1000, 0.002232871240214385, 0
5, 3, 10, 301, 205, 1005, 0.0005582178100535962, 0
5, 3, 10, 301, 205, 205, 0, 0.300608379929391
5, 3, 11, 301, 205, 1000, 0.002212330194146661, 0
5, 3, 11, 301, 205, 1005, 0.0005530825485366653, 0
5, 3, 11, 301, 205, 205, 0, 0.29784296718670766
5, 3, 12, 301, 205, 1000, 0.002191978113105675, 0
5, 3, 12, 301, 205, 1005, 0.0005479945282764187, 0
5, 3, 12, 301, 205, 205, 0, 0.29510299454532557
5, 3, 13, 301, 205, 1000, 0.0021718132587291274, 0
5, 3, 13, 301, 205, 1005, 0.0005429533146822819, 0
5, 3, 13, 301, 205, 205, 0, 0.29238822797191416
5, 3, 14, 301, 205, 1000, 0.002151833908646328, 0
5, 3, 14, 301, 205, 1005, 0.000537958477161582, 0
5, 3, 14, 301, 205, 205, 0, 0.28969843558610625
5, 3, 15, 301, 205, 1000, 0.002132038356331734, 0
5, 3, 15, 301, 205, 1005, 0.0005330095890829335, 0
5, 3, 15, 301, 205, 205, 0, 0.2870333876406916
5, 3, 16, 301, 205, 1000, 0.0021124249109584436, 0
5, 3, 16, 301, 205, 1005, 0.0005281062277396109, 0
5, 3, 16, 301, 205, 205, 0, 0.28439285650199353
5, 3, 17, 301, 205, 1000, 0.002092991897254404, 0
5, 3, 17, 301, 205, 1005, 0.000523247974313601, 0
5, 3, 17, 301, 205, 205, 0, 0.2817766166304255
5, 3, 18, 301, 205, 1000, 0.002073737655358787, 0
5, 3, 18, 301, 205, 1005, 0.0005184344138396968, 0
5, 3, 18, 301, 205, 205, 0, 0.27918444456122704
5, 3, 19, 301, 205, 1000, 0.0020546605406806862, 0
5, 3, 19, 301, 205, 1005, 0.0005136651351701716, 0
5, 3, 19, 301, 205, 205, 0, 0.2766161188853762
5, 3, 3, 301, 206, 1000, 0.02925283205749185, 0
5, 3, 3, 301, 206, 206, 0, 1.589128847942508
5, 3, 4, 301, 206, 1000, 0.02872407657665632, 0
5, 3, 4, 301, 206, 206, 0, 1.5604047713658518
5, 3, 5, 301, 206, 1000, 0.028204878541676415, 0
5, 3, 5, 301, 206, 206, 0, 1.5321998928241753
5, 3, 6, 301, 206, 1000, 0.02769506519827436, 0
5, 3, 6, 301, 206, 206, 0, 1.504504827625901
5, 3, 7, 301, 206, 1000, 0.02719446691476768, 0
5, 3, 7, 301, 206, 206, 0, 1.4773103607111333
5, 3, 8, 301, 206, 1000, 0.026702917125628778, 0
5, 3, 8, 301, 206, 206, 0, 1.4506074435855045
5, 3, 9, 301, 206, 1000, 0.026220252276060396, 0
5, 3, 9, 301, 206, 206, 0, 1.4243871913094441
5, 3, 10, 301, 206, 1000, 0.02574631176757869, 0
5, 3, 10, 301, 206, 206, 0, 1.3986408795418654
5, 3, 11, 301, 206, 1000, 0.02528093790457442, 0
5, 3, 11, 301, 206, 206, 0, 1.373359941637291
5, 3, 12, 301, 206, 1000, 0.024823975841843815, 0
5, 3, 12, 301, 206, 206, 0, 1.3485359657954472
5, 3, 13, 301, 206, 1000, 0.024375273533065345, 0
5, 3, 13, 301, 206, 206, 0, 1.3241606922623819
5, 3, 14, 301, 206, 1000, 0.023934681680209957, 0
5, 3, 14, 301, 206, 206, 0, 1.300226010582172
5, 3, 15, 301, 206, 1000, 0.02350205368386482, 0
5, 3, 15, 301, 206, 206, 0, 1.276723956898307
5, 3, 16, 301, 206, 1000, 0.023077245594452345, 0
5, 3, 16, 301, 206, 206, 0, 1.2536467113038547
5, 3, 17, 301, 206, 1000, 0.022660116064338265, 0
5, 3, 17, 301, 206, 206, 0, 1.2309865952395165
5, 3, 18, 301, 206, 1000, 0.022250526300795492, 0
5, 3, 18, 301, 206, 206, 0, 1.208736068938721
5, 3, 19, 301, 206, 1000, 0.02184834001982594, 0
5, 3, 19, 301, 206, 206, 0, 1.186887728918895
5, 3, 3, 301, 207, 1000, 0.09240972164159533, 0
5, 3, 3, 301, 207, 207, 0, 3.9535444783584044
5, 3, 4, 301, 207, 1000, 0.09029908068231851, 0
5, 3, 4, 301, 207, 207, 0, 3.863245397676086
5, 3, 5, 301, 207, 1000, 0.08823664682917576, 0
5, 3, 5, 301, 207, 207, 0, 3.77500875084691
5, 3, 6, 301, 207, 1000, 0.08622131903034136, 0
5, 3, 6, 301, 207, 207, 0, 3.6887874318165688
5, 3, 7, 301, 207, 1000, 0.08425202138204702, 0
5, 3, 7, 301, 207, 207, 0, 3.6045354104345217
5, 3, 8, 301, 207, 1000, 0.08232770255420263, 0
5, 3, 8, 301, 207, 207, 0, 3.522207707880319
5, 3, 9, 301, 207, 1000, 0.08044733522912884, 0
5, 3, 9, 301, 207, 207, 0, 3.4417603726511903
5, 3, 10, 301, 207, 1000, 0.07860991555311436, 0
5, 3, 10, 301, 207, 207, 0, 3.363150457098076
5, 3, 11, 301, 207, 1000, 0.07681446260050029, 0
5, 3, 11, 301, 207, 207, 0, 3.2863359944975756
5, 3, 12, 301, 207, 1000, 0.07506001784999805, 0
5, 3, 12, 301, 207, 207, 0, 3.2112759766475776
5, 3, 13, 301, 207, 1000, 0.07334564467297877, 0
5, 3, 13, 301, 207, 207, 0, 3.137930331974599
5, 3, 14, 301, 207, 1000, 0.0716704278334368, 0
5, 3, 14, 301, 207, 207, 0, 3.066259904141162
5, 3, 15, 301, 207, 1000, 0.07003347299939033, 0
5, 3, 15, 301, 207, 207, 0, 2.9962264311417717
5, 3, 16, 301, 207, 1000, 0.06843390626542423, 0
5, 3, 16, 301, 207, 207, 0, 2.9277925248763474
5, 3, 17, 301, 207, 1000, 0.0668708736861543, 0
5, 3, 17, 301, 207, 207, 0, 2.860921651190193
5, 3, 18, 301, 207, 1000, 0.06534354082033378, 0
5, 3, 18, 301, 207, 207, 0, 2.7955781103698594
5, 3, 19, 301, 207, 1000, 0.06385109228537855, 0
5, 3, 19, 301, 207, 207, 0, 2.731727018084481
5, 3, 3, 301, 208, 1000, 0.009528396133624285, 0
5, 3, 3, 301, 208, 1005, 0.0023820990334060712, 0
5, 3, 3, 301, 208, 208, 0, 1.2827948488329697
5, 3, 4, 301, 208, 1000, 0.009440740732628862, 0
5, 3, 4, 301, 208, 1005, 0.0023601851831572154, 0
5, 3, 4, 301, 208, 208, 0, 1.2709939229171836
5, 3, 5, 301, 208, 1000, 0.009353891707566753, 0
5, 3, 5, 301, 208, 1005, 0.0023384729268916883, 0
5, 3, 5, 301, 208, 208, 0, 1.2593015582827252
5, 3, 6, 301, 208, 1000, 0.009267841640273744, 0
5, 3, 6, 301, 208, 1005, 0.002316960410068436, 0
5, 3, 6, 301, 208, 208, 0, 1.247716756232383
5, 3, 7, 301, 208, 1000, 0.009182583180828275, 0
5, 3, 7, 301, 208, 1005, 0.002295645795207069, 0
5, 3, 7, 301, 208, 208, 0, 1.2362385272563476
5, 3, 8, 301, 208, 1000, 0.009098109046923675, 0
5, 3, 8, 301, 208, 1005, 0.0022745272617309188, 0
5, 3, 8, 301, 208, 208, 0, 1.224865890947693
5, 3, 9, 301, 208, 1000, 0.009014412023245733, 0
5, 3, 9, 301, 208, 1005, 0.0022536030058114332, 0
5, 3, 9, 301, 208, 208, 0, 1.2135978759186359
5, 3, 10, 301, 208, 1000, 0.00893148496085754, 0
5, 3, 10, 301, 208, 1005, 0.002232871240214385, 0
5, 3, 10, 301, 208, 208, 0, 1.202433519717564
5, 3, 11, 301, 208, 1000, 0.008849320776586645, 0
5, 3, 11, 301, 208, 1005, 0.002212330194146661, 0
5, 3, 11, 301, 208, 208, 0, 1.1913718687468307
5, 3, 12, 301, 208, 1000, 0.0087679124524227, 0
5, 3, 12, 301, 208, 1005, 0.002191978113105675, 0
5, 3, 12, 301, 208, 208, 0, 1.1804119781813023
5, 3, 13, 301, 208, 1000, 0.00868725303491651, 0
5, 3, 13, 301, 208, 1005, 0.0021718132587291274, 0
5, 3, 13, 301, 208, 208, 0, 1.1695529118876566
5, 3, 14, 301, 208, 1000, 0.008607335634585312, 0
5, 3, 14, 301, 208, 1005, 0.002151833908646328, 0
5, 3, 14, 301, 208, 208, 0, 1.158793742344425
5, 3, 15, 301, 208, 1000, 0.008528153425326935, 0
5, 3, 15, 301, 208, 1005, 0.002132038356331734, 0
5, 3, 15, 301, 208, 208, 0, 1.1481335505627663
5, 3, 16, 301, 208, 1000, 0.008449699643833774, 0
5, 3, 16, 301, 208, 1005, 0.0021124249109584436, 0
5, 3, 16, 301, 208, 208, 0, 1.1375714260079741
5, 3, 17, 301, 208, 1000, 0.008371967589017615, 0
5, 3, 17, 301, 208, 1005, 0.002092991897254404, 0
5, 3, 17, 301, 208, 208, 0, 1.127106466521702
5, 3, 18, 301, 208, 1000, 0.008294950621435149, 0
5, 3, 18, 301, 208, 1005, 0.002073737655358787, 0
5, 3, 18, 301, 208, 208, 0, 1.1167377782449082
5, 3, 19, 301, 208, 1000, 0.008218642162722745, 0
5, 3, 19, 301, 208, 1005, 0.0020546605406806862, 0
5, 3, 19, 301, 208, 208, 0, 1.1064644755415047
5, 3, 3, 301, 209, 1000, 2.424113175347868, 0
5, 3, 3, 301, 209, 209, 0, 5.8523269046521325
5, 3, 4, 301, 209, 1000, 1.7141068646521322, 0
5, 3, 4, 301, 209, 209, 0, 4.13822004
5, 3, 5, 301, 209, 1000, 1.212056587673934, 0
5, 3, 5, 301, 209, 209, 0, 2.9261634523260662
5, 3, 6, 301, 209, 1000, 0.8570534323260661, 0
5, 3, 6, 301, 209, 209, 0, 2.06911002
5, 3, 7, 301, 209, 1000, 0.606028293836967, 0
5, 3, 7, 301, 209, 209, 0, 1.4630817261630331
5, 3, 8, 301, 209, 1000, 0.42852671616303306, 0
5, 3, 8, 301, 209, 209, 0, 1.03455501
5, 3, 9, 301, 209, 1000, 0.3030141469184835, 0
5, 3, 9, 301, 209, 209, 0, 0.7315408630815166
5, 3, 10, 301, 209, 1000, 0.21426335808151653, 0
5, 3, 10, 301, 209, 209, 0, 0.517277505
5, 3, 11, 301, 209, 1000, 0.15150707345924175, 0
5, 3, 11, 301, 209, 209, 0, 0.3657704315407583
5, 3, 12, 301, 209, 1000, 0.10713167904075827, 0
5, 3, 12, 301, 209, 209, 0, 0.2586387525
5, 3, 13, 301, 209, 1000, 0.07575353672962087, 0
5, 3, 13, 301, 209, 209, 0, 0.18288521577037914
5, 3, 14, 301, 209, 1000, 0.05356583952037913, 0
5, 3, 14, 301, 209, 209, 0, 0.12931937625
5, 3, 15, 301, 209, 1000, 0.03787676836481044, 0
5, 3, 15, 301, 209, 209, 0, 0.09144260788518957
5, 3, 16, 301, 209, 1000, 0.026782919760189566, 0
5, 3, 16, 301, 209, 209, 0, 0.064659688125
5, 3, 17, 301, 209, 1000, 0.01893838418240522, 0
5, 3, 17, 301, 209, 209, 0, 0.045721303942594785
5, 3, 18, 301, 209, 1000, 0.013391459880094783, 0
5, 3, 18, 301, 209, 209, 0, 0.0323298440625
5, 3, 19, 301, 209, 1000, 0.00946919209120261, 0
5, 3, 19, 301, 209, 209, 0, 0.022860651971297392
5, 3, 3, 301, 210, 1000, 0.04095396488048886, 0
5, 3, 3, 301, 210, 210, 0, 2.224780387119511
5, 3, 4, 301, 210, 1000, 0.04021370720731854, 0
5, 3, 4, 301, 210, 210, 0, 2.1845666799121926
5, 3, 5, 301, 210, 1000, 0.03948682995834707, 0
5, 3, 5, 301, 210, 210, 0, 2.1450798499538455
5, 3, 6, 301, 210, 1000, 0.038773091277584104, 0
5, 3, 6, 301, 210, 210, 0, 2.1063067586762614
5, 3, 7, 301, 210, 1000, 0.038072253680674795, 0
5, 3, 7, 301, 210, 210, 0, 2.0682345049955866
5, 3, 8, 301, 210, 1000, 0.03738408397588033, 0
5, 3, 8, 301, 210, 210, 0, 2.0308504210197063
5, 3, 9, 301, 210, 1000, 0.036708353186484244, 0
5, 3, 9, 301, 210, 210, 0, 1.994142067833222
5, 3, 10, 301, 210, 1000, 0.03604483647461021, 0
5, 3, 10, 301, 210, 210, 0, 1.9580972313586118
5, 3, 11, 301, 210, 1000, 0.035393313066404364, 0
5, 3, 11, 301, 210, 210, 0, 1.9227039182922074
5, 3, 12, 301, 210, 1000, 0.034753566178581385, 0
5, 3, 12, 301, 210, 210, 0, 1.887950352113626
5, 3, 13, 301, 210, 1000, 0.03412538294629153, 0
5, 3, 13, 301, 210, 210, 0, 1.8538249691673345
5, 3, 14, 301, 210, 1000, 0.03350855435229394, 0
5, 3, 14, 301, 210, 210, 0, 1.8203164148150406
5, 3, 15, 301, 210, 1000, 0.03290287515741075, 0
5, 3, 15, 301, 210, 210, 0, 1.7874135396576298
5, 3, 16, 301, 210, 1000, 0.03230814383223324, 0
5, 3, 16, 301, 210, 210, 0, 1.7551053958253966
5, 3, 17, 301, 210, 1000, 0.031724162490073704, 0
5, 3, 17, 301, 210, 210, 0, 1.723381233335323
5, 3, 18, 301, 210, 1000, 0.031150736821113467, 0
5, 3, 18, 301, 210, 210, 0, 1.6922304965142094
5, 3, 19, 301, 210, 1000, 0.03058767602775636, 0
5, 3, 19, 301, 210, 210, 0, 1.661642820486453
5, 3, 3, 300, 200, 1004, 0.4127184102597787, 0
5, 3, 3, 300, 200, 1005, 0.13757280341992623, 0
5, 3, 3, 300, 200, 200, 0, 1.328520511320295
5, 3, 4, 300, 200, 1004, 0.29183598661522125, 0
5, 3, 4, 300, 200, 1005, 0.09727866220507375, 0
5, 3, 4, 300, 200, 200, 0, 0.9394058625
5, 3, 5, 300, 200, 1004, 0.20635920512988942, 0
5, 3, 5, 300, 200, 1005, 0.06878640170996314, 0
5, 3, 5, 300, 200, 200, 0, 0.6642602556601476
5, 3, 6, 300, 200, 1004, 0.1459179933076107, 0
5, 3, 6, 300, 200, 1005, 0.048639331102536904, 0
5, 3, 6, 300, 200, 200, 0, 0.46970293124999996
5, 3, 7, 300, 200, 1004, 0.10317960256494467, 0
5, 3, 7, 300, 200, 1005, 0.03439320085498156, 0
5, 3, 7, 300, 200, 200, 0, 0.33213012783007373
5, 3, 8, 300, 200, 1004, 0.07295899665380531, 0
5, 3, 8, 300, 200, 1005, 0.024319665551268438, 0
5, 3, 8, 300, 200, 200, 0, 0.234851465625
5, 3, 9, 300, 200, 1004, 0.051589801282472356, 0
5, 3, 9, 300, 200, 1005, 0.017196600427490785, 0
5, 3, 9, 300, 200, 200, 0, 0.1660650639150369
5, 3, 10, 300, 200, 1004, 0.03647949832690268, 0
5, 3, 10, 300, 200, 1005, 0.012159832775634226, 0
5, 3, 10, 300, 200, 200, 0, 0.11742573281249999
5, 3, 11, 300, 200, 1004, 0.025794900641236167, 0
5, 3, 11, 300, 200, 1005, 0.00859830021374539, 0
5, 3, 11, 300, 200, 200, 0, 0.08303253195751843
5, 3, 12, 300, 200, 1004, 0.01823974916345133, 0
5, 3, 12, 300, 200, 1005, 0.0060799163878171095, 0
5, 3, 12, 300, 200, 200, 0, 0.05871286640625
5, 3, 13, 300, 200, 1004, 0.012897450320618089, 0
5, 3, 13, 300, 200, 1005, 0.004299150106872696, 0
5, 3, 13, 300, 200, 200, 0, 0.04151626597875922
5, 3, 14, 300, 200, 1004, 0.00911987458172567, 0
5, 3, 14, 300, 200, 1005, 0.0030399581939085565, 0
5, 3, 14, 300, 200, 200, 0, 0.029356433203124997
5, 3, 15, 300, 200, 1004, 0.006448725160309042, 0
5, 3, 15, 300, 200, 1005, 0.0021495750534363473, 0
5, 3, 15, 300, 200, 200, 0, 0.020758132989379608
5, 3, 16, 300, 200, 1004, 0.004559937290862832, 0
5, 3, 16, 300, 200, 1005, 0.0015199790969542774, 0
5, 3, 16, 300, 200, 200, 0, 0.0146782166015625
5, 3, 17, 300, 200, 1004, 0.0032243625801545222, 0
5, 3, 17, 300, 200, 1005, 0.001074787526718174, 0
5, 3, 17, 300, 200, 200, 0, 0.010379066494689806
5, 3, 18, 300, 200, 1004, 0.0022799686454314174, 0
5, 3, 18, 300, 200, 1005, 0.0007599895484771391, 0
5, 3, 18, 300, 200, 200, 0, 0.007339108300781249
5, 3, 19, 300, 200, 1004, 0.0016121812900772605, 0
5, 3, 19, 300, 200, 1005, 0.0005373937633590868, 0
5, 3, 19, 300, 200, 200, 0, 0.005189533247344902
5, 3, 3, 300, 202, 1004, 0.9905241846234687, 0
5, 3, 3, 300, 202, 202, 0, 2.391336920376531
5, 3, 4, 300, 202, 1004, 0.7004063678765311, 0
5, 3, 4, 300, 202, 202, 0, 1.6909305524999998
5, 3, 5, 300, 202, 1004, 0.49526209231173435, 0
5, 3, 5, 300, 202, 202, 0, 1.1956684601882654
5, 3, 6, 300, 202, 1004, 0.35020318393826555, 0
5, 3, 6, 300, 202, 202, 0, 0.8454652762499999
5, 3, 7, 300, 202, 1004, 0.24763104615586717, 0
5, 3, 7, 300, 202, 202, 0, 0.5978342300941327
5, 3, 8, 300, 202, 1004, 0.17510159196913277, 0
5, 3, 8, 300, 202, 202, 0, 0.42273263812499995
5, 3, 9, 300, 202, 1004, 0.12381552307793359, 0
5, 3, 9, 300, 202, 202, 0, 0.29891711504706636
5, 3, 10, 300, 202, 1004, 0.08755079598456639, 0
5, 3, 10, 300, 202, 202, 0, 0.21136631906249997
5, 3, 11, 300, 202, 1004, 0.06190776153896679, 0
5, 3, 11, 300, 202, 202, 0, 0.14945855752353318
5, 3, 12, 300, 202, 1004, 0.043775397992283194, 0
5, 3, 12, 300, 202, 202, 0, 0.10568315953124999
5, 3, 13, 300, 202, 1004, 0.030953880769483397, 0
5, 3, 13, 300, 202, 202, 0, 0.07472927876176659
5, 3, 14, 300, 202, 1004, 0.021887698996141597, 0
5, 3, 14, 300, 202, 202, 0, 0.052841579765624994
5, 3, 15, 300, 202, 1004, 0.015476940384741698, 0
5, 3, 15, 300, 202, 202, 0, 0.037364639380883295
5, 3, 16, 300, 202, 1004, 0.010943849498070798, 0
5, 3, 16, 300, 202, 202, 0, 0.026420789882812497
5, 3, 17, 300, 202, 1004, 0.007738470192370849, 0
5, 3, 17, 300, 202, 202, 0, 0.018682319690441648
5, 3, 18, 300, 202, 1004, 0.005471924749035399, 0
5, 3, 18, 300, 202, 202, 0, 0.013210394941406248
5, 3, 19, 300, 202, 1004, 0.0038692350961854246, 0
5, 3, 19, 300, 202, 202, 0, 0.009341159845220824
5, 3, 3, 301, 400, 1004, 0.7428931384676015, 0
5, 3, 3, 301, 400, 1005, 0.24763104615586717, 0
5, 3, 3, 301, 400, 400, 0, 2.391336920376531
5, 3, 4, 301, 400, 1004, 0.5253047759073983, 0
5, 3, 4, 301, 400, 1005, 0.17510159196913277, 0
5, 3, 4, 301, 400, 400, 0, 1.6909305524999998
5, 3, 5, 301, 400, 1004, 0.37144656923380076, 0
5, 3, 5, 301, 400, 1005, 0.12381552307793359, 0
5, 3, 5, 301, 400, 400, 0, 1.1956684601882654
5, 3, 6, 301, 400, 1004, 0.26265238795369916, 0
5, 3, 6, 301, 400, 1005, 0.08755079598456639, 0
5, 3, 6, 301, 400, 400, 0, 0.8454652762499999
5, 3, 7, 301, 400, 1004, 0.18572328461690038, 0
5, 3, 7, 301, 400, 1005, 0.06190776153896679, 0
5, 3, 7, 301, 400, 400, 0, 0.5978342300941327
5, 3, 8, 301, 400, 1004, 0.13132619397684958, 0
5, 3, 8, 301, 400, 1005, 0.043775397992283194, 0
5, 3, 8, 301, 400, 400, 0, 0.42273263812499995
5, 3, 9, 301, 400, 1004, 0.09286164230845019, 0
5, 3, 9, 301, 400, 1005, 0.030953880769483397, 0
5, 3, 9, 301, 400, 400, 0, 0.29891711504706636
5, 3, 10, 301, 400, 1004, 0.06566309698842479, 0
5, 3, 10, 301, 400, 1005, 0.021887698996141597, 0
5, 3, 10, 301, 400, 400, 0, 0.21136631906249997
5, 3, 11, 301, 400, 1004, 0.046430821154225095, 0
5, 3, 11, 301, 400, 1005, 0.015476940384741698, 0
5, 3, 11, 301, 400, 400, 0, 0.14945855752353318
5, 3, 12, 301, 400, 1004, 0.032831548494212395, 0
5, 3, 12, 301, 400, 1005, 0.010943849498070798, 0
5, 3, 12, 301, 400, 400, 0, 0.10568315953124999
5, 3, 13, 301, 400, 1004, 0.023215410577112548, 0
5, 3, 13, 301, 400, 1005, 0.007738470192370849, 0
5, 3, 13, 301, 400, 400, 0, 0.07472927876176659
5, 3, 14, 301, 400, 1004, 0.016415774247106198, 0
5, 3, 14, 301, 400, 1005, 0.005471924749035399, 0
5, 3, 14, 301, 400, 400, 0, 0.052841579765624994
5, 3, 15, 301, 400, 1004, 0.011607705288556274, 0
5, 3, 15, 301, 400, 1005, 0.0038692350961854246, 0
5, 3, 15, 301, 400, 400, 0, 0.037364639380883295
5, 3, 16, 301, 400, 1004, 0.008207887123553099, 0
5, 3, 16, 301, 400, 1005, 0.0027359623745176996, 0
5, 3, 16, 301, 400, 400, 0, 0.026420789882812497
5, 3, 17, 301, 400, 1004, 0.005803852644278137, 0
5, 3, 17, 301, 400, 1005, 0.0019346175480927123, 0
5, 3, 17, 301, 400, 400, 0, 0.018682319690441648
5, 3, 18, 301, 400, 1004, 0.004103943561776549, 0
5, 3, 18, 301, 400, 1005, 0.0013679811872588498, 0
5, 3, 18, 301, 400, 400, 0, 0.013210394941406248
5, 3, 19, 301, 400, 1004, 0.0029019263221390684, 0
5, 3, 19, 301, 400, 1005, 0.0009673087740463561, 0
5, 3, 19, 301, 400, 400, 0, 0.009341159845220824
5, 4, 4, 300, 204, 1000, 9.511413276408338E-05, 0
5, 4, 4, 300, 204, 1005, 2.3778533191020844E-05, 0
5, 4, 4, 300, 204, 204, 0, 0.0153779573340449
5, 4, 5, 300, 204, 1000, 9.438441202636456E-05, 0
5, 4, 5, 300, 204, 1005, 2.359610300659114E-05, 0
5, 4, 5, 300, 204, 204, 0, 0.015259976819011945
5, 4, 6, 300, 204, 1000, 9.366028974535784E-05, 0
5, 4, 6, 300, 204, 1005, 2.341507243633946E-05, 0
5, 4, 6, 300, 204, 204, 0, 0.015142901456830248
5, 4, 7, 300, 204, 1000, 9.294172296940157E-05, 0
5, 4, 7, 300, 204, 1005, 2.323543074235039E-05, 0
5, 4, 7, 300, 204, 204, 0, 0.015026724303118496
5, 4, 8, 300, 204, 1000, 9.222866907636629E-05, 0
5, 4, 8, 300, 204, 1005, 2.3057167269091573E-05, 0
5, 4, 8, 300, 204, 204, 0, 0.014911438466773038
5, 4, 9, 300, 204, 1000, 9.152108577111656E-05, 0
5, 4, 9, 300, 204, 1005, 2.288027144277914E-05, 0
5, 4, 9, 300, 204, 204, 0, 0.014797037109559142
5, 4, 10, 300, 204, 1000, 9.08189310830046E-05, 0
5, 4, 10, 300, 204, 1005, 2.270473277075115E-05, 0
5, 4, 10, 300, 204, 204, 0, 0.014683513445705386
5, 4, 11, 300, 204, 1000, 9.012216336339585E-05, 0
5, 4, 11, 300, 204, 1005, 2.2530540840848963E-05, 0
5, 4, 11, 300, 204, 204, 0, 0.014570860741501141
5, 4, 12, 300, 204, 1000, 8.943074128317103E-05, 0
5, 4, 12, 300, 204, 1005, 2.2357685320792756E-05, 0
5, 4, 12, 300, 204, 204, 0, 0.014459072314897178
5, 4, 13, 300, 204, 1000, 8.874462383030163E-05, 0
5, 4, 13, 300, 204, 1005, 2.2186155957575407E-05, 0
5, 4, 13, 300, 204, 204, 0, 0.0143481415351093
5, 4, 14, 300, 204, 1000, 8.806377030740054E-05, 0
5, 4, 14, 300, 204, 1005, 2.2015942576850134E-05, 0
5, 4, 14, 300, 204, 204, 0, 0.01423806182222505
5, 4, 15, 300, 204, 1000, 8.738814032931419E-05, 0
5, 4, 15, 300, 204, 1005, 2.1847035082328548E-05, 0
5, 4, 15, 300, 204, 204, 0, 0.014128826646813407
5, 4, 16, 300, 204, 1000, 8.671769382072731E-05, 0
5, 4, 16, 300, 204, 1005, 2.167942345518183E-05, 0
5, 4, 16, 300, 204, 204, 0, 0.014020429529537498
5, 4, 17, 300, 204, 1000, 8.605239101378143E-05, 0
5, 4, 17, 300, 204, 1005, 2.151309775344536E-05, 0
5, 4, 17, 300, 204, 204, 0, 0.013912864040770271
5, 4, 18, 300, 204, 1000, 8.53921924457199E-05, 0
5, 4, 18, 300, 204, 1005, 2.1348048111429974E-05, 0
5, 4, 18, 300, 204, 204, 0, 0.013806123800213121
5, 4, 19, 300, 204, 1000, 8.473705895655215E-05, 0
5, 4, 19, 300, 204, 1005, 2.1184264739138037E-05, 0
5, 4, 19, 300, 204, 204, 0, 0.013700202476517431
5, 4, 4, 300, 205, 1000, 9.123937044526811E-06, 0
5, 4, 4, 300, 205, 1005, 2.280984261131703E-06, 0
5, 4, 4, 300, 205, 205, 0, 0.0012283430786943419
5, 4, 5, 300, 205, 1000, 9.040002419110488E-06, 0
5, 4, 5, 300, 205, 1005, 2.260000604777622E-06, 0
5, 4, 5, 300, 205, 205, 0, 0.0012170430756704537
5, 4, 6, 300, 205, 1000, 8.956839940773772E-06, 0
5, 4, 6, 300, 205, 1005, 2.239209985193443E-06, 0
5, 4, 6, 300, 205, 205, 0, 0.0012058470257444865
5, 4, 7, 300, 205, 1000, 8.874442506237243E-06, 0
5, 4, 7, 300, 205, 1005, 2.2186106265593107E-06, 0
5, 4, 7, 300, 205, 205, 0, 0.00119475397261169
5, 4, 8, 300, 205, 1000, 8.792803077566949E-06, 0
5, 4, 8, 300, 205, 1005, 2.198200769391737E-06, 0
5, 4, 8, 300, 205, 205, 0, 0.0011837629687647313
5, 4, 9, 300, 205, 1000, 8.711914681573501E-06, 0
5, 4, 9, 300, 205, 1005, 2.1779786703933753E-06, 0
5, 4, 9, 300, 205, 205, 0, 0.0011728730754127644
5, 4, 10, 300, 205, 1000, 8.631770409217587E-06, 0
5, 4, 10, 300, 205, 1005, 2.157942602304397E-06, 0
5, 4, 10, 300, 205, 205, 0, 0.0011620833624012424
5, 4, 11, 300, 205, 1000, 8.552363415017216E-06, 0
5, 4, 11, 300, 205, 1005, 2.138090853754304E-06, 0
5, 4, 11, 300, 205, 205, 0, 0.001151392908132471
5, 4, 12, 300, 205, 1000, 8.473686916466405E-06, 0
5, 4, 12, 300, 205, 1005, 2.118421729116601E-06, 0
5, 4, 12, 300, 205, 205, 0, 0.001140800799486888
5, 4, 13, 300, 205, 1000, 8.39573419345232E-06, 0
5, 4, 13, 300, 205, 1005, 2.09893354836308E-06, 0
5, 4, 13, 300, 205, 205, 0, 0.0011303061317450725
5, 4, 14, 300, 205, 1000, 8.318498587684548E-06, 0
5, 4, 14, 300, 205, 1005, 2.079624646921137E-06, 0
5, 4, 14, 300, 205, 205, 0, 0.0011199080085104668
5, 4, 15, 300, 205, 1000, 8.241973502123684E-06, 0
5, 4, 15, 300, 205, 1005, 2.060493375530921E-06, 0
5, 4, 15, 300, 205, 205, 0, 0.0011096055416328122
5, 4, 16, 300, 205, 1000, 8.166152400419964E-06, 0
5, 4, 16, 300, 205, 1005, 2.041538100104991E-06, 0
5, 4, 16, 300, 205, 205, 0, 0.0010993978511322873
5, 4, 17, 300, 205, 1000, 8.091028806353312E-06, 0
5, 4, 17, 300, 205, 1005, 2.022757201588328E-06, 0
5, 4, 17, 300, 205, 205, 0, 0.0010892840651243456
5, 4, 18, 300, 205, 1000, 8.01659630328168E-06, 0
5, 4, 18, 300, 205, 1005, 2.00414907582042E-06, 0
5, 4, 18, 300, 205, 205, 0, 0.0010792633197452435
5, 4, 19, 300, 205, 1000, 7.942848533591154E-06, 0
5, 4, 19, 300, 205, 1005, 1.9857121333977884E-06, 0
5, 4, 19, 300, 205, 205, 0, 0.0010693347590782546
5, 4, 4, 300, 206, 1000, 0.00011204445924527327, 0
5, 4, 4, 300, 206, 206, 0, 0.006086695540754729
5, 4, 5, 300, 206, 1000, 0.00011001921526866514, 0
5, 4, 5, 300, 206, 206, 0, 0.005976676325486064
5, 4, 6, 300, 206, 1000, 0.00010803057830673871, 0
5, 4, 6, 300, 206, 206, 0, 0.005868645747179325
5, 4, 7, 300, 206, 1000, 0.00010607788667451462, 0
5, 4, 7, 300, 206, 206, 0, 0.00576256786050481
5, 4, 8, 300, 206, 1000, 0.000104160490647205, 0
5, 4, 8, 300, 206, 206, 0, 0.005658407369857605
5, 4, 9, 300, 206, 1000, 0.0001022777522440314, 0
5, 4, 9, 300, 206, 206, 0, 0.005556129617613574
5, 4, 10, 300, 206, 1000, 0.0001004290450159484, 0
5, 4, 10, 300, 206, 206, 0, 0.0054557005725976255
5, 4, 11, 300, 206, 1000, 9.86137538372036E-05, 0
5, 4, 11, 300, 206, 206, 0, 0.005357086818760422
5, 4, 12, 300, 206, 1000, 9.683127470066447E-05, 0
5, 4, 12, 300, 206, 206, 0, 0.0052602555440597575
5, 4, 13, 300, 206, 1000, 9.508101451684205E-05, 0
5, 4, 13, 300, 206, 206, 0, 0.005165174529542915
5, 4, 14, 300, 206, 1000, 9.336239091655655E-05, 0
5, 4, 14, 300, 206, 206, 0, 0.005071812138626359
5, 4, 15, 300, 206, 1000, 9.167483205716007E-05, 0
5, 4, 15, 300, 206, 206, 0, 0.004980137306569199
5, 4, 16, 300, 206, 1000, 9.001777643226957E-05, 0
5, 4, 16, 300, 206, 206, 0, 0.004890119530136929
5, 4, 17, 300, 206, 1000, 8.839067268492234E-05, 0
5, 4, 17, 300, 206, 206, 0, 0.004801728857452007
5, 4, 18, 300, 206, 1000, 8.679297942414729E-05, 0
5, 4, 18, 300, 206, 206, 0, 0.00471493587802786
5, 4, 19, 300, 206, 1000, 8.522416504479473E-05, 0
5, 4, 19, 300, 206, 206, 0, 0.004629711712983065
5, 4, 4, 300, 207, 1000, 0.0003539485431697572, 0
5, 4, 4, 300, 207, 207, 0, 0.015142901456830248
5, 4, 5, 300, 207, 1000, 0.0003458643472711055, 0
5, 4, 5, 300, 207, 207, 0, 0.014797037109559142
5, 4, 6, 300, 207, 1000, 0.00033796479466196433, 0
5, 4, 6, 300, 207, 207, 0, 0.014459072314897178
5, 4, 7, 300, 207, 1000, 0.00033024566808377044, 0
5, 4, 7, 300, 207, 207, 0, 0.014128826646813407
5, 4, 8, 300, 207, 1000, 0.00032270284660028577, 0
5, 4, 8, 300, 207, 207, 0, 0.013806123800213121
5, 4, 9, 300, 207, 1000, 0.0003153323033975759, 0
5, 4, 9, 300, 207, 207, 0, 0.013490791496815546
5, 4, 10, 300, 207, 1000, 0.00030813010363427325, 0
5, 4, 10, 300, 207, 207, 0, 0.013182661393181272
5, 4, 11, 300, 207, 1000, 0.0003010924023409082, 0
5, 4, 11, 300, 207, 207, 0, 0.012881568990840364
5, 4, 12, 300, 207, 1000, 0.0002942154423672301, 0
5, 4, 12, 300, 207, 207, 0, 0.012587353548473134
5, 4, 13, 300, 207, 1000, 0.00028749555237643325, 0
5, 4, 13, 300, 207, 207, 0, 0.0122998579960967
5, 4, 14, 300, 207, 1000, 0.0002809291448851413, 0
5, 4, 14, 300, 207, 207, 0, 0.01201892885121156
5, 4, 15, 300, 207, 1000, 0.00027451271434822573, 0
5, 4, 15, 300, 207, 207, 0, 0.011744416136863334
5, 4, 16, 300, 207, 1000, 0.00026824283528730994, 0
5, 4, 16, 300, 207, 207, 0, 0.011476173301576024
5, 4, 17, 300, 207, 1000, 0.0002621161604620583, 0
5, 4, 17, 300, 207, 207, 0, 0.011214057141113965
5, 4, 18, 300, 207, 1000, 0.0002561294190832116, 0
5, 4, 18, 300, 207, 207, 0, 0.010957927722030754
5, 4, 19, 300, 207, 1000, 0.00025027941506643517, 0
5, 4, 19, 300, 207, 207, 0, 0.010707648306964319
5, 4, 4, 300, 208, 1000, 3.6495748178107246E-05, 0
5, 4, 4, 300, 208, 1005, 9.123937044526811E-06, 0
5, 4, 4, 300, 208, 208, 0, 0.004913372314777367
5, 4, 5, 300, 208, 1000, 3.616000967644195E-05, 0
5, 4, 5, 300, 208, 1005, 9.040002419110488E-06, 0
5, 4, 5, 300, 208, 208, 0, 0.004868172302681815
5, 4, 6, 300, 208, 1000, 3.582735976309509E-05, 0
5, 4, 6, 300, 208, 1005, 8.956839940773772E-06, 0
5, 4, 6, 300, 208, 208, 0, 0.004823388102977946
5, 4, 7, 300, 208, 1000, 3.549777002494897E-05, 0
5, 4, 7, 300, 208, 1005, 8.874442506237243E-06, 0
5, 4, 7, 300, 208, 208, 0, 0.00477901589044676
5, 4, 8, 300, 208, 1000, 3.5171212310267795E-05, 0
5, 4, 8, 300, 208, 1005, 8.792803077566949E-06, 0
5, 4, 8, 300, 208, 208, 0, 0.004735051875058925
5, 4, 9, 300, 208, 1000, 3.4847658726294005E-05, 0
5, 4, 9, 300, 208, 1005, 8.711914681573501E-06, 0
5, 4, 9, 300, 208, 208, 0, 0.004691492301651058
5, 4, 10, 300, 208, 1000, 3.452708163687035E-05, 0
5, 4, 10, 300, 208, 1005, 8.631770409217587E-06, 0
5, 4, 10, 300, 208, 208, 0, 0.00464833344960497
5, 4, 11, 300, 208, 1000, 3.4209453660068866E-05, 0
5, 4, 11, 300, 208, 1005, 8.552363415017216E-06, 0
5, 4, 11, 300, 208, 208, 0, 0.004605571632529884
5, 4, 12, 300, 208, 1000, 3.389474766586562E-05, 0
5, 4, 12, 300, 208, 1005, 8.473686916466405E-06, 0
5, 4, 12, 300, 208, 208, 0, 0.004563203197947552
5, 4, 13, 300, 208, 1000, 3.358293677380928E-05, 0
5, 4, 13, 300, 208, 1005, 8.39573419345232E-06, 0
5, 4, 13, 300, 208, 208, 0, 0.00452122452698029
5, 4, 14, 300, 208, 1000, 3.3273994350738194E-05, 0
5, 4, 14, 300, 208, 1005, 8.318498587684548E-06, 0
5, 4, 14, 300, 208, 208, 0, 0.004479632034041867
5, 4, 15, 300, 208, 1000, 3.2967894008494734E-05, 0
5, 4, 15, 300, 208, 1005, 8.241973502123684E-06, 0
5, 4, 15, 300, 208, 208, 0, 0.004438422166531249
5, 4, 16, 300, 208, 1000, 3.2664609601679856E-05, 0
5, 4, 16, 300, 208, 1005, 8.166152400419964E-06, 0
5, 4, 16, 300, 208, 208, 0, 0.004397591404529149
5, 4, 17, 300, 208, 1000, 3.2364115225413247E-05, 0
5, 4, 17, 300, 208, 1005, 8.091028806353312E-06, 0
5, 4, 17, 300, 208, 208, 0, 0.0043571362604973825
5, 4, 18, 300, 208, 1000, 3.206638521312672E-05, 0
5, 4, 18, 300, 208, 1005, 8.01659630328168E-06, 0
5, 4, 18, 300, 208, 208, 0, 0.004317053278980974
5, 4, 19, 300, 208, 1000, 3.1771394134364615E-05, 0
5, 4, 19, 300, 208, 1005, 7.942848533591154E-06, 0
5, 4, 19, 300, 208, 208, 0, 0.004277339036313018
5, 4, 4, 300, 209, 1000, 0.0018155689111877009, 0
5, 4, 4, 300, 209, 209, 0, 0.004383171088812301
5, 4, 5, 300, 209, 1000, 0.0012838010888123002, 0
5, 4, 5, 300, 209, 209, 0, 0.003099370000000001
5, 4, 6, 300, 209, 1000, 0.0009077844555938504, 0
5, 4, 6, 300, 209, 209, 0, 0.0021915855444061506
5, 4, 7, 300, 209, 1000, 0.0006419005444061501, 0
5, 4, 7, 300, 209, 209, 0, 0.0015496850000000005
5, 4, 8, 300, 209, 1000, 0.0004538922277969252, 0
5, 4, 8, 300, 209, 209, 0, 0.0010957927722030753
5, 4, 9, 300, 209, 1000, 0.00032095027220307504, 0
5, 4, 9, 300, 209, 209, 0, 0.0007748425000000003
5, 4, 10, 300, 209, 1000, 0.0002269461138984626, 0
5, 4, 10, 300, 209, 209, 0, 0.0005478963861015377
5, 4, 11, 300, 209, 1000, 0.00016047513610153752, 0
5, 4, 11, 300, 209, 209, 0, 0.00038742125000000013
5, 4, 12, 300, 209, 1000, 0.0001134730569492313, 0
5, 4, 12, 300, 209, 209, 0, 0.0002739481930507688
5, 4, 13, 300, 209, 1000, 8.023756805076876E-05, 0
5, 4, 13, 300, 209, 209, 0, 0.00019371062500000006
5, 4, 14, 300, 209, 1000, 5.673652847461565E-05, 0
5, 4, 14, 300, 209, 209, 0, 0.0001369740965253844
5, 4, 15, 300, 209, 1000, 4.011878402538438E-05, 0
5, 4, 15, 300, 209, 209, 0, 9.685531250000003E-05
5, 4, 16, 300, 209, 1000, 2.8368264237307826E-05, 0
5, 4, 16, 300, 209, 209, 0, 6.84870482626922E-05
5, 4, 17, 300, 209, 1000, 2.005939201269219E-05, 0
5, 4, 17, 300, 209, 209, 0, 4.8427656250000016E-05
5, 4, 18, 300, 209, 1000, 1.4184132118653913E-05, 0
5, 4, 18, 300, 209, 209, 0, 3.42435241313461E-05
5, 4, 19, 300, 209, 1000, 1.0029696006346095E-05, 0
5, 4, 19, 300, 209, 209, 0, 2.4213828125000008E-05
5, 4, 4, 300, 210, 1000, 0.0001568622429433831, 0
5, 4, 4, 300, 210, 210, 0, 0.008521373757056621
5, 4, 5, 300, 210, 1000, 0.0001540269013761298, 0
5, 4, 5, 300, 210, 210, 0, 0.008367346855680491
5, 4, 6, 300, 210, 1000, 0.00015124280962943402, 0
5, 4, 6, 300, 210, 210, 0, 0.008216104046051057
5, 4, 7, 300, 210, 1000, 0.00014850904134432186, 0
5, 4, 7, 300, 210, 210, 0, 0.008067595004706735
5, 4, 8, 300, 210, 1000, 0.00014582468690608683, 0
5, 4, 8, 300, 210, 210, 0, 0.007921770317800648
5, 4, 9, 300, 210, 1000, 0.00014318885314164396, 0
5, 4, 9, 300, 210, 210, 0, 0.0077785814646590045
5, 4, 10, 300, 210, 1000, 0.00014060066302232742, 0
5, 4, 10, 300, 210, 210, 0, 0.007637980801636677
5, 4, 11, 300, 210, 1000, 0.00013805925537208573, 0
5, 4, 11, 300, 210, 210, 0, 0.007499921546264591
5, 4, 12, 300, 210, 1000, 0.0001355637845809306, 0
5, 4, 12, 300, 210, 210, 0, 0.007364357761683661
5, 4, 13, 300, 210, 1000, 0.00013311342032357783, 0
5, 4, 13, 300, 210, 210, 0, 0.007231244341360083
5, 4, 14, 300, 210, 1000, 0.00013070734728317952, 0
5, 4, 14, 300, 210, 210, 0, 0.007100536994076903
5, 4, 15, 300, 210, 1000, 0.00012834476488002462, 0
5, 4, 15, 300, 210, 210, 0, 0.006972192229196879
5, 4, 16, 300, 210, 1000, 0.00012602488700517653, 0
5, 4, 16, 300, 210, 210, 0, 0.006846167342191702
5, 4, 17, 300, 210, 1000, 0.00012374694175889232, 0
5, 4, 17, 300, 210, 210, 0, 0.00672242040043281
5, 4, 18, 300, 210, 1000, 0.00012151017119380568, 0
5, 4, 18, 300, 210, 210, 0, 0.006600910229239004
5, 4, 19, 300, 210, 1000, 0.00011931383106271194, 0
5, 4, 19, 300, 210, 210, 0, 0.006481596398176292
5, 4, 4, 301, 204, 1000, 0.0003804565310563335, 0
5, 4, 4, 301, 204, 1005, 9.511413276408338E-05, 0
5, 4, 4, 301, 204, 204, 0, 0.0615118293361796
5, 4, 5, 301, 204, 1000, 0.00037753764810545824, 0
5, 4, 5, 301, 204, 1005, 9.438441202636456E-05, 0
5, 4, 5, 301, 204, 204, 0, 0.06103990727604778
5, 4, 6, 301, 204, 1000, 0.00037464115898143137, 0
5, 4, 6, 301, 204, 1005, 9.366028974535784E-05, 0
5, 4, 6, 301, 204, 204, 0, 0.06057160582732099
5, 4, 7, 301, 204, 1000, 0.00037176689187760626, 0
5, 4, 7, 301, 204, 1005, 9.294172296940157E-05, 0
5, 4, 7, 301, 204, 204, 0, 0.06010689721247398
5, 4, 8, 301, 204, 1000, 0.00036891467630546516, 0
5, 4, 8, 301, 204, 1005, 9.222866907636629E-05, 0
5, 4, 8, 301, 204, 204, 0, 0.05964575386709215
5, 4, 9, 301, 204, 1000, 0.00036608434308446625, 0
5, 4, 9, 301, 204, 1005, 9.152108577111656E-05, 0
5, 4, 9, 301, 204, 204, 0, 0.05918814843823657
5, 4, 10, 301, 204, 1000, 0.0003632757243320184, 0
5, 4, 10, 301, 204, 1005, 9.08189310830046E-05, 0
5, 4, 10, 301, 204, 204, 0, 0.058734053782821545
5, 4, 11, 301, 204, 1000, 0.0003604886534535834, 0
5, 4, 11, 301, 204, 1005, 9.012216336339585E-05, 0
5, 4, 11, 301, 204, 204, 0, 0.058283442966004566
5, 4, 12, 301, 204, 1000, 0.0003577229651326841, 0
5, 4, 12, 301, 204, 1005, 8.943074128317103E-05, 0
5, 4, 12, 301, 204, 204, 0, 0.05783628925958871
5, 4, 13, 301, 204, 1000, 0.0003549784953212065, 0
5, 4, 13, 301, 204, 1005, 8.874462383030163E-05, 0
5, 4, 13, 301, 204, 204, 0, 0.0573925661404372
5, 4, 14, 301, 204, 1000, 0.00035225508122960214, 0
5, 4, 14, 301, 204, 1005, 8.806377030740054E-05, 0
5, 4, 14, 301, 204, 204, 0, 0.0569522472889002
5, 4, 15, 301, 204, 1000, 0.00034955256131725677, 0
5, 4, 15, 301, 204, 1005, 8.738814032931419E-05, 0
5, 4, 15, 301, 204, 204, 0, 0.05651530658725363
5, 4, 16, 301, 204, 1000, 0.00034687077528290926, 0
5, 4, 16, 301, 204, 1005, 8.671769382072731E-05, 0
5, 4, 16, 301, 204, 204, 0, 0.05608171811814999
5, 4, 17, 301, 204, 1000, 0.00034420956405512574, 0
5, 4, 17, 301, 204, 1005, 8.605239101378143E-05, 0
5, 4, 17, 301, 204, 204, 0, 0.055651456163081085
5, 4, 18, 301, 204, 1000, 0.0003415687697828796, 0
5, 4, 18, 301, 204, 1005, 8.53921924457199E-05, 0
5, 4, 18, 301, 204, 204, 0, 0.055224495200852486
5, 4, 19, 301, 204, 1000, 0.0003389482358262086, 0
5, 4, 19, 301, 204, 1005, 8.473705895655215E-05, 0
5, 4, 19, 301, 204, 204, 0, 0.054800809906069725
5, 4, 4, 301, 205, 1000, 3.6495748178107246E-05, 0
5, 4, 4, 301, 205, 1005, 9.123937044526811E-06, 0
5, 4, 4, 301, 205, 205, 0, 0.004913372314777367
5, 4, 5, 301, 205, 1000, 3.616000967644195E-05, 0
5, 4, 5, 301, 205, 1005, 9.040002419110488E-06, 0
5, 4, 5, 301, 205, 205, 0, 0.004868172302681815
5, 4, 6, 301, 205, 1000, 3.582735976309509E-05, 0
5, 4, 6, 301, 205, 1005, 8.956839940773772E-06, 0
5, 4, 6, 301, 205, 205, 0, 0.004823388102977946
5, 4, 7, 301, 205, 1000, 3.549777002494897E-05, 0
5, 4, 7, 301, 205, 1005, 8.874442506237243E-06, 0
5, 4, 7, 301, 205, 205, 0, 0.00477901589044676
5, 4, 8, 301, 205, 1000, 3.5171212310267795E-05, 0
5, 4, 8, 301, 205, 1005, 8.792803077566949E-06, 0
5, 4, 8, 301, 205, 205, 0, 0.004735051875058925
5, 4, 9, 301, 205, 1000, 3.4847658726294005E-05, 0
5, 4, 9, 301, 205, 1005, 8.711914681573501E-06, 0
5, 4, 9, 301, 205, 205, 0, 0.004691492301651058
5, 4, 10, 301, 205, 1000, 3.452708163687035E-05, 0
5, 4, 10, 301, 205, 1005, 8.631770409217587E-06, 0
5, 4, 10, 301, 205, 205, 0, 0.00464833344960497
5, 4, 11, 301, 205, 1000, 3.4209453660068866E-05, 0
5, 4, 11, 301, 205, 1005, 8.552363415017216E-06, 0
5, 4, 11, 301, 205, 205, 0, 0.004605571632529884
5, 4, 12, 301, 205, 1000, 3.389474766586562E-05, 0
5, 4, 12, 301, 205, 1005, 8.473686916466405E-06, 0
5, 4, 12, 301, 205, 205, 0, 0.004563203197947552
5, 4, 13, 301, 205, 1000, 3.358293677380928E-05, 0
5, 4, 13, 301, 205, 1005, 8.39573419345232E-06, 0
5, 4, 13, 301, 205, 205, 0, 0.00452122452698029
5, 4, 14, 301, 205, 1000, 3.3273994350738194E-05, 0
5, 4, 14, 301, 205, 1005, 8.318498587684548E-06, 0
5, 4, 14, 301, 205, 205, 0, 0.004479632034041867
5, 4, 15, 301, 205, 1000, 3.2967894008494734E-05, 0
5, 4, 15, 301, 205, 1005, 8.241973502123684E-06, 0
5, 4, 15, 301, 205, 205, 0, 0.004438422166531249
5, 4, 16, 301, 205, 1000, 3.2664609601679856E-05, 0
5, 4, 16, 301, 205, 1005, 8.166152400419964E-06, 0
5, 4, 16, 301, 205, 205, 0, 0.004397591404529149
5, 4, 17, 301, 205, 1000, 3.2364115225413247E-05, 0
5, 4, 17, 301, 205, 1005, 8.091028806353312E-06, 0
5, 4, 17, 301, 205, 205, 0, 0.0043571362604973825
5, 4, 18, 301, 205, 1000, 3.206638521312672E-05, 0
5, 4, 18, 301, 205, 1005, 8.01659630328168E-06, 0
5, 4, 18, 301, 205, 205, 0, 0.004317053278980974
5, 4, 19, 301, 205, 1000, 3.1771394134364615E-05, 0
5, 4, 19, 301, 205, 1005, 7.942848533591154E-06, 0
5, 4, 19, 301, 205, 205, 0, 0.004277339036313018
5, 4, 4, 301, 206, 1000, 0.00044817783698109306, 0
5, 4, 4, 301, 206, 206, 0, 0.024346782163018915
5, 4, 5, 301, 206, 1000, 0.00044007686107466054, 0
5, 4, 5, 301, 206, 206, 0, 0.023906705301944255
5, 4, 6, 301, 206, 1000, 0.00043212231322695485, 0
5, 4, 6, 301, 206, 206, 0, 0.0234745829887173
5, 4, 7, 301, 206, 1000, 0.0004243115466980585, 0
5, 4, 7, 301, 206, 206, 0, 0.02305027144201924
5, 4, 8, 301, 206, 1000, 0.00041664196258882, 0
5, 4, 8, 301, 206, 206, 0, 0.02263362947943042
5, 4, 9, 301, 206, 1000, 0.0004091110089761256, 0
5, 4, 9, 301, 206, 206, 0, 0.022224518470454296
5, 4, 10, 301, 206, 1000, 0.0004017161800637936, 0
5, 4, 10, 301, 206, 206, 0, 0.021822802290390502
5, 4, 11, 301, 206, 1000, 0.0003944550153488144, 0
5, 4, 11, 301, 206, 206, 0, 0.021428347275041688
5, 4, 12, 301, 206, 1000, 0.0003873250988026579, 0
5, 4, 12, 301, 206, 206, 0, 0.02104102217623903
5, 4, 13, 301, 206, 1000, 0.0003803240580673682, 0
5, 4, 13, 301, 206, 206, 0, 0.02066069811817166
5, 4, 14, 301, 206, 1000, 0.0003734495636662262, 0
5, 4, 14, 301, 206, 206, 0, 0.020287248554505435
5, 4, 15, 301, 206, 1000, 0.0003666993282286403, 0
5, 4, 15, 301, 206, 206, 0, 0.019920549226276795
5, 4, 16, 301, 206, 1000, 0.00036007110572907827, 0
5, 4, 16, 301, 206, 206, 0, 0.019560478120547717
5, 4, 17, 301, 206, 1000, 0.0003535626907396894, 0
5, 4, 17, 301, 206, 206, 0, 0.019206915429808027
5, 4, 18, 301, 206, 1000, 0.00034717191769658914, 0
5, 4, 18, 301, 206, 206, 0, 0.01885974351211144
5, 4, 19, 301, 206, 1000, 0.00034089666017917894, 0
5, 4, 19, 301, 206, 206, 0, 0.01851884685193226
5, 4, 4, 301, 207, 1000, 0.0014157941726790288, 0
5, 4, 4, 301, 207, 207, 0, 0.06057160582732099
5, 4, 5, 301, 207, 1000, 0.001383457389084422, 0
5, 4, 5, 301, 207, 207, 0, 0.05918814843823657
5, 4, 6, 301, 207, 1000, 0.0013518591786478573, 0
5, 4, 6, 301, 207, 207, 0, 0.05783628925958871
5, 4, 7, 301, 207, 1000, 0.0013209826723350818, 0
5, 4, 7, 301, 207, 207, 0, 0.05651530658725363
5, 4, 8, 301, 207, 1000, 0.001290811386401143, 0
5, 4, 8, 301, 207, 207, 0, 0.055224495200852486
5, 4, 9, 301, 207, 1000, 0.0012613292135903037, 0
5, 4, 9, 301, 207, 207, 0, 0.05396316598726218
5, 4, 10, 301, 207, 1000, 0.001232520414537093, 0
5, 4, 10, 301, 207, 207, 0, 0.05273064557272509
5, 4, 11, 301, 207, 1000, 0.0012043696093636327, 0
5, 4, 11, 301, 207, 207, 0, 0.051526275963361456
5, 4, 12, 301, 207, 1000, 0.0011768617694689204, 0
5, 4, 12, 301, 207, 207, 0, 0.050349414193892536
5, 4, 13, 301, 207, 1000, 0.001149982209505733, 0
5, 4, 13, 301, 207, 207, 0, 0.0491994319843868
5, 4, 14, 301, 207, 1000, 0.0011237165795405651, 0
5, 4, 14, 301, 207, 207, 0, 0.04807571540484624
5, 4, 15, 301, 207, 1000, 0.001098050857392903, 0
5, 4, 15, 301, 207, 207, 0, 0.046977664547453335
5, 4, 16, 301, 207, 1000, 0.0010729713411492398, 0
5, 4, 16, 301, 207, 207, 0, 0.045904693206304095
5, 4, 17, 301, 207, 1000, 0.0010484646418482332, 0
5, 4, 17, 301, 207, 207, 0, 0.04485622856445586
5, 4, 18, 301, 207, 1000, 0.0010245176763328465, 0
5, 4, 18, 301, 207, 207, 0, 0.043831710888123016
5, 4, 19, 301, 207, 1000, 0.0010011176602657407, 0
5, 4, 19, 301, 207, 207, 0, 0.042830593227857275
5, 4, 4, 301, 208, 1000, 0.00014598299271242898, 0
5, 4, 4, 301, 208, 1005, 3.6495748178107246E-05, 0
5, 4, 4, 301, 208, 208, 0, 0.01965348925910947
5, 4, 5, 301, 208, 1000, 0.0001446400387057678, 0
5, 4, 5, 301, 208, 1005, 3.616000967644195E-05, 0
5, 4, 5, 301, 208, 208, 0, 0.01947268921072726
5, 4, 6, 301, 208, 1000, 0.00014330943905238036, 0
5, 4, 6, 301, 208, 1005, 3.582735976309509E-05, 0
5, 4, 6, 301, 208, 208, 0, 0.019293552411911784
5, 4, 7, 301, 208, 1000, 0.00014199108009979589, 0
5, 4, 7, 301, 208, 1005, 3.549777002494897E-05, 0
5, 4, 7, 301, 208, 208, 0, 0.01911606356178704
5, 4, 8, 301, 208, 1000, 0.00014068484924107118, 0
5, 4, 8, 301, 208, 1005, 3.5171212310267795E-05, 0
5, 4, 8, 301, 208, 208, 0, 0.0189402075002357
5, 4, 9, 301, 208, 1000, 0.00013939063490517602, 0
5, 4, 9, 301, 208, 1005, 3.4847658726294005E-05, 0
5, 4, 9, 301, 208, 208, 0, 0.01876596920660423
5, 4, 10, 301, 208, 1000, 0.0001381083265474814, 0
5, 4, 10, 301, 208, 1005, 3.452708163687035E-05, 0
5, 4, 10, 301, 208, 208, 0, 0.01859333379841988
5, 4, 11, 301, 208, 1000, 0.00013683781464027546, 0
5, 4, 11, 301, 208, 1005, 3.4209453660068866E-05, 0
5, 4, 11, 301, 208, 208, 0, 0.018422286530119535
5, 4, 12, 301, 208, 1000, 0.00013557899066346247, 0
5, 4, 12, 301, 208, 1005, 3.389474766586562E-05, 0
5, 4, 12, 301, 208, 208, 0, 0.018252812791790207
5, 4, 13, 301, 208, 1000, 0.00013433174709523711, 0
5, 4, 13, 301, 208, 1005, 3.358293677380928E-05, 0
5, 4, 13, 301, 208, 208, 0, 0.01808489810792116
5, 4, 14, 301, 208, 1000, 0.00013309597740295277, 0
5, 4, 14, 301, 208, 1005, 3.3273994350738194E-05, 0
5, 4, 14, 301, 208, 208, 0, 0.01791852813616747
5, 4, 15, 301, 208, 1000, 0.00013187157603397894, 0
5, 4, 15, 301, 208, 1005, 3.2967894008494734E-05, 0
5, 4, 15, 301, 208, 208, 0, 0.017753688666124996
5, 4, 16, 301, 208, 1000, 0.00013065843840671942, 0
5, 4, 16, 301, 208, 1005, 3.2664609601679856E-05, 0
5, 4, 16, 301, 208, 208, 0, 0.017590365618116596
5, 4, 17, 301, 208, 1000, 0.00012945646090165299, 0
5, 4, 17, 301, 208, 1005, 3.2364115225413247E-05, 0
5, 4, 17, 301, 208, 208, 0, 0.01742854504198953
5, 4, 18, 301, 208, 1000, 0.00012826554085250687, 0
5, 4, 18, 301, 208, 1005, 3.206638521312672E-05, 0
5, 4, 18, 301, 208, 208, 0, 0.017268213115923896
5, 4, 19, 301, 208, 1000, 0.00012708557653745846, 0
5, 4, 19, 301, 208, 1005, 3.1771394134364615E-05, 0
5, 4, 19, 301, 208, 208, 0, 0.017109356145252073
5, 4, 4, 301, 209, 1000, 0.007262275644750803, 0
5, 4, 4, 301, 209, 209, 0, 0.017532684355249205
5, 4, 5, 301, 209, 1000, 0.005135204355249201, 0
5, 4, 5, 301, 209, 209, 0, 0.012397480000000004
5, 4, 6, 301, 209, 1000, 0.0036311378223754017, 0
5, 4, 6, 301, 209, 209, 0, 0.008766342177624602
5, 4, 7, 301, 209, 1000, 0.0025676021776246004, 0
5, 4, 7, 301, 209, 209, 0, 0.006198740000000002
5, 4, 8, 301, 209, 1000, 0.0018155689111877009, 0
5, 4, 8, 301, 209, 209, 0, 0.004383171088812301
5, 4, 9, 301, 209, 1000, 0.0012838010888123002, 0
5, 4, 9, 301, 209, 209, 0, 0.003099370000000001
5, 4, 10, 301, 209, 1000, 0.0009077844555938504, 0
5, 4, 10, 301, 209, 209, 0, 0.0021915855444061506
5, 4, 11, 301, 209, 1000, 0.0006419005444061501, 0
5, 4, 11, 301, 209, 209, 0, 0.0015496850000000005
5, 4, 12, 301, 209, 1000, 0.0004538922277969252, 0
5, 4, 12, 301, 209, 209, 0, 0.0010957927722030753
5, 4, 13, 301, 209, 1000, 0.00032095027220307504, 0
5, 4, 13, 301, 209, 209, 0, 0.0007748425000000003
5, 4, 14, 301, 209, 1000, 0.0002269461138984626, 0
5, 4, 14, 301, 209, 209, 0, 0.0005478963861015377
5, 4, 15, 301, 209, 1000, 0.00016047513610153752, 0
5, 4, 15, 301, 209, 209, 0, 0.00038742125000000013
5, 4, 16, 301, 209, 1000, 0.0001134730569492313, 0
5, 4, 16, 301, 209, 209, 0, 0.0002739481930507688
5, 4, 17, 301, 209, 1000, 8.023756805076876E-05, 0
5, 4, 17, 301, 209, 209, 0, 0.00019371062500000006
5, 4, 18, 301, 209, 1000, 5.673652847461565E-05, 0
5, 4, 18, 301, 209, 209, 0, 0.0001369740965253844
5, 4, 19, 301, 209, 1000, 4.011878402538438E-05, 0
5, 4, 19, 301, 209, 209, 0, 9.685531250000003E-05
5, 4, 4, 301, 210, 1000, 0.0006274489717735324, 0
5, 4, 4, 301, 210, 210, 0, 0.034085495028226484
5, 4, 5, 301, 210, 1000, 0.0006161076055045192, 0
5, 4, 5, 301, 210, 210, 0, 0.033469387422721965
5, 4, 6, 301, 210, 1000, 0.0006049712385177361, 0
5, 4, 6, 301, 210, 210, 0, 0.03286441618420423
5, 4, 7, 301, 210, 1000, 0.0005940361653772874, 0
5, 4, 7, 301, 210, 210, 0, 0.03227038001882694
5, 4, 8, 301, 210, 1000, 0.0005832987476243473, 0
5, 4, 8, 301, 210, 210, 0, 0.031687081271202594
5, 4, 9, 301, 210, 1000, 0.0005727554125665758, 0
5, 4, 9, 301, 210, 210, 0, 0.031114325858636018
5, 4, 10, 301, 210, 1000, 0.0005624026520893097, 0
5, 4, 10, 301, 210, 210, 0, 0.03055192320654671
5, 4, 11, 301, 210, 1000, 0.0005522370214883429, 0
5, 4, 11, 301, 210, 210, 0, 0.029999686185058366
5, 4, 12, 301, 210, 1000, 0.0005422551383237224, 0
5, 4, 12, 301, 210, 210, 0, 0.029457431046734643
5, 4, 13, 301, 210, 1000, 0.0005324536812943113, 0
5, 4, 13, 301, 210, 210, 0, 0.028924977365440332
5, 4, 14, 301, 210, 1000, 0.0005228293891327181, 0
5, 4, 14, 301, 210, 210, 0, 0.028402147976307614
5, 4, 15, 301, 210, 1000, 0.0005133790595200985, 0
5, 4, 15, 301, 210, 210, 0, 0.027888768916787515
5, 4, 16, 301, 210, 1000, 0.0005040995480207061, 0
5, 4, 16, 301, 210, 210, 0, 0.02738466936876681
5, 4, 17, 301, 210, 1000, 0.0004949877670355693, 0
5, 4, 17, 301, 210, 210, 0, 0.02688968160173124
5, 4, 18, 301, 210, 1000, 0.0004860406847752227, 0
5, 4, 18, 301, 210, 210, 0, 0.026403640916956017
5, 4, 19, 301, 210, 1000, 0.00047725532425084774, 0
5, 4, 19, 301, 210, 210, 0, 0.02592638559270517
5, 4, 4, 300, 200, 1004, 0.02382934195933857, 0
5, 4, 4, 300, 200, 1005, 0.00794311398644619, 0
5, 4, 4, 300, 200, 200, 0, 0.07670549405421526
5, 4, 5, 300, 200, 1004, 0.016849889290661436, 0
5, 4, 5, 300, 200, 1005, 0.005616629763553812, 0
5, 4, 5, 300, 200, 200, 0, 0.05423897500000001
5, 4, 6, 300, 200, 1004, 0.011914670979669285, 0
5, 4, 6, 300, 200, 1005, 0.003971556993223095, 0
5, 4, 6, 300, 200, 200, 0, 0.03835274702710763
5, 4, 7, 300, 200, 1004, 0.008424944645330718, 0
5, 4, 7, 300, 200, 1005, 0.002808314881776906, 0
5, 4, 7, 300, 200, 200, 0, 0.027119487500000004
5, 4, 8, 300, 200, 1004, 0.005957335489834643, 0
5, 4, 8, 300, 200, 1005, 0.0019857784966115476, 0
5, 4, 8, 300, 200, 200, 0, 0.019176373513553814
5, 4, 9, 300, 200, 1004, 0.004212472322665359, 0
5, 4, 9, 300, 200, 1005, 0.001404157440888453, 0
5, 4, 9, 300, 200, 200, 0, 0.013559743750000002
5, 4, 10, 300, 200, 1004, 0.0029786677449173213, 0
5, 4, 10, 300, 200, 1005, 0.0009928892483057738, 0
5, 4, 10, 300, 200, 200, 0, 0.009588186756776907
5, 4, 11, 300, 200, 1004, 0.0021062361613326795, 0
5, 4, 11, 300, 200, 1005, 0.0007020787204442265, 0
5, 4, 11, 300, 200, 200, 0, 0.006779871875000001
5, 4, 12, 300, 200, 1004, 0.0014893338724586607, 0
5, 4, 12, 300, 200, 1005, 0.0004964446241528869, 0
5, 4, 12, 300, 200, 200, 0, 0.0047940933783884535
5, 4, 13, 300, 200, 1004, 0.0010531180806663397, 0
5, 4, 13, 300, 200, 1005, 0.00035103936022211324, 0
5, 4, 13, 300, 200, 200, 0, 0.0033899359375000005
5, 4, 14, 300, 200, 1004, 0.0007446669362293303, 0
5, 4, 14, 300, 200, 1005, 0.00024822231207644345, 0
5, 4, 14, 300, 200, 200, 0, 0.0023970466891942268
5, 4, 15, 300, 200, 1004, 0.0005265590403331699, 0
5, 4, 15, 300, 200, 1005, 0.00017551968011105662, 0
5, 4, 15, 300, 200, 200, 0, 0.0016949679687500003
5, 4, 16, 300, 200, 1004, 0.00037233346811466517, 0
5, 4, 16, 300, 200, 1005, 0.00012411115603822172, 0
5, 4, 16, 300, 200, 200, 0, 0.0011985233445971134
5, 4, 17, 300, 200, 1004, 0.00026327952016658493, 0
5, 4, 17, 300, 200, 1005, 8.775984005552831E-05, 0
5, 4, 17, 300, 200, 200, 0, 0.0008474839843750001
5, 4, 18, 300, 200, 1004, 0.00018616673405733258, 0
5, 4, 18, 300, 200, 1005, 6.205557801911086E-05, 0
5, 4, 18, 300, 200, 200, 0, 0.0005992616722985567
5, 4, 19, 300, 200, 1004, 0.00013163976008329247, 0
5, 4, 19, 300, 200, 1005, 4.3879920027764156E-05, 0
5, 4, 19, 300, 200, 200, 0, 0.00042374199218750007
5, 4, 4, 300, 202, 1004, 0.057190420702412564, 0
5, 4, 4, 300, 202, 202, 0, 0.13806988929758748
5, 4, 5, 300, 202, 1004, 0.04043973429758746, 0
5, 4, 5, 300, 202, 202, 0, 0.09763015500000002
5, 4, 6, 300, 202, 1004, 0.028595210351206282, 0
5, 4, 6, 300, 202, 202, 0, 0.06903494464879374
5, 4, 7, 300, 202, 1004, 0.02021986714879373, 0
5, 4, 7, 300, 202, 202, 0, 0.04881507750000001
5, 4, 8, 300, 202, 1004, 0.014297605175603141, 0
5, 4, 8, 300, 202, 202, 0, 0.03451747232439687
5, 4, 9, 300, 202, 1004, 0.010109933574396865, 0
5, 4, 9, 300, 202, 202, 0, 0.024407538750000006
5, 4, 10, 300, 202, 1004, 0.0071488025878015705, 0
5, 4, 10, 300, 202, 202, 0, 0.017258736162198435
5, 4, 11, 300, 202, 1004, 0.0050549667871984325, 0
5, 4, 11, 300, 202, 202, 0, 0.012203769375000003
5, 4, 12, 300, 202, 1004, 0.0035744012939007853, 0
5, 4, 12, 300, 202, 202, 0, 0.008629368081099218
5, 4, 13, 300, 202, 1004, 0.0025274833935992162, 0
5, 4, 13, 300, 202, 202, 0, 0.0061018846875000015
5, 4, 14, 300, 202, 1004, 0.0017872006469503926, 0
5, 4, 14, 300, 202, 202, 0, 0.004314684040549609
5, 4, 15, 300, 202, 1004, 0.0012637416967996081, 0
5, 4, 15, 300, 202, 202, 0, 0.0030509423437500008
5, 4, 16, 300, 202, 1004, 0.0008936003234751963, 0
5, 4, 16, 300, 202, 202, 0, 0.0021573420202748044
5, 4, 17, 300, 202, 1004, 0.0006318708483998041, 0
5, 4, 17, 300, 202, 202, 0, 0.0015254711718750004
5, 4, 18, 300, 202, 1004, 0.00044680016173759816, 0
5, 4, 18, 300, 202, 202, 0, 0.0010786710101374022
5, 4, 19, 300, 202, 1004, 0.00031593542419990203, 0
5, 4, 19, 300, 202, 202, 0, 0.0007627355859375002
5, 4, 4, 301, 400, 1004, 0.04289281552680942, 0
5, 4, 4, 301, 400, 1005, 0.014297605175603141, 0
5, 4, 4, 301, 400, 400, 0, 0.13806988929758748
5, 4, 5, 301, 400, 1004, 0.030329800723190595, 0
5, 4, 5, 301, 400, 1005, 0.010109933574396865, 0
5, 4, 5, 301, 400, 400, 0, 0.09763015500000002
5, 4, 6, 301, 400, 1004, 0.02144640776340471, 0
5, 4, 6, 301, 400, 1005, 0.0071488025878015705, 0
5, 4, 6, 301, 400, 400, 0, 0.06903494464879374
5, 4, 7, 301, 400, 1004, 0.015164900361595297, 0
5, 4, 7, 301, 400, 1005, 0.0050549667871984325, 0
5, 4, 7, 301, 400, 400, 0, 0.04881507750000001
5, 4, 8, 301, 400, 1004, 0.010723203881702356, 0
5, 4, 8, 301, 400, 1005, 0.0035744012939007853, 0
5, 4, 8, 301, 400, 400, 0, 0.03451747232439687
5, 4, 9, 301, 400, 1004, 0.007582450180797649, 0
5, 4, 9, 301, 400, 1005, 0.0025274833935992162, 0
5, 4, 9, 301, 400, 400, 0, 0.024407538750000006
5, 4, 10, 301, 400, 1004, 0.005361601940851178, 0
5, 4, 10, 301, 400, 1005, 0.0017872006469503926, 0
5, 4, 10, 301, 400, 400, 0, 0.017258736162198435
5, 4, 11, 301, 400, 1004, 0.0037912250903988243, 0
5, 4, 11, 301, 400, 1005, 0.0012637416967996081, 0
5, 4, 11, 301, 400, 400, 0, 0.012203769375000003
5, 4, 12, 301, 400, 1004, 0.002680800970425589, 0
5, 4, 12, 301, 400, 1005, 0.0008936003234751963, 0
5, 4, 12, 301, 400, 400, 0, 0.008629368081099218
5, 4, 13, 301, 400, 1004, 0.0018956125451994122, 0
5, 4, 13, 301, 400, 1005, 0.0006318708483998041, 0
5, 4, 13, 301, 400, 400, 0, 0.0061018846875000015
5, 4, 14, 301, 400, 1004, 0.0013404004852127945, 0
5, 4, 14, 301, 400, 1005, 0.00044680016173759816, 0
5, 4, 14, 301, 400, 400, 0, 0.004314684040549609
5, 4, 15, 301, 400, 1004, 0.0009478062725997061, 0
5, 4, 15, 301, 400, 1005, 0.00031593542419990203, 0
5, 4, 15, 301, 400, 400, 0, 0.0030509423437500008
5, 4, 16, 301, 400, 1004, 0.0006702002426063972, 0
5, 4, 16, 301, 400, 1005, 0.00022340008086879908, 0
5, 4, 16, 301, 400, 400, 0, 0.0021573420202748044
5, 4, 17, 301, 400, 1004, 0.00047390313629985304, 0
5, 4, 17, 301, 400, 1005, 0.00015796771209995101, 0
5, 4, 17, 301, 400, 400, 0, 0.0015254711718750004
5, 4, 18, 301, 400, 1004, 0.0003351001213031986, 0
5, 4, 18, 301, 400, 1005, 0.00011170004043439954, 0
5, 4, 18, 301, 400, 400, 0, 0.0010786710101374022
5, 4, 19, 301, 400, 1004, 0.00023695156814992652, 0
5, 4, 19, 301, 400, 1005, 7.898385604997551E-05, 0
5, 4, 19, 301, 400, 400, 0, 0.0007627355859375002
5, 5, 5, 300, 204, 1000, 0.007733717408644836, 0
5, 5, 5, 300, 204, 1005, 0.001933429352161209, 0
5, 5, 5, 300, 204, 204, 0, 1.2503796532391944
5, 5, 6, 300, 204, 1000, 0.007674383913098559, 0
5, 5, 6, 300, 204, 1005, 0.0019185959782746398, 0
5, 5, 6, 300, 204, 204, 0, 1.2407866733478212
5, 5, 7, 300, 204, 1000, 0.00761550562731852, 0
5, 5, 7, 300, 204, 1005, 0.00190387640682963, 0
5, 5, 7, 300, 204, 204, 0, 1.231267291313673
5, 5, 8, 300, 204, 1000, 0.007557079058910787, 0
5, 5, 8, 300, 204, 1005, 0.0018892697647276968, 0
5, 5, 8, 300, 204, 204, 0, 1.2218209424900346
5, 5, 9, 300, 204, 1000, 0.0074991007422756445, 0
5, 5, 9, 300, 204, 1005, 0.0018747751855689111, 0
5, 5, 9, 300, 204, 204, 0, 1.21244706656219
5, 5, 10, 300, 204, 1000, 0.007441567238401348, 0
5, 5, 10, 300, 204, 1005, 0.001860391809600337, 0
5, 5, 10, 300, 204, 204, 0, 1.2031451075141883
5, 5, 11, 300, 204, 1000, 0.007384475134660385, 0
5, 5, 11, 300, 204, 1005, 0.0018461187836650962, 0
5, 5, 11, 300, 204, 204, 0, 1.1939145135958629
5, 5, 12, 300, 204, 1000, 0.0073278210446074965, 0
5, 5, 12, 300, 204, 1005, 0.0018319552611518741, 0
5, 5, 12, 300, 204, 204, 0, 1.1847547372901035
5, 5, 13, 300, 204, 1000, 0.007271601607777356, 0
5, 5, 13, 300, 204, 1005, 0.001817900401944339, 0
5, 5, 13, 300, 204, 204, 0, 1.1756652352803818
5, 5, 14, 300, 204, 1000, 0.007215813489488277, 0
5, 5, 14, 300, 204, 1005, 0.0018039533723720692, 0
5, 5, 14, 300, 204, 204, 0, 1.1666454684185215
5, 5, 15, 300, 204, 1000, 0.007160453380640419, 0
5, 5, 15, 300, 204, 1005, 0.0017901133451601048, 0
5, 5, 15, 300, 204, 204, 0, 1.157694901692721
5, 5, 16, 300, 204, 1000, 0.007105517997522171, 0
5, 5, 16, 300, 204, 1005, 0.0017763794993805428, 0
5, 5, 16, 300, 204, 204, 0, 1.1488130041958182
5, 5, 17, 300, 204, 1000, 0.007051004081615808, 0
5, 5, 17, 300, 204, 1005, 0.001762751020403952, 0
5, 5, 17, 300, 204, 204, 0, 1.1399992490937985
5, 5, 18, 300, 204, 1000, 0.006996908399401392, 0
5, 5, 18, 300, 204, 1005, 0.001749227099850348, 0
5, 5, 18, 300, 204, 204, 0, 1.1312531135945467
5, 5, 19, 300, 204, 1000, 0.0069432277421679345, 0
5, 5, 19, 300, 204, 1005, 0.0017358069355419836, 0
5, 5, 19, 300, 204, 204, 0, 1.1225740789168368
5, 5, 5, 300, 205, 1000, 0.0007418661002950634, 0
5, 5, 5, 300, 205, 1005, 0.00018546652507376584, 0
5, 5, 5, 300, 205, 205, 0, 0.09987641137463121
5, 5, 6, 300, 205, 1000, 0.0007350413871330176, 0
5, 5, 6, 300, 205, 1005, 0.0001837603467832544, 0
5, 5, 6, 300, 205, 205, 0, 0.09895760964071494
5, 5, 7, 300, 205, 1000, 0.00072827945714673, 0
5, 5, 7, 300, 205, 1005, 0.0001820698642866825, 0
5, 5, 7, 300, 205, 205, 0, 0.09804726031928153
5, 5, 8, 300, 205, 1000, 0.0007215797327694396, 0
5, 5, 8, 300, 205, 1005, 0.0001803949331923599, 0
5, 5, 8, 300, 205, 205, 0, 0.09714528565331973
5, 5, 9, 300, 205, 1000, 0.000714941641747735, 0
5, 5, 9, 300, 205, 1005, 0.00017873541043693375, 0
5, 5, 9, 300, 205, 205, 0, 0.09625160860113506
5, 5, 10, 300, 205, 1000, 0.000708364617092494, 0
5, 5, 10, 300, 205, 1005, 0.0001770911542731235, 0
5, 5, 10, 300, 205, 205, 0, 0.09536615282976944
5, 5, 11, 300, 205, 1000, 0.0007018480970306329, 0
5, 5, 11, 300, 205, 1005, 0.00017546202425765823, 0
5, 5, 11, 300, 205, 205, 0, 0.09448884270848115
5, 5, 12, 300, 205, 1000, 0.0006953915249569898, 0
5, 5, 12, 300, 205, 1005, 0.00017384788123924746, 0
5, 5, 12, 300, 205, 205, 0, 0.09361960330228492
5, 5, 13, 300, 205, 1000, 0.000688994349386829, 0
5, 5, 13, 300, 205, 1005, 0.00017224858734670725, 0
5, 5, 13, 300, 205, 205, 0, 0.09275836036555138
5, 5, 14, 300, 205, 1000, 0.0006826560239087343, 0
5, 5, 14, 300, 205, 1005, 0.00017066400597718357, 0
5, 5, 14, 300, 205, 205, 0, 0.09190504033566546
5, 5, 15, 300, 205, 1000, 0.000676376007137991, 0
5, 5, 15, 300, 205, 1005, 0.00016909400178449774, 0
5, 5, 15, 300, 205, 205, 0, 0.09105957032674297
5, 5, 16, 300, 205, 1000, 0.0006701537626702004, 0
5, 5, 16, 300, 205, 1005, 0.0001675384406675501, 0
5, 5, 16, 300, 205, 205, 0, 0.09022187812340522
5, 5, 17, 300, 205, 1000, 0.0006639887590356498, 0
5, 5, 17, 300, 205, 1005, 0.00016599718975891244, 0
5, 5, 17, 300, 205, 205, 0, 0.08939189217461066
5, 5, 18, 300, 205, 1000, 0.0006578804696537378, 0
5, 5, 18, 300, 205, 1005, 0.00016447011741343445, 0
5, 5, 18, 300, 205, 205, 0, 0.08856954158754349
5, 5, 19, 300, 205, 1000, 0.0006518283727881214, 0
5, 5, 19, 300, 205, 1005, 0.00016295709319703034, 0
5, 5, 19, 300, 205, 205, 0, 0.08775475612155834
5, 5, 5, 300, 206, 1000, 0.009110319989529325, 0
5, 5, 5, 300, 206, 206, 0, 0.49490840001047093
5, 5, 6, 300, 206, 1000, 0.008945647672771673, 0
5, 5, 6, 300, 206, 206, 0, 0.48596275233769926
5, 5, 7, 300, 206, 1000, 0.008783951867479878, 0
5, 5, 7, 300, 206, 206, 0, 0.4771788004702194
5, 5, 8, 300, 206, 1000, 0.008625178772136588, 0
5, 5, 8, 300, 206, 206, 0, 0.4685536216980828
5, 5, 9, 300, 206, 1000, 0.008469275557706268, 0
5, 5, 9, 300, 206, 206, 0, 0.4600843461403765
5, 5, 10, 300, 206, 1000, 0.008316190350057262, 0
5, 5, 10, 300, 206, 206, 0, 0.45176815579031926
5, 5, 11, 300, 206, 1000, 0.008165872212701375, 0
5, 5, 11, 300, 206, 206, 0, 0.4436022835776179
5, 5, 12, 300, 206, 1000, 0.00801827112984621, 0
5, 5, 12, 300, 206, 206, 0, 0.4355840124477717
5, 5, 13, 300, 206, 1000, 0.007873337989752316, 0
5, 5, 13, 300, 206, 206, 0, 0.42771067445801936
5, 5, 14, 300, 206, 1000, 0.007731024568392919, 0
5, 5, 14, 300, 206, 206, 0, 0.41997964988962644
5, 5, 15, 300, 206, 1000, 0.007591283513407987, 0
5, 5, 15, 300, 206, 206, 0, 0.41238836637621845
5, 5, 16, 300, 206, 1000, 0.007454068328348162, 0
5, 5, 16, 300, 206, 206, 0, 0.4049342980478703
5, 5, 17, 300, 206, 1000, 0.007319333357204583, 0
5, 5, 17, 300, 206, 206, 0, 0.3976149646906657
5, 5, 18, 300, 206, 1000, 0.007187033769216644, 0
5, 5, 18, 300, 206, 206, 0, 0.39042793092144906
5, 5, 19, 300, 206, 1000, 0.007057125543956488, 0
5, 5, 19, 300, 206, 206, 0, 0.3833708053774926
5, 5, 5, 300, 207, 1000, 0.028779508686327393, 0
5, 5, 5, 300, 207, 207, 0, 1.231267291313673
5, 5, 6, 300, 207, 1000, 0.028122183799484723, 0
5, 5, 6, 300, 207, 207, 0, 1.2031451075141883
5, 5, 7, 300, 207, 1000, 0.027479872233806546, 0
5, 5, 7, 300, 207, 207, 0, 1.1756652352803818
5, 5, 8, 300, 207, 1000, 0.026852231084563583, 0
5, 5, 8, 300, 207, 207, 0, 1.1488130041958182
5, 5, 9, 300, 207, 1000, 0.026238925278981418, 0
5, 5, 9, 300, 207, 207, 0, 1.1225740789168368
5, 5, 10, 300, 207, 1000, 0.02563962739735781, 0
5, 5, 10, 300, 207, 207, 0, 1.096934451519479
5, 5, 11, 300, 207, 1000, 0.025054017498267855, 0
5, 5, 11, 300, 207, 207, 0, 1.0718804340212111
5, 5, 12, 300, 207, 1000, 0.0244817829477586, 0
5, 5, 12, 300, 207, 207, 0, 1.0473986510734525
5, 5, 13, 300, 207, 1000, 0.023922618252445904, 0
5, 5, 13, 300, 207, 207, 0, 1.0234760328210066
5, 5, 14, 300, 207, 1000, 0.023376224896424436, 0
5, 5, 14, 300, 207, 207, 0, 1.0000998079245822
5, 5, 15, 300, 207, 1000, 0.022842311181902164, 0
5, 5, 15, 300, 207, 207, 0, 0.97725749674268
5, 5, 16, 300, 207, 1000, 0.02232059207347259, 0
5, 5, 16, 300, 207, 207, 0, 0.9549369046692074
5, 5, 17, 300, 207, 1000, 0.02181078904594813, 0
5, 5, 17, 300, 207, 207, 0, 0.9331261156232593
5, 5, 18, 300, 207, 1000, 0.02131262993566463, 0
5, 5, 18, 300, 207, 207, 0, 0.9118134856875947
5, 5, 19, 300, 207, 1000, 0.020825848795184898, 0
5, 5, 19, 300, 207, 207, 0, 0.8909876368924098
5, 5, 5, 300, 208, 1000, 0.0029674644011802535, 0
5, 5, 5, 300, 208, 1005, 0.0007418661002950634, 0
5, 5, 5, 300, 208, 208, 0, 0.39950564549852485
5, 5, 6, 300, 208, 1000, 0.0029401655485320703, 0
5, 5, 6, 300, 208, 1005, 0.0007350413871330176, 0
5, 5, 6, 300, 208, 208, 0, 0.39583043856285977
5, 5, 7, 300, 208, 1000, 0.00291311782858692, 0
5, 5, 7, 300, 208, 1005, 0.00072827945714673, 0
5, 5, 7, 300, 208, 208, 0, 0.3921890412771261
5, 5, 8, 300, 208, 1000, 0.0028863189310777584, 0
5, 5, 8, 300, 208, 1005, 0.0007215797327694396, 0
5, 5, 8, 300, 208, 208, 0, 0.3885811426132789
5, 5, 9, 300, 208, 1000, 0.00285976656699094, 0
5, 5, 9, 300, 208, 1005, 0.000714941641747735, 0
5, 5, 9, 300, 208, 208, 0, 0.38500643440454024
5, 5, 10, 300, 208, 1000, 0.002833458468369976, 0
5, 5, 10, 300, 208, 1005, 0.000708364617092494, 0
5, 5, 10, 300, 208, 208, 0, 0.3814646113190778
5, 5, 11, 300, 208, 1000, 0.0028073923881225316, 0
5, 5, 11, 300, 208, 1005, 0.0007018480970306329, 0
5, 5, 11, 300, 208, 208, 0, 0.3779553708339246
5, 5, 12, 300, 208, 1000, 0.0027815660998279593, 0
5, 5, 12, 300, 208, 1005, 0.0006953915249569898, 0
5, 5, 12, 300, 208, 208, 0, 0.37447841320913966
5, 5, 13, 300, 208, 1000, 0.002755977397547316, 0
5, 5, 13, 300, 208, 1005, 0.000688994349386829, 0
5, 5, 13, 300, 208, 208, 0, 0.3710334414622055
5, 5, 14, 300, 208, 1000, 0.002730624095634937, 0
5, 5, 14, 300, 208, 1005, 0.0006826560239087343, 0
5, 5, 14, 300, 208, 208, 0, 0.36762016134266184
5, 5, 15, 300, 208, 1000, 0.002705504028551964, 0
5, 5, 15, 300, 208, 1005, 0.000676376007137991, 0
5, 5, 15, 300, 208, 208, 0, 0.3642382813069719
5, 5, 16, 300, 208, 1000, 0.0026806150506808015, 0
5, 5, 16, 300, 208, 1005, 0.0006701537626702004, 0
5, 5, 16, 300, 208, 208, 0, 0.3608875124936209
5, 5, 17, 300, 208, 1000, 0.002655955036142599, 0
5, 5, 17, 300, 208, 1005, 0.0006639887590356498, 0
5, 5, 17, 300, 208, 208, 0, 0.35756756869844264
5, 5, 18, 300, 208, 1000, 0.002631521878614951, 0
5, 5, 18, 300, 208, 1005, 0.0006578804696537378, 0
5, 5, 18, 300, 208, 208, 0, 0.35427816635017395
5, 5, 19, 300, 208, 1000, 0.0026073134911524854, 0
5, 5, 19, 300, 208, 1005, 0.0006518283727881214, 0
5, 5, 19, 300, 208, 208, 0, 0.35101902448623334
5, 5, 5, 300, 209, 1000, 0.7610327451789505, 0
5, 5, 5, 300, 209, 209, 0, 1.8372955748210502
5, 5, 6, 300, 209, 1000, 0.5381314148210499, 0
5, 5, 6, 300, 209, 209, 0, 1.2991641600000003
5, 5, 7, 300, 209, 1000, 0.38051637258947524, 0
5, 5, 7, 300, 209, 209, 0, 0.9186477874105251
5, 5, 8, 300, 209, 1000, 0.26906570741052493, 0
5, 5, 8, 300, 209, 209, 0, 0.6495820800000002
5, 5, 9, 300, 209, 1000, 0.19025818629473762, 0
5, 5, 9, 300, 209, 209, 0, 0.45932389370526255
5, 5, 10, 300, 209, 1000, 0.13453285370526247, 0
5, 5, 10, 300, 209, 209, 0, 0.3247910400000001
5, 5, 11, 300, 209, 1000, 0.09512909314736881, 0
5, 5, 11, 300, 209, 209, 0, 0.22966194685263128
5, 5, 12, 300, 209, 1000, 0.06726642685263123, 0
5, 5, 12, 300, 209, 209, 0, 0.16239552000000004
5, 5, 13, 300, 209, 1000, 0.047564546573684405, 0
5, 5, 13, 300, 209, 209, 0, 0.11483097342631564
5, 5, 14, 300, 209, 1000, 0.03363321342631562, 0
5, 5, 14, 300, 209, 209, 0, 0.08119776000000002
5, 5, 15, 300, 209, 1000, 0.023782273286842202, 0
5, 5, 15, 300, 209, 209, 0, 0.05741548671315782
5, 5, 16, 300, 209, 1000, 0.01681660671315781, 0
5, 5, 16, 300, 209, 209, 0, 0.04059888000000001
5, 5, 17, 300, 209, 1000, 0.011891136643421101, 0
5, 5, 17, 300, 209, 209, 0, 0.02870774335657891
5, 5, 18, 300, 209, 1000, 0.008408303356578904, 0
5, 5, 18, 300, 209, 209, 0, 0.020299440000000005
5, 5, 19, 300, 209, 1000, 0.005945568321710551, 0
5, 5, 19, 300, 209, 209, 0, 0.014353871678289455
5, 5, 5, 300, 210, 1000, 0.012754447985341089, 0
5, 5, 5, 300, 210, 210, 0, 0.6928717600146592
5, 5, 6, 300, 210, 1000, 0.012523906741880309, 0
5, 5, 6, 300, 210, 210, 0, 0.6803478532727789
5, 5, 7, 300, 210, 1000, 0.012297532614471862, 0
5, 5, 7, 300, 210, 210, 0, 0.668050320658307
5, 5, 8, 300, 210, 1000, 0.012075250280991212, 0
5, 5, 8, 300, 210, 210, 0, 0.6559750703773158
5, 5, 9, 300, 210, 1000, 0.011856985780788754, 0
5, 5, 9, 300, 210, 210, 0, 0.6441180845965271
5, 5, 10, 300, 210, 1000, 0.011642666490080167, 0
5, 5, 10, 300, 210, 210, 0, 0.6324754181064469
5, 5, 11, 300, 210, 1000, 0.01143222109778197, 0
5, 5, 11, 300, 210, 210, 0, 0.621043197008665
5, 5, 12, 300, 210, 1000, 0.011225579581784606, 0
5, 5, 12, 300, 210, 210, 0, 0.6098176174268803
5, 5, 13, 300, 210, 1000, 0.011022673185653309, 0
5, 5, 13, 300, 210, 210, 0, 0.598794944241227
5, 5, 14, 300, 210, 1000, 0.010823434395750064, 0
5, 5, 14, 300, 210, 210, 0, 0.587971509845477
5, 5, 15, 300, 210, 1000, 0.010627796918771137, 0
5, 5, 15, 300, 210, 210, 0, 0.5773437129267058
5, 5, 16, 300, 210, 1000, 0.010435695659687494, 0
5, 5, 16, 300, 210, 210, 0, 0.5669080172670183
5, 5, 17, 300, 210, 1000, 0.010247066700086349, 0
5, 5, 17, 300, 210, 210, 0, 0.556660950566932
5, 5, 18, 300, 210, 1000, 0.01006184727690329, 0
5, 5, 18, 300, 210, 210, 0, 0.5465991032900287
5, 5, 19, 300, 210, 1000, 0.009879975761539095, 0
5, 5, 19, 300, 210, 210, 0, 0.5367191275284896
5, 5, 5, 301, 204, 1000, 0.030934869634579344, 0
5, 5, 5, 301, 204, 1005, 0.007733717408644836, 0
5, 5, 5, 301, 204, 204, 0, 5.001518612956778
5, 5, 6, 301, 204, 1000, 0.030697535652394237, 0
5, 5, 6, 301, 204, 1005, 0.007674383913098559, 0
5, 5, 6, 301, 204, 204, 0, 4.963146693391285
5, 5, 7, 301, 204, 1000, 0.03046202250927408, 0
5, 5, 7, 301, 204, 1005, 0.00761550562731852, 0
5, 5, 7, 301, 204, 204, 0, 4.925069165254692
5, 5, 8, 301, 204, 1000, 0.03022831623564315, 0
5, 5, 8, 301, 204, 1005, 0.007557079058910787, 0
5, 5, 8, 301, 204, 204, 0, 4.887283769960138
5, 5, 9, 301, 204, 1000, 0.029996402969102578, 0
5, 5, 9, 301, 204, 1005, 0.0074991007422756445, 0
5, 5, 9, 301, 204, 204, 0, 4.84978826624876
5, 5, 10, 301, 204, 1000, 0.02976626895360539, 0
5, 5, 10, 301, 204, 1005, 0.007441567238401348, 0
5, 5, 10, 301, 204, 204, 0, 4.812580430056753
5, 5, 11, 301, 204, 1000, 0.02953790053864154, 0
5, 5, 11, 301, 204, 1005, 0.007384475134660385, 0
5, 5, 11, 301, 204, 204, 0, 4.7756580543834515
5, 5, 12, 301, 204, 1000, 0.029311284178429986, 0
5, 5, 12, 301, 204, 1005, 0.0073278210446074965, 0
5, 5, 12, 301, 204, 204, 0, 4.739018949160414
5, 5, 13, 301, 204, 1000, 0.029086406431109425, 0
5, 5, 13, 301, 204, 1005, 0.007271601607777356, 0
5, 5, 13, 301, 204, 204, 0, 4.702660941121527
5, 5, 14, 301, 204, 1000, 0.028863253957953108, 0
5, 5, 14, 301, 204, 1005, 0.007215813489488277, 0
5, 5, 14, 301, 204, 204, 0, 4.666581873674086
5, 5, 15, 301, 204, 1000, 0.028641813522561677, 0
5, 5, 15, 301, 204, 1005, 0.007160453380640419, 0
5, 5, 15, 301, 204, 204, 0, 4.630779606770884
5, 5, 16, 301, 204, 1000, 0.028422071990088685, 0
5, 5, 16, 301, 204, 1005, 0.007105517997522171, 0
5, 5, 16, 301, 204, 204, 0, 4.595252016783273
5, 5, 17, 301, 204, 1000, 0.028204016326463233, 0
5, 5, 17, 301, 204, 1005, 0.007051004081615808, 0
5, 5, 17, 301, 204, 204, 0, 4.559996996375194
5, 5, 18, 301, 204, 1000, 0.027987633597605567, 0
5, 5, 18, 301, 204, 1005, 0.006996908399401392, 0
5, 5, 18, 301, 204, 204, 0, 4.525012454378187
5, 5, 19, 301, 204, 1000, 0.027772910968671738, 0
5, 5, 19, 301, 204, 1005, 0.0069432277421679345, 0
5, 5, 19, 301, 204, 204, 0, 4.490296315667347
5, 5, 5, 301, 205, 1000, 0.0029674644011802535, 0
5, 5, 5, 301, 205, 1005, 0.0007418661002950634, 0
5, 5, 5, 301, 205, 205, 0, 0.39950564549852485
5, 5, 6, 301, 205, 1000, 0.0029401655485320703, 0
5, 5, 6, 301, 205, 1005, 0.0007350413871330176, 0
5, 5, 6, 301, 205, 205, 0, 0.39583043856285977
5, 5, 7, 301, 205, 1000, 0.00291311782858692, 0
5, 5, 7, 301, 205, 1005, 0.00072827945714673, 0
5, 5, 7, 301, 205, 205, 0, 0.3921890412771261
5, 5, 8, 301, 205, 1000, 0.0028863189310777584, 0
5, 5, 8, 301, 205, 1005, 0.0007215797327694396, 0
5, 5, 8, 301, 205, 205, 0, 0.3885811426132789
5, 5, 9, 301, 205, 1000, 0.00285976656699094, 0
5, 5, 9, 301, 205, 1005, 0.000714941641747735, 0
5, 5, 9, 301, 205, 205, 0, 0.38500643440454024
5, 5, 10, 301, 205, 1000, 0.002833458468369976, 0
5, 5, 10, 301, 205, 1005, 0.000708364617092494, 0
5, 5, 10, 301, 205, 205, 0, 0.3814646113190778
5, 5, 11, 301, 205, 1000, 0.0028073923881225316, 0
5, 5, 11, 301, 205, 1005, 0.0007018480970306329, 0
5, 5, 11, 301, 205, 205, 0, 0.3779553708339246
5, 5, 12, 301, 205, 1000, 0.0027815660998279593, 0
5, 5, 12, 301, 205, 1005, 0.0006953915249569898, 0
5, 5, 12, 301, 205, 205, 0, 0.37447841320913966
5, 5, 13, 301, 205, 1000, 0.002755977397547316, 0
5, 5, 13, 301, 205, 1005, 0.000688994349386829, 0
5, 5, 13, 301, 205, 205, 0, 0.3710334414622055
5, 5, 14, 301, 205, 1000, 0.002730624095634937, 0
5, 5, 14, 301, 205, 1005, 0.0006826560239087343, 0
5, 5, 14, 301, 205, 205, 0, 0.36762016134266184
5, 5, 15, 301, 205, 1000, 0.002705504028551964, 0
5, 5, 15, 301, 205, 1005, 0.000676376007137991, 0
5, 5, 15, 301, 205, 205, 0, 0.3642382813069719
5, 5, 16, 301, 205, 1000, 0.0026806150506808015, 0
5, 5, 16, 301, 205, 1005, 0.0006701537626702004, 0
5, 5, 16, 301, 205, 205, 0, 0.3608875124936209
5, 5, 17, 301, 205, 1000, 0.002655955036142599, 0
5, 5, 17, 301, 205, 1005, 0.0006639887590356498, 0
5, 5, 17, 301, 205, 205, 0, 0.35756756869844264
5, 5, 18, 301, 205, 1000, 0.002631521878614951, 0
5, 5, 18, 301, 205, 1005, 0.0006578804696537378, 0
5, 5, 18, 301, 205, 205, 0, 0.35427816635017395
5, 5, 19, 301, 205, 1000, 0.0026073134911524854, 0
5, 5, 19, 301, 205, 1005, 0.0006518283727881214, 0
5, 5, 19, 301, 205, 205, 0, 0.35101902448623334
5, 5, 5, 301, 206, 1000, 0.0364412799581173, 0
5, 5, 5, 301, 206, 206, 0, 1.9796336000418837
5, 5, 6, 301, 206, 1000, 0.03578259069108669, 0
5, 5, 6, 301, 206, 206, 0, 1.943851009350797
5, 5, 7, 301, 206, 1000, 0.03513580746991951, 0
5, 5, 7, 301, 206, 206, 0, 1.9087152018808775
5, 5, 8, 301, 206, 1000, 0.03450071508854635, 0
5, 5, 8, 301, 206, 206, 0, 1.8742144867923312
5, 5, 9, 301, 206, 1000, 0.033877102230825074, 0
5, 5, 9, 301, 206, 206, 0, 1.840337384561506
5, 5, 10, 301, 206, 1000, 0.03326476140022905, 0
5, 5, 10, 301, 206, 206, 0, 1.807072623161277
5, 5, 11, 301, 206, 1000, 0.0326634888508055, 0
5, 5, 11, 301, 206, 206, 0, 1.7744091343104715
5, 5, 12, 301, 206, 1000, 0.03207308451938484, 0
5, 5, 12, 301, 206, 206, 0, 1.7423360497910867
5, 5, 13, 301, 206, 1000, 0.031493351959009264, 0
5, 5, 13, 301, 206, 206, 0, 1.7108426978320774
5, 5, 14, 301, 206, 1000, 0.030924098273571676, 0
5, 5, 14, 301, 206, 206, 0, 1.6799185995585058
5, 5, 15, 301, 206, 1000, 0.030365134053631948, 0
5, 5, 15, 301, 206, 206, 0, 1.6495534655048738
5, 5, 16, 301, 206, 1000, 0.02981627331339265, 0
5, 5, 16, 301, 206, 206, 0, 1.6197371921914812
5, 5, 17, 301, 206, 1000, 0.02927733342881833, 0
5, 5, 17, 301, 206, 206, 0, 1.5904598587626628
5, 5, 18, 301, 206, 1000, 0.028748135076866577, 0
5, 5, 18, 301, 206, 206, 0, 1.5617117236857962
5, 5, 19, 301, 206, 1000, 0.028228502175825954, 0
5, 5, 19, 301, 206, 206, 0, 1.5334832215099703
5, 5, 5, 301, 207, 1000, 0.11511803474530957, 0
5, 5, 5, 301, 207, 207, 0, 4.925069165254692
5, 5, 6, 301, 207, 1000, 0.1124887351979389, 0
5, 5, 6, 301, 207, 207, 0, 4.812580430056753
5, 5, 7, 301, 207, 1000, 0.10991948893522618, 0
5, 5, 7, 301, 207, 207, 0, 4.702660941121527
5, 5, 8, 301, 207, 1000, 0.10740892433825433, 0
5, 5, 8, 301, 207, 207, 0, 4.595252016783273
5, 5, 9, 301, 207, 1000, 0.10495570111592567, 0
5, 5, 9, 301, 207, 207, 0, 4.490296315667347
5, 5, 10, 301, 207, 1000, 0.10255850958943125, 0
5, 5, 10, 301, 207, 207, 0, 4.387737806077916
5, 5, 11, 301, 207, 1000, 0.10021606999307142, 0
5, 5, 11, 301, 207, 207, 0, 4.2875217360848445
5, 5, 12, 301, 207, 1000, 0.0979271317910344, 0
5, 5, 12, 301, 207, 207, 0, 4.18959460429381
5, 5, 13, 301, 207, 1000, 0.09569047300978362, 0
5, 5, 13, 301, 207, 207, 0, 4.0939041312840265
5, 5, 14, 301, 207, 1000, 0.09350489958569774, 0
5, 5, 14, 301, 207, 207, 0, 4.000399231698329
5, 5, 15, 301, 207, 1000, 0.09136924472760866, 0
5, 5, 15, 301, 207, 207, 0, 3.90902998697072
5, 5, 16, 301, 207, 1000, 0.08928236829389036, 0
5, 5, 16, 301, 207, 207, 0, 3.8197476186768298
5, 5, 17, 301, 207, 1000, 0.08724315618379253, 0
5, 5, 17, 301, 207, 207, 0, 3.7325044624930372
5, 5, 18, 301, 207, 1000, 0.08525051974265851, 0
5, 5, 18, 301, 207, 207, 0, 3.6472539427503787
5, 5, 19, 301, 207, 1000, 0.08330339518073959, 0
5, 5, 19, 301, 207, 207, 0, 3.563950547569639
5, 5, 5, 301, 208, 1000, 0.011869857604721014, 0
5, 5, 5, 301, 208, 1005, 0.0029674644011802535, 0
5, 5, 5, 301, 208, 208, 0, 1.5980225819940994
5, 5, 6, 301, 208, 1000, 0.011760662194128281, 0
5, 5, 6, 301, 208, 1005, 0.0029401655485320703, 0
5, 5, 6, 301, 208, 208, 0, 1.583321754251439
5, 5, 7, 301, 208, 1000, 0.01165247131434768, 0
5, 5, 7, 301, 208, 1005, 0.00291311782858692, 0
5, 5, 7, 301, 208, 208, 0, 1.5687561651085045
5, 5, 8, 301, 208, 1000, 0.011545275724311034, 0
5, 5, 8, 301, 208, 1005, 0.0028863189310777584, 0
5, 5, 8, 301, 208, 208, 0, 1.5543245704531157
5, 5, 9, 301, 208, 1000, 0.01143906626796376, 0
5, 5, 9, 301, 208, 1005, 0.00285976656699094, 0
5, 5, 9, 301, 208, 208, 0, 1.540025737618161
5, 5, 10, 301, 208, 1000, 0.011333833873479904, 0
5, 5, 10, 301, 208, 1005, 0.002833458468369976, 0
5, 5, 10, 301, 208, 208, 0, 1.525858445276311
5, 5, 11, 301, 208, 1000, 0.011229569552490127, 0
5, 5, 11, 301, 208, 1005, 0.0028073923881225316, 0
5, 5, 11, 301, 208, 208, 0, 1.5118214833356984
5, 5, 12, 301, 208, 1000, 0.011126264399311837, 0
5, 5, 12, 301, 208, 1005, 0.0027815660998279593, 0
5, 5, 12, 301, 208, 208, 0, 1.4979136528365586
5, 5, 13, 301, 208, 1000, 0.011023909590189264, 0
5, 5, 13, 301, 208, 1005, 0.002755977397547316, 0
5, 5, 13, 301, 208, 208, 0, 1.484133765848822
5, 5, 14, 301, 208, 1000, 0.010922496382539748, 0
5, 5, 14, 301, 208, 1005, 0.002730624095634937, 0
5, 5, 14, 301, 208, 208, 0, 1.4704806453706474
5, 5, 15, 301, 208, 1000, 0.010822016114207855, 0
5, 5, 15, 301, 208, 1005, 0.002705504028551964, 0
5, 5, 15, 301, 208, 208, 0, 1.4569531252278876
5, 5, 16, 301, 208, 1000, 0.010722460202723206, 0
5, 5, 16, 301, 208, 1005, 0.0026806150506808015, 0
5, 5, 16, 301, 208, 208, 0, 1.4435500499744836
5, 5, 17, 301, 208, 1000, 0.010623820144570396, 0
5, 5, 17, 301, 208, 1005, 0.002655955036142599, 0
5, 5, 17, 301, 208, 208, 0, 1.4302702747937706
5, 5, 18, 301, 208, 1000, 0.010526087514459805, 0
5, 5, 18, 301, 208, 1005, 0.002631521878614951, 0
5, 5, 18, 301, 208, 208, 0, 1.4171126654006958
5, 5, 19, 301, 208, 1000, 0.010429253964609942, 0
5, 5, 19, 301, 208, 1005, 0.0026073134911524854, 0
5, 5, 19, 301, 208, 208, 0, 1.4040760979449334
5, 5, 5, 301, 209, 1000, 3.044130980715802, 0
5, 5, 5, 301, 209, 209, 0, 7.349182299284201
5, 5, 6, 301, 209, 1000, 2.1525256592841995, 0
5, 5, 6, 301, 209, 209, 0, 5.196656640000001
5, 5, 7, 301, 209, 1000, 1.522065490357901, 0
5, 5, 7, 301, 209, 209, 0, 3.6745911496421004
5, 5, 8, 301, 209, 1000, 1.0762628296420997, 0
5, 5, 8, 301, 209, 209, 0, 2.5983283200000007
5, 5, 9, 301, 209, 1000, 0.7610327451789505, 0
5, 5, 9, 301, 209, 209, 0, 1.8372955748210502
5, 5, 10, 301, 209, 1000, 0.5381314148210499, 0
5, 5, 10, 301, 209, 209, 0, 1.2991641600000003
5, 5, 11, 301, 209, 1000, 0.38051637258947524, 0
5, 5, 11, 301, 209, 209, 0, 0.9186477874105251
5, 5, 12, 301, 209, 1000, 0.26906570741052493, 0
5, 5, 12, 301, 209, 209, 0, 0.6495820800000002
5, 5, 13, 301, 209, 1000, 0.19025818629473762, 0
5, 5, 13, 301, 209, 209, 0, 0.45932389370526255
5, 5, 14, 301, 209, 1000, 0.13453285370526247, 0
5, 5, 14, 301, 209, 209, 0, 0.3247910400000001
5, 5, 15, 301, 209, 1000, 0.09512909314736881, 0
5, 5, 15, 301, 209, 209, 0, 0.22966194685263128
5, 5, 16, 301, 209, 1000, 0.06726642685263123, 0
5, 5, 16, 301, 209, 209, 0, 0.16239552000000004
5, 5, 17, 301, 209, 1000, 0.047564546573684405, 0
5, 5, 17, 301, 209, 209, 0, 0.11483097342631564
5, 5, 18, 301, 209, 1000, 0.03363321342631562, 0
5, 5, 18, 301, 209, 209, 0, 0.08119776000000002
5, 5, 19, 301, 209, 1000, 0.023782273286842202, 0
5, 5, 19, 301, 209, 209, 0, 0.05741548671315782
5, 5, 5, 301, 210, 1000, 0.051017791941364354, 0
5, 5, 5, 301, 210, 210, 0, 2.771487040058637
5, 5, 6, 301, 210, 1000, 0.050095626967521234, 0
5, 5, 6, 301, 210, 210, 0, 2.7213914130911157
5, 5, 7, 301, 210, 1000, 0.04919013045788745, 0
5, 5, 7, 301, 210, 210, 0, 2.672201282633228
5, 5, 8, 301, 210, 1000, 0.04830100112396485, 0
5, 5, 8, 301, 210, 210, 0, 2.6239002815092634
5, 5, 9, 301, 210, 1000, 0.047427943123155014, 0
5, 5, 9, 301, 210, 210, 0, 2.5764723383861083
5, 5, 10, 301, 210, 1000, 0.04657066596032067, 0
5, 5, 10, 301, 210, 210, 0, 2.5299016724257877
5, 5, 11, 301, 210, 1000, 0.04572888439112788, 0
5, 5, 11, 301, 210, 210, 0, 2.48417278803466
5, 5, 12, 301, 210, 1000, 0.044902318327138424, 0
5, 5, 12, 301, 210, 210, 0, 2.4392704697075214
5, 5, 13, 301, 210, 1000, 0.044090692742613236, 0
5, 5, 13, 301, 210, 210, 0, 2.395179776964908
5, 5, 14, 301, 210, 1000, 0.04329373758300026, 0
5, 5, 14, 301, 210, 210, 0, 2.351886039381908
5, 5, 15, 301, 210, 1000, 0.04251118767508455, 0
5, 5, 15, 301, 210, 210, 0, 2.3093748517068233
5, 5, 16, 301, 210, 1000, 0.041742782638749976, 0
5, 5, 16, 301, 210, 210, 0, 2.2676320690680734
5, 5, 17, 301, 210, 1000, 0.040988266800345396, 0
5, 5, 17, 301, 210, 210, 0, 2.226643802267728
5, 5, 18, 301, 210, 1000, 0.04024738910761316, 0
5, 5, 18, 301, 210, 210, 0, 2.186396413160115
5, 5, 19, 301, 210, 1000, 0.03951990304615638, 0
5, 5, 19, 301, 210, 210, 0, 2.1468765101139584
5, 5, 5, 300, 200, 1004, 0.4998830752150519, 0
5, 5, 5, 300, 200, 1005, 0.16662769173835063, 0
5, 5, 5, 300, 200, 200, 0, 1.6090993330465977
5, 5, 6, 300, 200, 1004, 0.3534707122849482, 0
5, 5, 6, 300, 200, 1005, 0.1178235707616494, 0
5, 5, 6, 300, 200, 200, 0, 1.1378050499999999
5, 5, 7, 300, 200, 1004, 0.24994153760752577, 0
5, 5, 7, 300, 200, 1005, 0.08331384586917526, 0
5, 5, 7, 300, 200, 200, 0, 0.8045496665232988
5, 5, 8, 300, 200, 1004, 0.1767353561424741, 0
5, 5, 8, 300, 200, 1005, 0.0589117853808247, 0
5, 5, 8, 300, 200, 200, 0, 0.5689025249999999
5, 5, 9, 300, 200, 1004, 0.12497076880376289, 0
5, 5, 9, 300, 200, 1005, 0.04165692293458763, 0
5, 5, 9, 300, 200, 200, 0, 0.4022748332616494
5, 5, 10, 300, 200, 1004, 0.08836767807123705, 0
5, 5, 10, 300, 200, 1005, 0.02945589269041235, 0
5, 5, 10, 300, 200, 200, 0, 0.28445126249999997
5, 5, 11, 300, 200, 1004, 0.06248538440188144, 0
5, 5, 11, 300, 200, 1005, 0.020828461467293814, 0
5, 5, 11, 300, 200, 200, 0, 0.2011374166308247
5, 5, 12, 300, 200, 1004, 0.044183839035618525, 0
5, 5, 12, 300, 200, 1005, 0.014727946345206175, 0
5, 5, 12, 300, 200, 200, 0, 0.14222563124999998
5, 5, 13, 300, 200, 1004, 0.03124269220094072, 0
5, 5, 13, 300, 200, 1005, 0.010414230733646907, 0
5, 5, 13, 300, 200, 200, 0, 0.10056870831541236
5, 5, 14, 300, 200, 1004, 0.022091919517809262, 0
5, 5, 14, 300, 200, 1005, 0.007363973172603087, 0
5, 5, 14, 300, 200, 200, 0, 0.07111281562499999
5, 5, 15, 300, 200, 1004, 0.01562134610047036, 0
5, 5, 15, 300, 200, 1005, 0.0052071153668234536, 0
5, 5, 15, 300, 200, 200, 0, 0.05028435415770618
5, 5, 16, 300, 200, 1004, 0.011045959758904631, 0
5, 5, 16, 300, 200, 1005, 0.0036819865863015437, 0
5, 5, 16, 300, 200, 200, 0, 0.035556407812499996
5, 5, 17, 300, 200, 1004, 0.00781067305023518, 0
5, 5, 17, 300, 200, 1005, 0.0026035576834117268, 0
5, 5, 17, 300, 200, 200, 0, 0.02514217707885309
5, 5, 18, 300, 200, 1004, 0.005522979879452316, 0
5, 5, 18, 300, 200, 1005, 0.0018409932931507719, 0
5, 5, 18, 300, 200, 200, 0, 0.017778203906249998
5, 5, 19, 300, 200, 1004, 0.00390533652511759, 0
5, 5, 19, 300, 200, 1005, 0.0013017788417058634, 0
5, 5, 19, 300, 200, 200, 0, 0.012571088539426544
5, 5, 5, 300, 202, 1004, 1.1997193805161244, 0
5, 5, 5, 300, 202, 202, 0, 2.896378799483876
5, 5, 6, 300, 202, 1004, 0.8483297094838758, 0
5, 5, 6, 300, 202, 202, 0, 2.04804909
5, 5, 7, 300, 202, 1004, 0.5998596902580622, 0
5, 5, 7, 300, 202, 202, 0, 1.448189399741938
5, 5, 8, 300, 202, 1004, 0.4241648547419379, 0
5, 5, 8, 300, 202, 202, 0, 1.024024545
5, 5, 9, 300, 202, 1004, 0.2999298451290311, 0
5, 5, 9, 300, 202, 202, 0, 0.724094699870969
5, 5, 10, 300, 202, 1004, 0.21208242737096894, 0
5, 5, 10, 300, 202, 202, 0, 0.5120122725
5, 5, 11, 300, 202, 1004, 0.14996492256451555, 0
5, 5, 11, 300, 202, 202, 0, 0.3620473499354845
5, 5, 12, 300, 202, 1004, 0.10604121368548447, 0
5, 5, 12, 300, 202, 202, 0, 0.25600613625
5, 5, 13, 300, 202, 1004, 0.07498246128225777, 0
5, 5, 13, 300, 202, 202, 0, 0.18102367496774224
5, 5, 14, 300, 202, 1004, 0.053020606842742235, 0
5, 5, 14, 300, 202, 202, 0, 0.128003068125
5, 5, 15, 300, 202, 1004, 0.037491230641128886, 0
5, 5, 15, 300, 202, 202, 0, 0.09051183748387112
5, 5, 16, 300, 202, 1004, 0.026510303421371118, 0
5, 5, 16, 300, 202, 202, 0, 0.0640015340625
5, 5, 17, 300, 202, 1004, 0.018745615320564443, 0
5, 5, 17, 300, 202, 202, 0, 0.04525591874193556
5, 5, 18, 300, 202, 1004, 0.013255151710685559, 0
5, 5, 18, 300, 202, 202, 0, 0.03200076703125
5, 5, 19, 300, 202, 1004, 0.009372807660282222, 0
5, 5, 19, 300, 202, 202, 0, 0.02262795937096778
5, 5, 5, 301, 400, 1004, 0.8997895353870933, 0
5, 5, 5, 301, 400, 1005, 0.2999298451290311, 0
5, 5, 5, 301, 400, 400, 0, 2.896378799483876
5, 5, 6, 301, 400, 1004, 0.6362472821129068, 0
5, 5, 6, 301, 400, 1005, 0.21208242737096894, 0
5, 5, 6, 301, 400, 400, 0, 2.04804909
5, 5, 7, 301, 400, 1004, 0.44989476769354664, 0
5, 5, 7, 301, 400, 1005, 0.14996492256451555, 0
5, 5, 7, 301, 400, 400, 0, 1.448189399741938
5, 5, 8, 301, 400, 1004, 0.3181236410564534, 0
5, 5, 8, 301, 400, 1005, 0.10604121368548447, 0
5, 5, 8, 301, 400, 400, 0, 1.024024545
5, 5, 9, 301, 400, 1004, 0.22494738384677332, 0
5, 5, 9, 301, 400, 1005, 0.07498246128225777, 0
5, 5, 9, 301, 400, 400, 0, 0.724094699870969
5, 5, 10, 301, 400, 1004, 0.1590618205282267, 0
5, 5, 10, 301, 400, 1005, 0.053020606842742235, 0
5, 5, 10, 301, 400, 400, 0, 0.5120122725
5, 5, 11, 301, 400, 1004, 0.11247369192338666, 0
5, 5, 11, 301, 400, 1005, 0.037491230641128886, 0
5, 5, 11, 301, 400, 400, 0, 0.3620473499354845
5, 5, 12, 301, 400, 1004, 0.07953091026411335, 0
5, 5, 12, 301, 400, 1005, 0.026510303421371118, 0
5, 5, 12, 301, 400, 400, 0, 0.25600613625
5, 5, 13, 301, 400, 1004, 0.05623684596169333, 0
5, 5, 13, 301, 400, 1005, 0.018745615320564443, 0
5, 5, 13, 301, 400, 400, 0, 0.18102367496774224
5, 5, 14, 301, 400, 1004, 0.039765455132056676, 0
5, 5, 14, 301, 400, 1005, 0.013255151710685559, 0
5, 5, 14, 301, 400, 400, 0, 0.128003068125
5, 5, 15, 301, 400, 1004, 0.028118422980846665, 0
5, 5, 15, 301, 400, 1005, 0.009372807660282222, 0
5, 5, 15, 301, 400, 400, 0, 0.09051183748387112
5, 5, 16, 301, 400, 1004, 0.019882727566028338, 0
5, 5, 16, 301, 400, 1005, 0.006627575855342779, 0
5, 5, 16, 301, 400, 400, 0, 0.0640015340625
5, 5, 17, 301, 400, 1004, 0.014059211490423332, 0
5, 5, 17, 301, 400, 1005, 0.004686403830141111, 0
5, 5, 17, 301, 400, 400, 0, 0.04525591874193556
5, 5, 18, 301, 400, 1004, 0.009941363783014169, 0
5, 5, 18, 301, 400, 1005, 0.0033137879276713897, 0
5, 5, 18, 301, 400, 400, 0, 0.03200076703125
5, 5, 19, 301, 400, 1004, 0.007029605745211666, 0
5, 5, 19, 301, 400, 1005, 0.0023432019150705554, 0
5, 5, 19, 301, 400, 400, 0, 0.02262795937096778
5, 6, 6, 300, 204, 1000, 0.00011433999254699679, 0
5, 6, 6, 300, 204, 1005, 2.8584998136749196E-05, 0
5, 6, 6, 300, 204, 204, 0, 0.018486375009316255
5, 6, 7, 300, 204, 1000, 0.00011346276997988292, 0
5, 6, 7, 300, 204, 1005, 2.836569249497073E-05, 0
5, 6, 7, 300, 204, 204, 0, 0.018344546546841402
5, 6, 8, 300, 204, 1000, 0.00011259227751144185, 0
5, 6, 8, 300, 204, 1005, 2.8148069377860464E-05, 0
5, 6, 8, 300, 204, 204, 0, 0.0182038061999521
5, 6, 9, 300, 204, 1000, 0.00011172846350799571, 0
5, 6, 9, 300, 204, 1005, 2.7932115876998927E-05, 0
5, 6, 9, 300, 204, 204, 0, 0.018064145620567105
5, 6, 10, 300, 204, 1000, 0.00011087127673200526, 0
5, 6, 10, 300, 204, 1005, 2.7717819183001315E-05, 0
5, 6, 10, 300, 204, 204, 0, 0.0179255565246521
5, 6, 11, 300, 204, 1000, 0.00011002066633901964, 0
5, 6, 11, 300, 204, 1005, 2.750516658475491E-05, 0
5, 6, 11, 300, 204, 204, 0, 0.017788030691728324
5, 6, 12, 300, 204, 1000, 0.00010917658187467872, 0
5, 6, 12, 300, 204, 1005, 2.729414546866968E-05, 0
5, 6, 12, 300, 204, 204, 0, 0.017651559964384975
5, 6, 13, 300, 204, 1000, 0.00010833897327171271, 0
5, 6, 13, 300, 204, 1005, 2.7084743317928178E-05, 0
5, 6, 13, 300, 204, 204, 0, 0.017516136247795334
5, 6, 14, 300, 204, 1000, 0.00010750779084695017, 0
5, 6, 14, 300, 204, 1005, 2.6876947711737542E-05, 0
5, 6, 14, 300, 204, 204, 0, 0.017381751509236647
5, 6, 15, 300, 204, 1000, 0.00010668298529842025, 0
5, 6, 15, 300, 204, 1005, 2.6670746324605063E-05, 0
5, 6, 15, 300, 204, 204, 0, 0.01724839777761362
5, 6, 16, 300, 204, 1000, 0.00010586450770238288, 0
5, 6, 16, 300, 204, 1005, 2.646612692559572E-05, 0
5, 6, 16, 300, 204, 204, 0, 0.017116067142985643
5, 6, 17, 300, 204, 1000, 0.0001050523095104422, 0
5, 6, 17, 300, 204, 1005, 2.626307737761055E-05, 0
5, 6, 17, 300, 204, 204, 0, 0.01698475175609759
5, 6, 18, 300, 204, 1000, 0.00010424634254667664, 0
5, 6, 18, 300, 204, 1005, 2.606158563666916E-05, 0
5, 6, 18, 300, 204, 204, 0, 0.016854443827914244
5, 6, 19, 300, 204, 1000, 0.00010344655900476896, 0
5, 6, 19, 300, 204, 1005, 2.586163975119224E-05, 0
5, 6, 19, 300, 204, 204, 0, 0.016725135629158283
5, 6, 6, 300, 205, 1000, 1.0968200659076077E-05, 0
5, 6, 6, 300, 205, 1005, 2.742050164769019E-06, 0
5, 6, 6, 300, 205, 205, 0, 0.0014766337491761551
5, 6, 7, 300, 205, 1000, 1.086729993942867E-05, 0
5, 6, 7, 300, 205, 1005, 2.7168249848571677E-06, 0
5, 6, 7, 300, 205, 205, 0, 0.0014630496242518693
5, 6, 8, 300, 205, 1000, 1.0767327444523128E-05, 0
5, 6, 8, 300, 205, 1005, 2.691831861130782E-06, 0
5, 6, 8, 300, 205, 205, 0, 0.0014495904649462154
5, 6, 9, 300, 205, 1000, 1.0668274635261024E-05, 0
5, 6, 9, 300, 205, 1005, 2.667068658815256E-06, 0
5, 6, 9, 300, 205, 205, 0, 0.001436255121652139
5, 6, 10, 300, 205, 1000, 1.0570133051098461E-05, 0
5, 6, 10, 300, 205, 1005, 2.6425332627746153E-06, 0
5, 6, 10, 300, 205, 205, 0, 0.001423042455338266
5, 6, 11, 300, 205, 1000, 1.0472894309323384E-05, 0
5, 6, 11, 300, 205, 1005, 2.618223577330846E-06, 0
5, 6, 11, 300, 205, 205, 0, 0.0014099513374516118
5, 6, 12, 300, 205, 1000, 1.037655010433982E-05, 0
5, 6, 12, 300, 205, 1005, 2.594137526084955E-06, 0
5, 6, 12, 300, 205, 205, 0, 0.001396980649821187
5, 6, 13, 300, 205, 1000, 1.0281092206957007E-05, 0
5, 6, 13, 300, 205, 1005, 2.5702730517392518E-06, 0
5, 6, 13, 300, 205, 205, 0, 0.0013841292845624908
5, 6, 14, 300, 205, 1000, 1.0186512463689416E-05, 0
5, 6, 14, 300, 205, 1005, 2.546628115922354E-06, 0
5, 6, 14, 300, 205, 205, 0, 0.001371396143982879
5, 6, 15, 300, 205, 1000, 1.0092802796057324E-05, 0
5, 6, 15, 300, 205, 1005, 2.523200699014331E-06, 0
5, 6, 15, 300, 205, 205, 0, 0.0013587801404878073
5, 6, 16, 300, 205, 1000, 9.999955199898811E-06, 0
5, 6, 16, 300, 205, 1005, 2.4999887999747027E-06, 0
5, 6, 16, 300, 205, 205, 0, 0.0013462801964879338
5, 6, 17, 300, 205, 1000, 9.907961744684385E-06, 0
5, 6, 17, 300, 205, 1005, 2.476990436171096E-06, 0
5, 6, 17, 300, 205, 205, 0, 0.0013338952443070783
5, 6, 18, 300, 205, 1000, 9.81681457284181E-06, 0
5, 6, 18, 300, 205, 1005, 2.4542036432104525E-06, 0
5, 6, 18, 300, 205, 205, 0, 0.001321624226091026
5, 6, 19, 300, 205, 1000, 9.726505899082701E-06, 0
5, 6, 19, 300, 205, 1005, 2.4316264747706753E-06, 0
5, 6, 19, 300, 205, 205, 0, 0.0013094660937171727
5, 6, 6, 300, 206, 1000, 0.00013469252426254186, 0
5, 6, 6, 300, 206, 206, 0, 0.007317027475737459
5, 6, 7, 300, 206, 1000, 0.00013225790834940892, 0
5, 6, 7, 300, 206, 206, 0, 0.00718476956738805
5, 6, 8, 300, 206, 1000, 0.0001298672989962302, 0
5, 6, 8, 300, 206, 206, 0, 0.00705490226839182
5, 6, 9, 300, 206, 1000, 0.00012751990076857733, 0
5, 6, 9, 300, 206, 206, 0, 0.006927382367623243
5, 6, 10, 300, 206, 1000, 0.0001252149326097865, 0
5, 6, 10, 300, 206, 206, 0, 0.006802167435013456
5, 6, 11, 300, 206, 1000, 0.00012295162758107266, 0
5, 6, 11, 300, 206, 206, 0, 0.006679215807432384
5, 6, 12, 300, 206, 1000, 0.00012072923260634302, 0
5, 6, 12, 300, 206, 206, 0, 0.006558486574826041
5, 6, 13, 300, 206, 1000, 0.00011854700822163354, 0
5, 6, 13, 300, 206, 206, 0, 0.006439939566604407
5, 6, 14, 300, 206, 1000, 0.00011640422832905322, 0
5, 6, 14, 300, 206, 206, 0, 0.006323535338275354
5, 6, 15, 300, 206, 1000, 0.00011430017995519084, 0
5, 6, 15, 300, 206, 206, 0, 0.006209235158320163
5, 6, 16, 300, 206, 1000, 0.0001122341630138907, 0
5, 6, 16, 300, 206, 206, 0, 0.006097000995306272
5, 6, 17, 300, 206, 1000, 0.00011020549007330176, 0
5, 6, 17, 300, 206, 206, 0, 0.0059867955052329705
5, 6, 18, 300, 206, 1000, 0.00010821348612715959, 0
5, 6, 18, 300, 206, 206, 0, 0.005878582019105811
5, 6, 19, 300, 206, 1000, 0.00010625748837016832, 0
5, 6, 19, 300, 206, 206, 0, 0.005772324530735643
5, 6, 6, 300, 207, 1000, 0.00042549380004790194, 0
5, 6, 6, 300, 207, 207, 0, 0.0182038061999521
5, 6, 7, 300, 207, 1000, 0.00041577550822377574, 0
5, 6, 7, 300, 207, 207, 0, 0.017788030691728324
5, 6, 8, 300, 207, 1000, 0.000406279182491677, 0
5, 6, 8, 300, 207, 207, 0, 0.017381751509236647
5, 6, 9, 300, 207, 1000, 0.00039699975313905664, 0
5, 6, 9, 300, 207, 207, 0, 0.01698475175609759
5, 6, 10, 300, 207, 1000, 0.00038793226624576557, 0
5, 6, 10, 300, 207, 207, 0, 0.016596819489851825
5, 6, 11, 300, 207, 1000, 0.0003790718810393369, 0
5, 6, 11, 300, 207, 207, 0, 0.016217747608812488
5, 6, 12, 300, 207, 1000, 0.00037041386731070935, 0
5, 6, 12, 300, 207, 207, 0, 0.01584733374150178
5, 6, 13, 300, 207, 1000, 0.0003619536028889418, 0
5, 6, 13, 300, 207, 207, 0, 0.015485380138612836
5, 6, 14, 300, 207, 1000, 0.000353686571173616, 0
5, 6, 14, 300, 207, 207, 0, 0.01513169356743922
5, 6, 15, 300, 207, 1000, 0.00034560835872362965, 0
5, 6, 15, 300, 207, 207, 0, 0.01478608520871559
5, 6, 16, 300, 207, 1000, 0.00033771465290099306, 0
5, 6, 16, 300, 207, 207, 0, 0.014448370555814598
5, 6, 17, 300, 207, 1000, 0.0003300012395685177, 0
5, 6, 17, 300, 207, 207, 0, 0.01411836931624608
5, 6, 18, 300, 207, 1000, 0.0003224640008400344, 0
5, 6, 18, 300, 207, 207, 0, 0.013795905315406046
5, 6, 19, 300, 207, 1000, 0.0003150989128820267, 0
5, 6, 19, 300, 207, 207, 0, 0.013480806402524019
5, 6, 6, 300, 208, 1000, 4.3872802636304306E-05, 0
5, 6, 6, 300, 208, 1005, 1.0968200659076077E-05, 0
5, 6, 6, 300, 208, 208, 0, 0.0059065349967046205
5, 6, 7, 300, 208, 1000, 4.346919975771468E-05, 0
5, 6, 7, 300, 208, 1005, 1.086729993942867E-05, 0
5, 6, 7, 300, 208, 208, 0, 0.005852198497007477
5, 6, 8, 300, 208, 1000, 4.306930977809251E-05, 0
5, 6, 8, 300, 208, 1005, 1.0767327444523128E-05, 0
5, 6, 8, 300, 208, 208, 0, 0.0057983618597848615
5, 6, 9, 300, 208, 1000, 4.2673098541044095E-05, 0
5, 6, 9, 300, 208, 1005, 1.0668274635261024E-05, 0
5, 6, 9, 300, 208, 208, 0, 0.005745020486608556
5, 6, 10, 300, 208, 1000, 4.2280532204393845E-05, 0
5, 6, 10, 300, 208, 1005, 1.0570133051098461E-05, 0
5, 6, 10, 300, 208, 208, 0, 0.005692169821353064
5, 6, 11, 300, 208, 1000, 4.189157723729354E-05, 0
5, 6, 11, 300, 208, 1005, 1.0472894309323384E-05, 0
5, 6, 11, 300, 208, 208, 0, 0.005639805349806447
5, 6, 12, 300, 208, 1000, 4.150620041735928E-05, 0
5, 6, 12, 300, 208, 1005, 1.037655010433982E-05, 0
5, 6, 12, 300, 208, 208, 0, 0.005587922599284748
5, 6, 13, 300, 208, 1000, 4.112436882782803E-05, 0
5, 6, 13, 300, 208, 1005, 1.0281092206957007E-05, 0
5, 6, 13, 300, 208, 208, 0, 0.005536517138249963
5, 6, 14, 300, 208, 1000, 4.0746049854757664E-05, 0
5, 6, 14, 300, 208, 1005, 1.0186512463689416E-05, 0
5, 6, 14, 300, 208, 208, 0, 0.005485584575931516
5, 6, 15, 300, 208, 1000, 4.0371211184229294E-05, 0
5, 6, 15, 300, 208, 1005, 1.0092802796057324E-05, 0
5, 6, 15, 300, 208, 208, 0, 0.005435120561951229
5, 6, 16, 300, 208, 1000, 3.9999820799595244E-05, 0
5, 6, 16, 300, 208, 1005, 9.999955199898811E-06, 0
5, 6, 16, 300, 208, 208, 0, 0.005385120785951735
5, 6, 17, 300, 208, 1000, 3.963184697873754E-05, 0
5, 6, 17, 300, 208, 1005, 9.907961744684385E-06, 0
5, 6, 17, 300, 208, 208, 0, 0.005335580977228313
5, 6, 18, 300, 208, 1000, 3.926725829136724E-05, 0
5, 6, 18, 300, 208, 1005, 9.81681457284181E-06, 0
5, 6, 18, 300, 208, 208, 0, 0.005286496904364104
5, 6, 19, 300, 208, 1000, 3.8906023596330805E-05, 0
5, 6, 19, 300, 208, 1005, 9.726505899082701E-06, 0
5, 6, 19, 300, 208, 208, 0, 0.005237864374868691
5, 6, 6, 300, 209, 1000, 0.002604296373838945, 0
5, 6, 6, 300, 209, 209, 0, 0.006287327626161056
5, 6, 7, 300, 209, 1000, 0.0018415156261610555, 0
5, 6, 7, 300, 209, 209, 0, 0.004445812
5, 6, 8, 300, 209, 1000, 0.0013021481869194725, 0
5, 6, 8, 300, 209, 209, 0, 0.003143663813080528
5, 6, 9, 300, 209, 1000, 0.0009207578130805277, 0
5, 6, 9, 300, 209, 209, 0, 0.002222906
5, 6, 10, 300, 209, 1000, 0.0006510740934597362, 0
5, 6, 10, 300, 209, 209, 0, 0.001571831906540264
5, 6, 11, 300, 209, 1000, 0.00046037890654026387, 0
5, 6, 11, 300, 209, 209, 0, 0.001111453
5, 6, 12, 300, 209, 1000, 0.0003255370467298681, 0
5, 6, 12, 300, 209, 209, 0, 0.000785915953270132
5, 6, 13, 300, 209, 1000, 0.00023018945327013193, 0
5, 6, 13, 300, 209, 209, 0, 0.0005557265
5, 6, 14, 300, 209, 1000, 0.00016276852336493406, 0
5, 6, 14, 300, 209, 209, 0, 0.000392957976635066
5, 6, 15, 300, 209, 1000, 0.00011509472663506597, 0
5, 6, 15, 300, 209, 209, 0, 0.00027786325
5, 6, 16, 300, 209, 1000, 8.138426168246703E-05, 0
5, 6, 16, 300, 209, 209, 0, 0.000196478988317533
5, 6, 17, 300, 209, 1000, 5.754736331753298E-05, 0
5, 6, 17, 300, 209, 209, 0, 0.000138931625
5, 6, 18, 300, 209, 1000, 4.0692130841233514E-05, 0
5, 6, 18, 300, 209, 209, 0, 9.82394941587665E-05
5, 6, 19, 300, 209, 1000, 2.877368165876649E-05, 0
5, 6, 19, 300, 209, 209, 0, 6.94658125E-05
5, 6, 6, 300, 210, 1000, 0.00018856953396755895, 0
5, 6, 6, 300, 210, 210, 0, 0.010243838466032443
5, 6, 7, 300, 210, 1000, 0.00018516107168917162, 0
5, 6, 7, 300, 210, 210, 0, 0.010058677394343272
5, 6, 8, 300, 210, 1000, 0.0001818142185947228, 0
5, 6, 8, 300, 210, 210, 0, 0.009876863175748549
5, 6, 9, 300, 210, 1000, 0.0001785278610760086, 0
5, 6, 9, 300, 210, 210, 0, 0.00969833531467254
5, 6, 10, 300, 210, 1000, 0.0001753009056537011, 0
5, 6, 10, 300, 210, 210, 0, 0.00952303440901884
5, 6, 11, 300, 210, 1000, 0.00017213227861350051, 0
5, 6, 11, 300, 210, 210, 0, 0.009350902130405339
5, 6, 12, 300, 210, 1000, 0.0001690209256488811, 0
5, 6, 12, 300, 210, 210, 0, 0.009181881204756458
5, 6, 13, 300, 210, 1000, 0.0001659658115102866, 0
5, 6, 13, 300, 210, 210, 0, 0.009015915393246171
5, 6, 14, 300, 210, 1000, 0.00016296591966067503, 0
5, 6, 14, 300, 210, 210, 0, 0.008852949473585496
5, 6, 15, 300, 210, 1000, 0.0001600202519372665, 0
5, 6, 15, 300, 210, 210, 0, 0.00869292922164823
5, 6, 16, 300, 210, 1000, 0.00015712782821944785, 0
5, 6, 16, 300, 210, 210, 0, 0.008535801393428782
5, 6, 17, 300, 210, 1000, 0.0001542876861026221, 0
5, 6, 17, 300, 210, 210, 0, 0.00838151370732616
5, 6, 18, 300, 210, 1000, 0.0001514988805780236, 0
5, 6, 18, 300, 210, 210, 0, 0.008230014826748136
5, 6, 19, 300, 210, 1000, 0.00014876048371823512, 0
5, 6, 19, 300, 210, 210, 0, 0.008081254343029901
5, 6, 6, 301, 204, 1000, 0.00045735997018798714, 0
5, 6, 6, 301, 204, 1005, 0.00011433999254699679, 0
5, 6, 6, 301, 204, 204, 0, 0.07394550003726502
5, 6, 7, 301, 204, 1000, 0.0004538510799195317, 0
5, 6, 7, 301, 204, 1005, 0.00011346276997988292, 0
5, 6, 7, 301, 204, 204, 0, 0.07337818618736561
5, 6, 8, 301, 204, 1000, 0.0004503691100457674, 0
5, 6, 8, 301, 204, 1005, 0.00011259227751144185, 0
5, 6, 8, 301, 204, 204, 0, 0.0728152247998084
5, 6, 9, 301, 204, 1000, 0.00044691385403198284, 0
5, 6, 9, 301, 204, 1005, 0.00011172846350799571, 0
5, 6, 9, 301, 204, 204, 0, 0.07225658248226842
5, 6, 10, 301, 204, 1000, 0.00044348510692802104, 0
5, 6, 10, 301, 204, 1005, 0.00011087127673200526, 0
5, 6, 10, 301, 204, 204, 0, 0.0717022260986084
5, 6, 11, 301, 204, 1000, 0.00044008266535607856, 0
5, 6, 11, 301, 204, 1005, 0.00011002066633901964, 0
5, 6, 11, 301, 204, 204, 0, 0.0711521227669133
5, 6, 12, 301, 204, 1000, 0.00043670632749871486, 0
5, 6, 12, 301, 204, 1005, 0.00010917658187467872, 0
5, 6, 12, 301, 204, 204, 0, 0.0706062398575399
5, 6, 13, 301, 204, 1000, 0.00043335589308685085, 0
5, 6, 13, 301, 204, 1005, 0.00010833897327171271, 0
5, 6, 13, 301, 204, 204, 0, 0.07006454499118134
5, 6, 14, 301, 204, 1000, 0.0004300311633878007, 0
5, 6, 14, 301, 204, 1005, 0.00010750779084695017, 0
5, 6, 14, 301, 204, 204, 0, 0.06952700603694659
5, 6, 15, 301, 204, 1000, 0.000426731941193681, 0
5, 6, 15, 301, 204, 1005, 0.00010668298529842025, 0
5, 6, 15, 301, 204, 204, 0, 0.06899359111045449
5, 6, 16, 301, 204, 1000, 0.0004234580308095315, 0
5, 6, 16, 301, 204, 1005, 0.00010586450770238288, 0
5, 6, 16, 301, 204, 204, 0, 0.06846426857194257
5, 6, 17, 301, 204, 1000, 0.0004202092380417688, 0
5, 6, 17, 301, 204, 1005, 0.0001050523095104422, 0
5, 6, 17, 301, 204, 204, 0, 0.06793900702439036
5, 6, 18, 301, 204, 1000, 0.00041698537018670657, 0
5, 6, 18, 301, 204, 1005, 0.00010424634254667664, 0
5, 6, 18, 301, 204, 204, 0, 0.06741777531165698
5, 6, 19, 301, 204, 1000, 0.00041378623601907584, 0
5, 6, 19, 301, 204, 1005, 0.00010344655900476896, 0
5, 6, 19, 301, 204, 204, 0, 0.06690054251663313
5, 6, 6, 301, 205, 1000, 4.3872802636304306E-05, 0
5, 6, 6, 301, 205, 1005, 1.0968200659076077E-05, 0
5, 6, 6, 301, 205, 205, 0, 0.0059065349967046205
5, 6, 7, 301, 205, 1000, 4.346919975771468E-05, 0
5, 6, 7, 301, 205, 1005, 1.086729993942867E-05, 0
5, 6, 7, 301, 205, 205, 0, 0.005852198497007477
5, 6, 8, 301, 205, 1000, 4.306930977809251E-05, 0
5, 6, 8, 301, 205, 1005, 1.0767327444523128E-05, 0
5, 6, 8, 301, 205, 205, 0, 0.0057983618597848615
5, 6, 9, 301, 205, 1000, 4.2673098541044095E-05, 0
5, 6, 9, 301, 205, 1005, 1.0668274635261024E-05, 0
5, 6, 9, 301, 205, 205, 0, 0.005745020486608556
5, 6, 10, 301, 205, 1000, 4.2280532204393845E-05, 0
5, 6, 10, 301, 205, 1005, 1.0570133051098461E-05, 0
5, 6, 10, 301, 205, 205, 0, 0.005692169821353064
5, 6, 11, 301, 205, 1000, 4.189157723729354E-05, 0
5, 6, 11, 301, 205, 1005, 1.0472894309323384E-05, 0
5, 6, 11, 301, 205, 205, 0, 0.005639805349806447
5, 6, 12, 301, 205, 1000, 4.150620041735928E-05, 0
5, 6, 12, 301, 205, 1005, 1.037655010433982E-05, 0
5, 6, 12, 301, 205, 205, 0, 0.005587922599284748
5, 6, 13, 301, 205, 1000, 4.112436882782803E-05, 0
5, 6, 13, 301, 205, 1005, 1.0281092206957007E-05, 0
5, 6, 13, 301, 205, 205, 0, 0.005536517138249963
5, 6, 14, 301, 205, 1000, 4.0746049854757664E-05, 0
5, 6, 14, 301, 205, 1005, 1.0186512463689416E-05, 0
5, 6, 14, 301, 205, 205, 0, 0.005485584575931516
5, 6, 15, 301, 205, 1000, 4.0371211184229294E-05, 0
5, 6, 15, 301, 205, 1005, 1.0092802796057324E-05, 0
5, 6, 15, 301, 205, 205, 0, 0.005435120561951229
5, 6, 16, 301, 205, 1000, 3.9999820799595244E-05, 0
5, 6, 16, 301, 205, 1005, 9.999955199898811E-06, 0
5, 6, 16, 301, 205, 205, 0, 0.005385120785951735
5, 6, 17, 301, 205, 1000, 3.963184697873754E-05, 0
5, 6, 17, 301, 205, 1005, 9.907961744684385E-06, 0
5, 6, 17, 301, 205, 205, 0, 0.005335580977228313
5, 6, 18, 301, 205, 1000, 3.926725829136724E-05, 0
5, 6, 18, 301, 205, 1005, 9.81681457284181E-06, 0
5, 6, 18, 301, 205, 205, 0, 0.005286496904364104
5, 6, 19, 301, 205, 1000, 3.8906023596330805E-05, 0
5, 6, 19, 301, 205, 1005, 9.726505899082701E-06, 0
5, 6, 19, 301, 205, 205, 0, 0.005237864374868691
5, 6, 6, 301, 206, 1000, 0.0005387700970501674, 0
5, 6, 6, 301, 206, 206, 0, 0.029268109902949837
5, 6, 7, 301, 206, 1000, 0.0005290316333976357, 0
5, 6, 7, 301, 206, 206, 0, 0.0287390782695522
5, 6, 8, 301, 206, 1000, 0.0005194691959849208, 0
5, 6, 8, 301, 206, 206, 0, 0.02821960907356728
5, 6, 9, 301, 206, 1000, 0.0005100796030743093, 0
5, 6, 9, 301, 206, 206, 0, 0.02770952947049297
5, 6, 10, 301, 206, 1000, 0.000500859730439146, 0
5, 6, 10, 301, 206, 206, 0, 0.027208669740053825
5, 6, 11, 301, 206, 1000, 0.0004918065103242907, 0
5, 6, 11, 301, 206, 206, 0, 0.026716863229729534
5, 6, 12, 301, 206, 1000, 0.00048291693042537207, 0
5, 6, 12, 301, 206, 206, 0, 0.026233946299304162
5, 6, 13, 301, 206, 1000, 0.00047418803288653416, 0
5, 6, 13, 301, 206, 206, 0, 0.025759758266417628
5, 6, 14, 301, 206, 1000, 0.0004656169133162129, 0
5, 6, 14, 301, 206, 206, 0, 0.025294141353101415
5, 6, 15, 301, 206, 1000, 0.0004572007198207634, 0
5, 6, 15, 301, 206, 206, 0, 0.024836940633280652
5, 6, 16, 301, 206, 1000, 0.0004489366520555628, 0
5, 6, 16, 301, 206, 206, 0, 0.02438800398122509
5, 6, 17, 301, 206, 1000, 0.000440821960293207, 0
5, 6, 17, 301, 206, 206, 0, 0.023947182020931882
5, 6, 18, 301, 206, 1000, 0.00043285394450863837, 0
5, 6, 18, 301, 206, 206, 0, 0.023514328076423244
5, 6, 19, 301, 206, 1000, 0.00042502995348067327, 0
5, 6, 19, 301, 206, 206, 0, 0.02308929812294257
5, 6, 6, 301, 207, 1000, 0.0017019752001916078, 0
5, 6, 6, 301, 207, 207, 0, 0.0728152247998084
5, 6, 7, 301, 207, 1000, 0.001663102032895103, 0
5, 6, 7, 301, 207, 207, 0, 0.0711521227669133
5, 6, 8, 301, 207, 1000, 0.001625116729966708, 0
5, 6, 8, 301, 207, 207, 0, 0.06952700603694659
5, 6, 9, 301, 207, 1000, 0.0015879990125562266, 0
5, 6, 9, 301, 207, 207, 0, 0.06793900702439036
5, 6, 10, 301, 207, 1000, 0.0015517290649830623, 0
5, 6, 10, 301, 207, 207, 0, 0.0663872779594073
5, 6, 11, 301, 207, 1000, 0.0015162875241573476, 0
5, 6, 11, 301, 207, 207, 0, 0.06487099043524995
5, 6, 12, 301, 207, 1000, 0.0014816554692428374, 0
5, 6, 12, 301, 207, 207, 0, 0.06338933496600711
5, 6, 13, 301, 207, 1000, 0.0014478144115557673, 0
5, 6, 13, 301, 207, 207, 0, 0.061941520554451346
5, 6, 14, 301, 207, 1000, 0.001414746284694464, 0
5, 6, 14, 301, 207, 207, 0, 0.06052677426975688
5, 6, 15, 301, 207, 1000, 0.0013824334348945186, 0
5, 6, 15, 301, 207, 207, 0, 0.05914434083486236
5, 6, 16, 301, 207, 1000, 0.0013508586116039722, 0
5, 6, 16, 301, 207, 207, 0, 0.05779348222325839
5, 6, 17, 301, 207, 1000, 0.0013200049582740708, 0
5, 6, 17, 301, 207, 207, 0, 0.05647347726498432
5, 6, 18, 301, 207, 1000, 0.0012898560033601375, 0
5, 6, 18, 301, 207, 207, 0, 0.05518362126162418
5, 6, 19, 301, 207, 1000, 0.0012603956515281067, 0
5, 6, 19, 301, 207, 207, 0, 0.053923225610096076
5, 6, 6, 301, 208, 1000, 0.00017549121054521722, 0
5, 6, 6, 301, 208, 1005, 4.3872802636304306E-05, 0
5, 6, 6, 301, 208, 208, 0, 0.023626139986818482
5, 6, 7, 301, 208, 1000, 0.00017387679903085873, 0
5, 6, 7, 301, 208, 1005, 4.346919975771468E-05, 0
5, 6, 7, 301, 208, 208, 0, 0.02340879398802991
5, 6, 8, 301, 208, 1000, 0.00017227723911237004, 0
5, 6, 8, 301, 208, 1005, 4.306930977809251E-05, 0
5, 6, 8, 301, 208, 208, 0, 0.023193447439139446
5, 6, 9, 301, 208, 1000, 0.00017069239416417638, 0
5, 6, 9, 301, 208, 1005, 4.2673098541044095E-05, 0
5, 6, 9, 301, 208, 208, 0, 0.022980081946434226
5, 6, 10, 301, 208, 1000, 0.00016912212881757538, 0
5, 6, 10, 301, 208, 1005, 4.2280532204393845E-05, 0
5, 6, 10, 301, 208, 208, 0, 0.022768679285412256
5, 6, 11, 301, 208, 1000, 0.00016756630894917415, 0
5, 6, 11, 301, 208, 1005, 4.189157723729354E-05, 0
5, 6, 11, 301, 208, 208, 0, 0.02255922139922579
5, 6, 12, 301, 208, 1000, 0.00016602480166943713, 0
5, 6, 12, 301, 208, 1005, 4.150620041735928E-05, 0
5, 6, 12, 301, 208, 208, 0, 0.022351690397138992
5, 6, 13, 301, 208, 1000, 0.0001644974753113121, 0
5, 6, 13, 301, 208, 1005, 4.112436882782803E-05, 0
5, 6, 13, 301, 208, 208, 0, 0.022146068552999852
5, 6, 14, 301, 208, 1000, 0.00016298419941903066, 0
5, 6, 14, 301, 208, 1005, 4.0746049854757664E-05, 0
5, 6, 14, 301, 208, 208, 0, 0.021942338303726064
5, 6, 15, 301, 208, 1000, 0.00016148484473691718, 0
5, 6, 15, 301, 208, 1005, 4.0371211184229294E-05, 0
5, 6, 15, 301, 208, 208, 0, 0.021740482247804917
5, 6, 16, 301, 208, 1000, 0.00015999928319838098, 0
5, 6, 16, 301, 208, 1005, 3.9999820799595244E-05, 0
5, 6, 16, 301, 208, 208, 0, 0.02154048314380694
5, 6, 17, 301, 208, 1000, 0.00015852738791495016, 0
5, 6, 17, 301, 208, 1005, 3.963184697873754E-05, 0
5, 6, 17, 301, 208, 208, 0, 0.021342323908913254
5, 6, 18, 301, 208, 1000, 0.00015706903316546896, 0
5, 6, 18, 301, 208, 1005, 3.926725829136724E-05, 0
5, 6, 18, 301, 208, 208, 0, 0.021145987617456417
5, 6, 19, 301, 208, 1000, 0.00015562409438532322, 0
5, 6, 19, 301, 208, 1005, 3.8906023596330805E-05, 0
5, 6, 19, 301, 208, 208, 0, 0.020951457499474763
5, 6, 6, 301, 209, 1000, 0.01041718549535578, 0
5, 6, 6, 301, 209, 209, 0, 0.025149310504644223
5, 6, 7, 301, 209, 1000, 0.007366062504644222, 0
5, 6, 7, 301, 209, 209, 0, 0.017783248
5, 6, 8, 301, 209, 1000, 0.00520859274767789, 0
5, 6, 8, 301, 209, 209, 0, 0.012574655252322112
5, 6, 9, 301, 209, 1000, 0.003683031252322111, 0
5, 6, 9, 301, 209, 209, 0, 0.008891624
5, 6, 10, 301, 209, 1000, 0.002604296373838945, 0
5, 6, 10, 301, 209, 209, 0, 0.006287327626161056
5, 6, 11, 301, 209, 1000, 0.0018415156261610555, 0
5, 6, 11, 301, 209, 209, 0, 0.004445812
5, 6, 12, 301, 209, 1000, 0.0013021481869194725, 0
5, 6, 12, 301, 209, 209, 0, 0.003143663813080528
5, 6, 13, 301, 209, 1000, 0.0009207578130805277, 0
5, 6, 13, 301, 209, 209, 0, 0.002222906
5, 6, 14, 301, 209, 1000, 0.0006510740934597362, 0
5, 6, 14, 301, 209, 209, 0, 0.001571831906540264
5, 6, 15, 301, 209, 1000, 0.00046037890654026387, 0
5, 6, 15, 301, 209, 209, 0, 0.001111453
5, 6, 16, 301, 209, 1000, 0.0003255370467298681, 0
5, 6, 16, 301, 209, 209, 0, 0.000785915953270132
5, 6, 17, 301, 209, 1000, 0.00023018945327013193, 0
5, 6, 17, 301, 209, 209, 0, 0.0005557265
5, 6, 18, 301, 209, 1000, 0.00016276852336493406, 0
5, 6, 18, 301, 209, 209, 0, 0.000392957976635066
5, 6, 19, 301, 209, 1000, 0.00011509472663506597, 0
5, 6, 19, 301, 209, 209, 0, 0.00027786325
5, 6, 6, 301, 210, 1000, 0.0007542781358702358, 0
5, 6, 6, 301, 210, 210, 0, 0.040975353864129774
5, 6, 7, 301, 210, 1000, 0.0007406442867566865, 0
5, 6, 7, 301, 210, 210, 0, 0.04023470957737309
5, 6, 8, 301, 210, 1000, 0.0007272568743788912, 0
5, 6, 8, 301, 210, 210, 0, 0.039507452702994196
5, 6, 9, 301, 210, 1000, 0.0007141114443040344, 0
5, 6, 9, 301, 210, 210, 0, 0.03879334125869016
5, 6, 10, 301, 210, 1000, 0.0007012036226148044, 0
5, 6, 10, 301, 210, 210, 0, 0.03809213763607536
5, 6, 11, 301, 210, 1000, 0.0006885291144540021, 0
5, 6, 11, 301, 210, 210, 0, 0.037403608521621355
5, 6, 12, 301, 210, 1000, 0.0006760837025955244, 0
5, 6, 12, 301, 210, 210, 0, 0.03672752481902583
5, 6, 13, 301, 210, 1000, 0.0006638632460411464, 0
5, 6, 13, 301, 210, 210, 0, 0.036063661572984684
5, 6, 14, 301, 210, 1000, 0.0006518636786427001, 0
5, 6, 14, 301, 210, 210, 0, 0.035411797894341984
5, 6, 15, 301, 210, 1000, 0.000640081007749066, 0
5, 6, 15, 301, 210, 210, 0, 0.03477171688659292
5, 6, 16, 301, 210, 1000, 0.0006285113128777914, 0
5, 6, 16, 301, 210, 210, 0, 0.03414320557371513
5, 6, 17, 301, 210, 1000, 0.0006171507444104884, 0
5, 6, 17, 301, 210, 210, 0, 0.03352605482930464
5, 6, 18, 301, 210, 1000, 0.0006059955223120944, 0
5, 6, 18, 301, 210, 210, 0, 0.032920059306992544
5, 6, 19, 301, 210, 1000, 0.0005950419348729405, 0
5, 6, 19, 301, 210, 210, 0, 0.032325017372119604
5, 6, 6, 300, 200, 1004, 0.03208562469767056, 0
5, 6, 6, 300, 200, 1005, 0.010695208232556853, 0
5, 6, 6, 300, 200, 200, 0, 0.10328206706977258
5, 6, 7, 300, 200, 1004, 0.022687962802329438, 0
5, 6, 7, 300, 200, 1005, 0.007562654267443146, 0
5, 6, 7, 300, 200, 200, 0, 0.07303145
5, 6, 8, 300, 200, 1004, 0.01604281234883528, 0
5, 6, 8, 300, 200, 1005, 0.005347604116278427, 0
5, 6, 8, 300, 200, 200, 0, 0.05164103353488629
5, 6, 9, 300, 200, 1004, 0.011343981401164719, 0
5, 6, 9, 300, 200, 1005, 0.003781327133721573, 0
5, 6, 9, 300, 200, 200, 0, 0.036515725
5, 6, 10, 300, 200, 1004, 0.00802140617441764, 0
5, 6, 10, 300, 200, 1005, 0.0026738020581392134, 0
5, 6, 10, 300, 200, 200, 0, 0.025820516767443145
5, 6, 11, 300, 200, 1004, 0.0056719907005823595, 0
5, 6, 11, 300, 200, 1005, 0.0018906635668607865, 0
5, 6, 11, 300, 200, 200, 0, 0.0182578625
5, 6, 12, 300, 200, 1004, 0.00401070308720882, 0
5, 6, 12, 300, 200, 1005, 0.0013369010290696067, 0
5, 6, 12, 300, 200, 200, 0, 0.012910258383721573
5, 6, 13, 300, 200, 1004, 0.0028359953502911798, 0
5, 6, 13, 300, 200, 1005, 0.0009453317834303933, 0
5, 6, 13, 300, 200, 200, 0, 0.00912893125
5, 6, 14, 300, 200, 1004, 0.00200535154360441, 0
5, 6, 14, 300, 200, 1005, 0.0006684505145348033, 0
5, 6, 14, 300, 200, 200, 0, 0.006455129191860786
5, 6, 15, 300, 200, 1004, 0.0014179976751455899, 0
5, 6, 15, 300, 200, 1005, 0.0004726658917151966, 0
5, 6, 15, 300, 200, 200, 0, 0.004564465625
5, 6, 16, 300, 200, 1004, 0.001002675771802205, 0
5, 6, 16, 300, 200, 1005, 0.00033422525726740167, 0
5, 6, 16, 300, 200, 200, 0, 0.003227564595930393
5, 6, 17, 300, 200, 1004, 0.0007089988375727949, 0
5, 6, 17, 300, 200, 1005, 0.0002363329458575983, 0
5, 6, 17, 300, 200, 200, 0, 0.0022822328125
5, 6, 18, 300, 200, 1004, 0.0005013378859011025, 0
5, 6, 18, 300, 200, 1005, 0.00016711262863370083, 0
5, 6, 18, 300, 200, 200, 0, 0.0016137822979651966
5, 6, 19, 300, 200, 1004, 0.00035449941878639747, 0
5, 6, 19, 300, 200, 1005, 0.00011816647292879916, 0
5, 6, 19, 300, 200, 200, 0, 0.00114111640625
5, 6, 6, 300, 202, 1004, 0.07700549927440936, 0
5, 6, 6, 300, 202, 202, 0, 0.18590772072559064
5, 6, 7, 300, 202, 1004, 0.05445111072559064, 0
5, 6, 7, 300, 202, 202, 0, 0.13145661
5, 6, 8, 300, 202, 1004, 0.03850274963720468, 0
5, 6, 8, 300, 202, 202, 0, 0.09295386036279532
5, 6, 9, 300, 202, 1004, 0.02722555536279532, 0
5, 6, 9, 300, 202, 202, 0, 0.065728305
5, 6, 10, 300, 202, 1004, 0.01925137481860234, 0
5, 6, 10, 300, 202, 202, 0, 0.04647693018139766
5, 6, 11, 300, 202, 1004, 0.01361277768139766, 0
5, 6, 11, 300, 202, 202, 0, 0.0328641525
5, 6, 12, 300, 202, 1004, 0.00962568740930117, 0
5, 6, 12, 300, 202, 202, 0, 0.02323846509069883
5, 6, 13, 300, 202, 1004, 0.00680638884069883, 0
5, 6, 13, 300, 202, 202, 0, 0.01643207625
5, 6, 14, 300, 202, 1004, 0.004812843704650585, 0
5, 6, 14, 300, 202, 202, 0, 0.011619232545349415
5, 6, 15, 300, 202, 1004, 0.003403194420349415, 0
5, 6, 15, 300, 202, 202, 0, 0.008216038125
5, 6, 16, 300, 202, 1004, 0.0024064218523252925, 0
5, 6, 16, 300, 202, 202, 0, 0.0058096162726747076
5, 6, 17, 300, 202, 1004, 0.0017015972101747075, 0
5, 6, 17, 300, 202, 202, 0, 0.0041080190625
5, 6, 18, 300, 202, 1004, 0.0012032109261626463, 0
5, 6, 18, 300, 202, 202, 0, 0.0029048081363373538
5, 6, 19, 300, 202, 1004, 0.0008507986050873538, 0
5, 6, 19, 300, 202, 202, 0, 0.00205400953125
5, 6, 6, 301, 400, 1004, 0.05775412445580702, 0
5, 6, 6, 301, 400, 1005, 0.01925137481860234, 0
5, 6, 6, 301, 400, 400, 0, 0.18590772072559064
5, 6, 7, 301, 400, 1004, 0.04083833304419298, 0
5, 6, 7, 301, 400, 1005, 0.01361277768139766, 0
5, 6, 7, 301, 400, 400, 0, 0.13145661
5, 6, 8, 301, 400, 1004, 0.02887706222790351, 0
5, 6, 8, 301, 400, 1005, 0.00962568740930117, 0
5, 6, 8, 301, 400, 400, 0, 0.09295386036279532
5, 6, 9, 301, 400, 1004, 0.02041916652209649, 0
5, 6, 9, 301, 400, 1005, 0.00680638884069883, 0
5, 6, 9, 301, 400, 400, 0, 0.065728305
5, 6, 10, 301, 400, 1004, 0.014438531113951755, 0
5, 6, 10, 301, 400, 1005, 0.004812843704650585, 0
5, 6, 10, 301, 400, 400, 0, 0.04647693018139766
5, 6, 11, 301, 400, 1004, 0.010209583261048245, 0
5, 6, 11, 301, 400, 1005, 0.003403194420349415, 0
5, 6, 11, 301, 400, 400, 0, 0.0328641525
5, 6, 12, 301, 400, 1004, 0.007219265556975878, 0
5, 6, 12, 301, 400, 1005, 0.0024064218523252925, 0
5, 6, 12, 301, 400, 400, 0, 0.02323846509069883
5, 6, 13, 301, 400, 1004, 0.0051047916305241225, 0
5, 6, 13, 301, 400, 1005, 0.0017015972101747075, 0
5, 6, 13, 301, 400, 400, 0, 0.01643207625
5, 6, 14, 301, 400, 1004, 0.003609632778487939, 0
5, 6, 14, 301, 400, 1005, 0.0012032109261626463, 0
5, 6, 14, 301, 400, 400, 0, 0.011619232545349415
5, 6, 15, 301, 400, 1004, 0.0025523958152620613, 0
5, 6, 15, 301, 400, 1005, 0.0008507986050873538, 0
5, 6, 15, 301, 400, 400, 0, 0.008216038125
5, 6, 16, 301, 400, 1004, 0.0018048163892439694, 0
5, 6, 16, 301, 400, 1005, 0.0006016054630813231, 0
5, 6, 16, 301, 400, 400, 0, 0.0058096162726747076
5, 6, 17, 301, 400, 1004, 0.0012761979076310306, 0
5, 6, 17, 301, 400, 1005, 0.0004253993025436769, 0
5, 6, 17, 301, 400, 400, 0, 0.0041080190625
5, 6, 18, 301, 400, 1004, 0.0009024081946219847, 0
5, 6, 18, 301, 400, 1005, 0.00030080273154066157, 0
5, 6, 18, 301, 400, 400, 0, 0.0029048081363373538
5, 6, 19, 301, 400, 1004, 0.0006380989538155153, 0
5, 6, 19, 301, 400, 1005, 0.00021269965127183844, 0
5, 6, 19, 301, 400, 400, 0, 0.00205400953125
5, 7, 7, 300, 204, 1000, 9.01744042449415E-05, 0
5, 7, 7, 300, 204, 1005, 2.2543601061235374E-05, 0
5, 7, 7, 300, 204, 204, 0, 0.014579306994693824
5, 7, 8, 300, 204, 1000, 8.948258136986937E-05, 0
5, 7, 8, 300, 204, 1005, 2.2370645342467342E-05, 0
5, 7, 8, 300, 204, 204, 0, 0.014467453767981487
5, 7, 9, 300, 204, 1000, 8.879606619706799E-05, 0
5, 7, 9, 300, 204, 1005, 2.2199016549266998E-05, 0
5, 7, 9, 300, 204, 204, 0, 0.014356458685235152
5, 7, 10, 300, 204, 1000, 8.811481800556354E-05, 0
5, 7, 10, 300, 204, 1005, 2.2028704501390886E-05, 0
5, 7, 10, 300, 204, 204, 0, 0.014246315162728198
5, 7, 11, 300, 204, 1000, 8.74387963867948E-05, 0
5, 7, 11, 300, 204, 1005, 2.18596990966987E-05, 0
5, 7, 11, 300, 204, 204, 0, 0.014137016667244704
5, 7, 12, 300, 204, 1000, 8.67679612422137E-05, 0
5, 7, 12, 300, 204, 1005, 2.1691990310553427E-05, 0
5, 7, 12, 300, 204, 204, 0, 0.014028556715691937
5, 7, 13, 300, 204, 1000, 8.61022727809066E-05, 0
5, 7, 13, 300, 204, 1005, 2.152556819522665E-05, 0
5, 7, 13, 300, 204, 204, 0, 0.013920928874715804
5, 7, 14, 300, 204, 1000, 8.544169151724902E-05, 0
5, 7, 14, 300, 204, 1005, 2.1360422879312255E-05, 0
5, 7, 14, 300, 204, 204, 0, 0.013814126760319243
5, 7, 15, 300, 204, 1000, 8.478617826854357E-05, 0
5, 7, 15, 300, 204, 1005, 2.1196544567135894E-05, 0
5, 7, 15, 300, 204, 204, 0, 0.013708144037483563
5, 7, 16, 300, 204, 1000, 8.413569415270661E-05, 0
5, 7, 16, 300, 204, 1005, 2.1033923538176652E-05, 0
5, 7, 16, 300, 204, 204, 0, 0.01360297441979268
5, 7, 17, 300, 204, 1000, 8.349020058596447E-05, 0
5, 7, 17, 300, 204, 1005, 2.0872550146491117E-05, 0
5, 7, 17, 300, 204, 204, 0, 0.013498611669060225
5, 7, 18, 300, 204, 1000, 8.284965928055111E-05, 0
5, 7, 18, 300, 204, 1005, 2.0712414820137778E-05, 0
5, 7, 18, 300, 204, 204, 0, 0.013395049594959536
5, 7, 19, 300, 204, 1000, 8.221403224245306E-05, 0
5, 7, 19, 300, 204, 1005, 2.0553508060613265E-05, 0
5, 7, 19, 300, 204, 204, 0, 0.01329228205465647
5, 7, 7, 300, 205, 1000, 8.650087673082834E-06, 0
5, 7, 7, 300, 205, 1005, 2.1625219182707085E-06, 0
5, 7, 7, 300, 205, 205, 0, 0.0011645493904086466
5, 7, 8, 300, 205, 1000, 8.570512171288473E-06, 0
5, 7, 8, 300, 205, 1005, 2.1426280428221182E-06, 0
5, 7, 8, 300, 205, 205, 0, 0.001153836250194536
5, 7, 9, 300, 205, 1000, 8.491668715309743E-06, 0
5, 7, 9, 300, 205, 1005, 2.122917178827436E-06, 0
5, 7, 9, 300, 205, 205, 0, 0.0011432216643003988
5, 7, 10, 300, 205, 1000, 8.413550570774038E-06, 0
5, 7, 10, 300, 205, 1005, 2.1033876426935094E-06, 0
5, 7, 10, 300, 205, 205, 0, 0.0011327047260869313
5, 7, 11, 300, 205, 1000, 8.336151065260928E-06, 0
5, 7, 11, 300, 205, 1005, 2.084037766315232E-06, 0
5, 7, 11, 300, 205, 205, 0, 0.001122284537255355
5, 7, 12, 300, 205, 1000, 8.259463587732135E-06, 0
5, 7, 12, 300, 205, 1005, 2.0648658969330338E-06, 0
5, 7, 12, 300, 205, 205, 0, 0.00111196020777069
5, 7, 13, 300, 205, 1000, 8.183481587966877E-06, 0
5, 7, 13, 300, 205, 1005, 2.0458703969917192E-06, 0
5, 7, 13, 300, 205, 205, 0, 0.0011017308557857313
5, 7, 14, 300, 205, 1000, 8.108198576002243E-06, 0
5, 7, 14, 300, 205, 1005, 2.0270496440005606E-06, 0
5, 7, 14, 300, 205, 205, 0, 0.0010915956075657285
5, 7, 15, 300, 205, 1000, 8.033608121579134E-06, 0
5, 7, 15, 300, 205, 1005, 2.0084020303947835E-06, 0
5, 7, 15, 300, 205, 205, 0, 0.0010815535974137546
5, 7, 16, 300, 205, 1000, 7.959703853593383E-06, 0
5, 7, 16, 300, 205, 1005, 1.9899259633983457E-06, 0
5, 7, 16, 300, 205, 205, 0, 0.0010716039675967629
5, 7, 17, 300, 205, 1000, 7.886479459549845E-06, 0
5, 7, 17, 300, 205, 1005, 1.9716198648874614E-06, 0
5, 7, 17, 300, 205, 205, 0, 0.0010617458682723256
5, 7, 18, 300, 205, 1000, 7.8139286850255E-06, 0
5, 7, 18, 300, 205, 1005, 1.953482171256375E-06, 0
5, 7, 18, 300, 205, 205, 0, 0.0010519784574160437
5, 7, 19, 300, 205, 1000, 7.742045333134287E-06, 0
5, 7, 19, 300, 205, 1005, 1.9355113332835717E-06, 0
5, 7, 19, 300, 205, 205, 0, 0.0010423009007496258
5, 7, 7, 300, 206, 1000, 0.00010622545848627558, 0
5, 7, 7, 300, 206, 206, 0, 0.005770584541513725
5, 7, 8, 300, 206, 1000, 0.00010430539504528973, 0
5, 7, 8, 300, 206, 206, 0, 0.005666279146468435
5, 7, 9, 300, 206, 1000, 0.00010242003744290358, 0
5, 7, 9, 300, 206, 206, 0, 0.005563859109025532
5, 7, 10, 300, 206, 1000, 0.00010056875835857872, 0
5, 7, 10, 300, 206, 206, 0, 0.005463290350666953
5, 7, 11, 300, 206, 1000, 9.875094181081932E-05, 0
5, 7, 11, 300, 206, 206, 0, 0.005364539408856134
5, 7, 12, 300, 206, 1000, 9.696598295222056E-05, 0
5, 7, 12, 300, 206, 206, 0, 0.005267573425903913
5, 7, 13, 300, 206, 1000, 9.521328786820781E-05, 0
5, 7, 13, 300, 206, 206, 0, 0.005172360138035705
5, 7, 14, 300, 206, 1000, 9.349227337943251E-05, 0
5, 7, 14, 300, 206, 206, 0, 0.005078867864656273
5, 7, 15, 300, 206, 1000, 9.18023668477156E-05, 0
5, 7, 15, 300, 206, 206, 0, 0.004987065497808557
5, 7, 16, 300, 206, 1000, 9.01430059855263E-05, 0
5, 7, 16, 300, 206, 206, 0, 0.004896922491823031
5, 7, 17, 300, 206, 1000, 8.85136386688792E-05, 0
5, 7, 17, 300, 206, 206, 0, 0.004808408853154152
5, 7, 18, 300, 206, 1000, 8.691372275363048E-05, 0
5, 7, 18, 300, 206, 206, 0, 0.004721495130400521
5, 7, 19, 300, 206, 1000, 8.534272589508923E-05, 0
5, 7, 19, 300, 206, 206, 0, 0.004636152404505432
5, 7, 7, 300, 207, 1000, 0.00033556631476484855, 0
5, 7, 7, 300, 207, 207, 0, 0.014356458685235152
5, 7, 8, 300, 207, 1000, 0.00032790196954321504, 0
5, 7, 8, 300, 207, 207, 0, 0.014028556715691937
5, 7, 9, 300, 207, 1000, 0.00032041267820837396, 0
5, 7, 9, 300, 207, 207, 0, 0.013708144037483563
5, 7, 10, 300, 207, 1000, 0.0003130944425240277, 0
5, 7, 10, 300, 207, 207, 0, 0.013395049594959536
5, 7, 11, 300, 207, 1000, 0.00030594335557371753, 0
5, 7, 11, 300, 207, 207, 0, 0.013089106239385818
5, 7, 12, 300, 207, 1000, 0.00029895559967507875, 0
5, 7, 12, 300, 207, 207, 0, 0.01279015063971074
5, 7, 13, 300, 207, 1000, 0.0002921274443417436, 0
5, 7, 13, 300, 207, 207, 0, 0.012498023195368996
5, 7, 14, 300, 207, 1000, 0.0002854552442917539, 0
5, 7, 14, 300, 207, 207, 0, 0.012212567951077242
5, 7, 15, 300, 207, 1000, 0.00027893543750151864, 0
5, 7, 15, 300, 207, 207, 0, 0.011933632513575723
5, 7, 16, 300, 207, 1000, 0.00027256454330417887, 0
5, 7, 16, 300, 207, 207, 0, 0.011661067970271544
5, 7, 17, 300, 207, 1000, 0.00026633916053140673, 0
5, 7, 17, 300, 207, 207, 0, 0.011394728809740138
5, 7, 18, 300, 207, 1000, 0.00026025596569767204, 0
5, 7, 18, 300, 207, 207, 0, 0.011134472844042466
5, 7, 19, 300, 207, 1000, 0.0002543117112259619, 0
5, 7, 19, 300, 207, 207, 0, 0.010880161132816504
5, 7, 7, 300, 208, 1000, 3.4600350692331336E-05, 0
5, 7, 7, 300, 208, 1005, 8.650087673082834E-06, 0
5, 7, 7, 300, 208, 208, 0, 0.004658197561634586
5, 7, 8, 300, 208, 1000, 3.428204868515389E-05, 0
5, 7, 8, 300, 208, 1005, 8.570512171288473E-06, 0
5, 7, 8, 300, 208, 208, 0, 0.004615345000778144
5, 7, 9, 300, 208, 1000, 3.3966674861238974E-05, 0
5, 7, 9, 300, 208, 1005, 8.491668715309743E-06, 0
5, 7, 9, 300, 208, 208, 0, 0.004572886657201595
5, 7, 10, 300, 208, 1000, 3.365420228309615E-05, 0
5, 7, 10, 300, 208, 1005, 8.413550570774038E-06, 0
5, 7, 10, 300, 208, 208, 0, 0.004530818904347725
5, 7, 11, 300, 208, 1000, 3.334460426104371E-05, 0
5, 7, 11, 300, 208, 1005, 8.336151065260928E-06, 0
5, 7, 11, 300, 208, 208, 0, 0.00448913814902142
5, 7, 12, 300, 208, 1000, 3.303785435092854E-05, 0
5, 7, 12, 300, 208, 1005, 8.259463587732135E-06, 0
5, 7, 12, 300, 208, 208, 0, 0.00444784083108276
5, 7, 13, 300, 208, 1000, 3.273392635186751E-05, 0
5, 7, 13, 300, 208, 1005, 8.183481587966877E-06, 0
5, 7, 13, 300, 208, 208, 0, 0.004406923423142925
5, 7, 14, 300, 208, 1000, 3.243279430400897E-05, 0
5, 7, 14, 300, 208, 1005, 8.108198576002243E-06, 0
5, 7, 14, 300, 208, 208, 0, 0.004366382430262914
5, 7, 15, 300, 208, 1000, 3.2134432486316536E-05, 0
5, 7, 15, 300, 208, 1005, 8.033608121579134E-06, 0
5, 7, 15, 300, 208, 208, 0, 0.004326214389655018
5, 7, 16, 300, 208, 1000, 3.183881541437353E-05, 0
5, 7, 16, 300, 208, 1005, 7.959703853593383E-06, 0
5, 7, 16, 300, 208, 208, 0, 0.0042864158703870515
5, 7, 17, 300, 208, 1000, 3.154591783819938E-05, 0
5, 7, 17, 300, 208, 1005, 7.886479459549845E-06, 0
5, 7, 17, 300, 208, 208, 0, 0.004246983473089302
5, 7, 18, 300, 208, 1000, 3.1255714740102E-05, 0
5, 7, 18, 300, 208, 1005, 7.8139286850255E-06, 0
5, 7, 18, 300, 208, 208, 0, 0.004207913829664175
5, 7, 19, 300, 208, 1000, 3.096818133253715E-05, 0
5, 7, 19, 300, 208, 1005, 7.742045333134287E-06, 0
5, 7, 19, 300, 208, 208, 0, 0.004169203602998503
5, 7, 7, 300, 209, 1000, 0.012072810691827394, 0
5, 7, 7, 300, 209, 209, 0, 0.029146343308172614
5, 7, 8, 300, 209, 1000, 0.00853676630817261, 0
5, 7, 8, 300, 209, 209, 0, 0.020609577000000004
5, 7, 9, 300, 209, 1000, 0.006036405345913697, 0
5, 7, 9, 300, 209, 209, 0, 0.014573171654086307
5, 7, 10, 300, 209, 1000, 0.004268383154086305, 0
5, 7, 10, 300, 209, 209, 0, 0.010304788500000002
5, 7, 11, 300, 209, 1000, 0.0030182026729568484, 0
5, 7, 11, 300, 209, 209, 0, 0.0072865858270431535
5, 7, 12, 300, 209, 1000, 0.0021341915770431525, 0
5, 7, 12, 300, 209, 209, 0, 0.005152394250000001
5, 7, 13, 300, 209, 1000, 0.0015091013364784242, 0
5, 7, 13, 300, 209, 209, 0, 0.0036432929135215768
5, 7, 14, 300, 209, 1000, 0.0010670957885215763, 0
5, 7, 14, 300, 209, 209, 0, 0.0025761971250000005
5, 7, 15, 300, 209, 1000, 0.0007545506682392121, 0
5, 7, 15, 300, 209, 209, 0, 0.0018216464567607884
5, 7, 16, 300, 209, 1000, 0.0005335478942607881, 0
5, 7, 16, 300, 209, 209, 0, 0.0012880985625000002
5, 7, 17, 300, 209, 1000, 0.00037727533411960606, 0
5, 7, 17, 300, 209, 209, 0, 0.0009108232283803942
5, 7, 18, 300, 209, 1000, 0.00026677394713039407, 0
5, 7, 18, 300, 209, 209, 0, 0.0006440492812500001
5, 7, 19, 300, 209, 1000, 0.00018863766705980303, 0
5, 7, 19, 300, 209, 209, 0, 0.0004554116141901971
5, 7, 7, 300, 210, 1000, 0.0001487156418807853, 0
5, 7, 7, 300, 210, 210, 0, 0.008078818358119216
5, 7, 8, 300, 210, 1000, 0.0001460275530634058, 0
5, 7, 8, 300, 210, 210, 0, 0.00793279080505581
5, 7, 9, 300, 210, 1000, 0.00014338805242006605, 0
5, 7, 9, 300, 210, 210, 0, 0.0077894027526357445
5, 7, 10, 300, 210, 1000, 0.00014079626170200935, 0
5, 7, 10, 300, 210, 210, 0, 0.007648606490933735
5, 7, 11, 300, 210, 1000, 0.00013825131853514774, 0
5, 7, 11, 300, 210, 210, 0, 0.007510355172398587
5, 7, 12, 300, 210, 1000, 0.00013575237613310843, 0
5, 7, 12, 300, 210, 210, 0, 0.007374602796265479
5, 7, 13, 300, 210, 1000, 0.00013329860301549128, 0
5, 7, 13, 300, 210, 210, 0, 0.007241304193249988
5, 7, 14, 300, 210, 1000, 0.00013088918273120465, 0
5, 7, 14, 300, 210, 210, 0, 0.007110415010518783
5, 7, 15, 300, 210, 1000, 0.00012852331358680254, 0
5, 7, 15, 300, 210, 210, 0, 0.0069818916969319805
5, 7, 16, 300, 210, 1000, 0.00012620020837973613, 0
5, 7, 16, 300, 210, 210, 0, 0.006855691488552244
5, 7, 17, 300, 210, 1000, 0.0001239190941364314, 0
5, 7, 17, 300, 210, 210, 0, 0.006731772394415813
5, 7, 18, 300, 210, 1000, 0.0001216792118550825, 0
5, 7, 18, 300, 210, 210, 0, 0.0066100931825607305
5, 7, 19, 300, 210, 1000, 0.00011947981625312458, 0
5, 7, 19, 300, 210, 210, 0, 0.006490613366307606
5, 7, 7, 301, 204, 1000, 0.000360697616979766, 0
5, 7, 7, 301, 204, 1005, 9.01744042449415E-05, 0
5, 7, 7, 301, 204, 204, 0, 0.058317227978775296
5, 7, 8, 301, 204, 1000, 0.0003579303254794775, 0
5, 7, 8, 301, 204, 1005, 8.948258136986937E-05, 0
5, 7, 8, 301, 204, 204, 0, 0.05786981507192595
5, 7, 9, 301, 204, 1000, 0.00035518426478827196, 0
5, 7, 9, 301, 204, 1005, 8.879606619706799E-05, 0
5, 7, 9, 301, 204, 204, 0, 0.05742583474094061
5, 7, 10, 301, 204, 1000, 0.0003524592720222542, 0
5, 7, 10, 301, 204, 1005, 8.811481800556354E-05, 0
5, 7, 10, 301, 204, 204, 0, 0.05698526065091279
5, 7, 11, 301, 204, 1000, 0.0003497551855471792, 0
5, 7, 11, 301, 204, 1005, 8.74387963867948E-05, 0
5, 7, 11, 301, 204, 204, 0, 0.05654806666897882
5, 7, 12, 301, 204, 1000, 0.0003470718449688548, 0
5, 7, 12, 301, 204, 1005, 8.67679612422137E-05, 0
5, 7, 12, 301, 204, 204, 0, 0.05611422686276775
5, 7, 13, 301, 204, 1000, 0.0003444090911236264, 0
5, 7, 13, 301, 204, 1005, 8.61022727809066E-05, 0
5, 7, 13, 301, 204, 204, 0, 0.055683715498863216
5, 7, 14, 301, 204, 1000, 0.0003417667660689961, 0
5, 7, 14, 301, 204, 1005, 8.544169151724902E-05, 0
5, 7, 14, 301, 204, 204, 0, 0.05525650704127697
5, 7, 15, 301, 204, 1000, 0.0003391447130741743, 0
5, 7, 15, 301, 204, 1005, 8.478617826854357E-05, 0
5, 7, 15, 301, 204, 204, 0, 0.05483257614993425
5, 7, 16, 301, 204, 1000, 0.00033654277661082643, 0
5, 7, 16, 301, 204, 1005, 8.413569415270661E-05, 0
5, 7, 16, 301, 204, 204, 0, 0.05441189767917072
5, 7, 17, 301, 204, 1000, 0.00033396080234385786, 0
5, 7, 17, 301, 204, 1005, 8.349020058596447E-05, 0
5, 7, 17, 301, 204, 204, 0, 0.0539944466762409
5, 7, 18, 301, 204, 1000, 0.00033139863712220444, 0
5, 7, 18, 301, 204, 1005, 8.284965928055111E-05, 0
5, 7, 18, 301, 204, 204, 0, 0.05358019837983814
5, 7, 19, 301, 204, 1000, 0.00032885612896981224, 0
5, 7, 19, 301, 204, 1005, 8.221403224245306E-05, 0
5, 7, 19, 301, 204, 204, 0, 0.05316912821862588
5, 7, 7, 301, 205, 1000, 3.4600350692331336E-05, 0
5, 7, 7, 301, 205, 1005, 8.650087673082834E-06, 0
5, 7, 7, 301, 205, 205, 0, 0.004658197561634586
5, 7, 8, 301, 205, 1000, 3.428204868515389E-05, 0
5, 7, 8, 301, 205, 1005, 8.570512171288473E-06, 0
5, 7, 8, 301, 205, 205, 0, 0.004615345000778144
5, 7, 9, 301, 205, 1000, 3.3966674861238974E-05, 0
5, 7, 9, 301, 205, 1005, 8.491668715309743E-06, 0
5, 7, 9, 301, 205, 205, 0, 0.004572886657201595
5, 7, 10, 301, 205, 1000, 3.365420228309615E-05, 0
5, 7, 10, 301, 205, 1005, 8.413550570774038E-06, 0
5, 7, 10, 301, 205, 205, 0, 0.004530818904347725
5, 7, 11, 301, 205, 1000, 3.334460426104371E-05, 0
5, 7, 11, 301, 205, 1005, 8.336151065260928E-06, 0
5, 7, 11, 301, 205, 205, 0, 0.00448913814902142
5, 7, 12, 301, 205, 1000, 3.303785435092854E-05, 0
5, 7, 12, 301, 205, 1005, 8.259463587732135E-06, 0
5, 7, 12, 301, 205, 205, 0, 0.00444784083108276
5, 7, 13, 301, 205, 1000, 3.273392635186751E-05, 0
5, 7, 13, 301, 205, 1005, 8.183481587966877E-06, 0
5, 7, 13, 301, 205, 205, 0, 0.004406923423142925
5, 7, 14, 301, 205, 1000, 3.243279430400897E-05, 0
5, 7, 14, 301, 205, 1005, 8.108198576002243E-06, 0
5, 7, 14, 301, 205, 205, 0, 0.004366382430262914
5, 7, 15, 301, 205, 1000, 3.2134432486316536E-05, 0
5, 7, 15, 301, 205, 1005, 8.033608121579134E-06, 0
5, 7, 15, 301, 205, 205, 0, 0.004326214389655018
5, 7, 16, 301, 205, 1000, 3.183881541437353E-05, 0
5, 7, 16, 301, 205, 1005, 7.959703853593383E-06, 0
5, 7, 16, 301, 205, 205, 0, 0.0042864158703870515
5, 7, 17, 301, 205, 1000, 3.154591783819938E-05, 0
5, 7, 17, 301, 205, 1005, 7.886479459549845E-06, 0
5, 7, 17, 301, 205, 205, 0, 0.004246983473089302
5, 7, 18, 301, 205, 1000, 3.1255714740102E-05, 0
5, 7, 18, 301, 205, 1005, 7.8139286850255E-06, 0
5, 7, 18, 301, 205, 205, 0, 0.004207913829664175
5, 7, 19, 301, 205, 1000, 3.096818133253715E-05, 0
5, 7, 19, 301, 205, 1005, 7.742045333134287E-06, 0
5, 7, 19, 301, 205, 205, 0, 0.004169203602998503
5, 7, 7, 301, 206, 1000, 0.0004249018339451023, 0
5, 7, 7, 301, 206, 206, 0, 0.0230823381660549
5, 7, 8, 301, 206, 1000, 0.00041722158018115893, 0
5, 7, 8, 301, 206, 206, 0, 0.02266511658587374
5, 7, 9, 301, 206, 1000, 0.0004096801497716143, 0
5, 7, 9, 301, 206, 206, 0, 0.022255436436102127
5, 7, 10, 301, 206, 1000, 0.0004022750334343149, 0
5, 7, 10, 301, 206, 206, 0, 0.02185316140266781
5, 7, 11, 301, 206, 1000, 0.00039500376724327727, 0
5, 7, 11, 301, 206, 206, 0, 0.021458157635424534
5, 7, 12, 301, 206, 1000, 0.00038786393180888223, 0
5, 7, 12, 301, 206, 206, 0, 0.021070293703615652
5, 7, 13, 301, 206, 1000, 0.00038085315147283125, 0
5, 7, 13, 301, 206, 206, 0, 0.02068944055214282
5, 7, 14, 301, 206, 1000, 0.00037396909351773006, 0
5, 7, 14, 301, 206, 206, 0, 0.02031547145862509
5, 7, 15, 301, 206, 1000, 0.0003672094673908624, 0
5, 7, 15, 301, 206, 206, 0, 0.01994826199123423
5, 7, 16, 301, 206, 1000, 0.0003605720239421052, 0
5, 7, 16, 301, 206, 206, 0, 0.019587689967292123
5, 7, 17, 301, 206, 1000, 0.0003540545546755168, 0
5, 7, 17, 301, 206, 206, 0, 0.019233635412616606
5, 7, 18, 301, 206, 1000, 0.0003476548910145219, 0
5, 7, 18, 301, 206, 206, 0, 0.018885980521602085
5, 7, 19, 301, 206, 1000, 0.00034137090358035693, 0
5, 7, 19, 301, 206, 206, 0, 0.018544609618021728
5, 7, 7, 301, 207, 1000, 0.0013422652590593942, 0
5, 7, 7, 301, 207, 207, 0, 0.05742583474094061
5, 7, 8, 301, 207, 1000, 0.0013116078781728602, 0
5, 7, 8, 301, 207, 207, 0, 0.05611422686276775
5, 7, 9, 301, 207, 1000, 0.0012816507128334959, 0
5, 7, 9, 301, 207, 207, 0, 0.05483257614993425
5, 7, 10, 301, 207, 1000, 0.0012523777700961108, 0
5, 7, 10, 301, 207, 207, 0, 0.05358019837983814
5, 7, 11, 301, 207, 1000, 0.0012237734222948701, 0
5, 7, 11, 301, 207, 207, 0, 0.05235642495754327
5, 7, 12, 301, 207, 1000, 0.001195822398700315, 0
5, 7, 12, 301, 207, 207, 0, 0.05116060255884296
5, 7, 13, 301, 207, 1000, 0.0011685097773669745, 0
5, 7, 13, 301, 207, 207, 0, 0.04999209278147598
5, 7, 14, 301, 207, 1000, 0.0011418209771670157, 0
5, 7, 14, 301, 207, 207, 0, 0.04885027180430897
5, 7, 15, 301, 207, 1000, 0.0011157417500060746, 0
5, 7, 15, 301, 207, 207, 0, 0.04773453005430289
5, 7, 16, 301, 207, 1000, 0.0010902581732167155, 0
5, 7, 16, 301, 207, 207, 0, 0.04664427188108618
5, 7, 17, 301, 207, 1000, 0.001065356642125627, 0
5, 7, 17, 301, 207, 207, 0, 0.04557891523896055
5, 7, 18, 301, 207, 1000, 0.0010410238627906881, 0
5, 7, 18, 301, 207, 207, 0, 0.04453789137616986
5, 7, 19, 301, 207, 1000, 0.0010172468449038477, 0
5, 7, 19, 301, 207, 207, 0, 0.043520644531266015
5, 7, 7, 301, 208, 1000, 0.00013840140276932534, 0
5, 7, 7, 301, 208, 1005, 3.4600350692331336E-05, 0
5, 7, 7, 301, 208, 208, 0, 0.018632790246538345
5, 7, 8, 301, 208, 1000, 0.00013712819474061557, 0
5, 7, 8, 301, 208, 1005, 3.428204868515389E-05, 0
5, 7, 8, 301, 208, 208, 0, 0.018461380003112576
5, 7, 9, 301, 208, 1000, 0.0001358666994449559, 0
5, 7, 9, 301, 208, 1005, 3.3966674861238974E-05, 0
5, 7, 9, 301, 208, 208, 0, 0.01829154662880638
5, 7, 10, 301, 208, 1000, 0.0001346168091323846, 0
5, 7, 10, 301, 208, 1005, 3.365420228309615E-05, 0
5, 7, 10, 301, 208, 208, 0, 0.0181232756173909
5, 7, 11, 301, 208, 1000, 0.00013337841704417485, 0
5, 7, 11, 301, 208, 1005, 3.334460426104371E-05, 0
5, 7, 11, 301, 208, 208, 0, 0.01795655259608568
5, 7, 12, 301, 208, 1000, 0.00013215141740371416, 0
5, 7, 12, 301, 208, 1005, 3.303785435092854E-05, 0
5, 7, 12, 301, 208, 208, 0, 0.01779136332433104
5, 7, 13, 301, 208, 1000, 0.00013093570540747003, 0
5, 7, 13, 301, 208, 1005, 3.273392635186751E-05, 0
5, 7, 13, 301, 208, 208, 0, 0.0176276936925717
5, 7, 14, 301, 208, 1000, 0.00012973117721603588, 0
5, 7, 14, 301, 208, 1005, 3.243279430400897E-05, 0
5, 7, 14, 301, 208, 208, 0, 0.017465529721051656
5, 7, 15, 301, 208, 1000, 0.00012853772994526614, 0
5, 7, 15, 301, 208, 1005, 3.2134432486316536E-05, 0
5, 7, 15, 301, 208, 208, 0, 0.017304857558620074
5, 7, 16, 301, 208, 1000, 0.00012735526165749412, 0
5, 7, 16, 301, 208, 1005, 3.183881541437353E-05, 0
5, 7, 16, 301, 208, 208, 0, 0.017145663481548206
5, 7, 17, 301, 208, 1000, 0.00012618367135279753, 0
5, 7, 17, 301, 208, 1005, 3.154591783819938E-05, 0
5, 7, 17, 301, 208, 208, 0, 0.01698793389235721
5, 7, 18, 301, 208, 1000, 0.000125022858960408, 0
5, 7, 18, 301, 208, 1005, 3.1255714740102E-05, 0
5, 7, 18, 301, 208, 208, 0, 0.0168316553186567
5, 7, 19, 301, 208, 1000, 0.0001238727253301486, 0
5, 7, 19, 301, 208, 1005, 3.096818133253715E-05, 0
5, 7, 19, 301, 208, 208, 0, 0.016676814411994013
5, 7, 7, 301, 209, 1000, 0.048291242767309575, 0
5, 7, 7, 301, 209, 209, 0, 0.11658537323269046
5, 7, 8, 301, 209, 1000, 0.03414706523269044, 0
5, 7, 8, 301, 209, 209, 0, 0.08243830800000002
5, 7, 9, 301, 209, 1000, 0.024145621383654788, 0
5, 7, 9, 301, 209, 209, 0, 0.05829268661634523
5, 7, 10, 301, 209, 1000, 0.01707353261634522, 0
5, 7, 10, 301, 209, 209, 0, 0.04121915400000001
5, 7, 11, 301, 209, 1000, 0.012072810691827394, 0
5, 7, 11, 301, 209, 209, 0, 0.029146343308172614
5, 7, 12, 301, 209, 1000, 0.00853676630817261, 0
5, 7, 12, 301, 209, 209, 0, 0.020609577000000004
5, 7, 13, 301, 209, 1000, 0.006036405345913697, 0
5, 7, 13, 301, 209, 209, 0, 0.014573171654086307
5, 7, 14, 301, 209, 1000, 0.004268383154086305, 0
5, 7, 14, 301, 209, 209, 0, 0.010304788500000002
5, 7, 15, 301, 209, 1000, 0.0030182026729568484, 0
5, 7, 15, 301, 209, 209, 0, 0.0072865858270431535
5, 7, 16, 301, 209, 1000, 0.0021341915770431525, 0
5, 7, 16, 301, 209, 209, 0, 0.005152394250000001
5, 7, 17, 301, 209, 1000, 0.0015091013364784242, 0
5, 7, 17, 301, 209, 209, 0, 0.0036432929135215768
5, 7, 18, 301, 209, 1000, 0.0010670957885215763, 0
5, 7, 18, 301, 209, 209, 0, 0.0025761971250000005
5, 7, 19, 301, 209, 1000, 0.0007545506682392121, 0
5, 7, 19, 301, 209, 209, 0, 0.0018216464567607884
5, 7, 7, 301, 210, 1000, 0.0005948625675231412, 0
5, 7, 7, 301, 210, 210, 0, 0.032315273432476865
5, 7, 8, 301, 210, 1000, 0.0005841102122536232, 0
5, 7, 8, 301, 210, 210, 0, 0.03173116322022324
5, 7, 9, 301, 210, 1000, 0.0005735522096802642, 0
5, 7, 9, 301, 210, 210, 0, 0.031157611010542978
5, 7, 10, 301, 210, 1000, 0.0005631850468080374, 0
5, 7, 10, 301, 210, 210, 0, 0.03059442596373494
5, 7, 11, 301, 210, 1000, 0.000553005274140591, 0
5, 7, 11, 301, 210, 210, 0, 0.03004142068959435
5, 7, 12, 301, 210, 1000, 0.0005430095045324337, 0
5, 7, 12, 301, 210, 210, 0, 0.029498411185061916
5, 7, 13, 301, 210, 1000, 0.0005331944120619651, 0
5, 7, 13, 301, 210, 210, 0, 0.02896521677299995
5, 7, 14, 301, 210, 1000, 0.0005235567309248186, 0
5, 7, 14, 301, 210, 210, 0, 0.028441660042075132
5, 7, 15, 301, 210, 1000, 0.0005140932543472101, 0
5, 7, 15, 301, 210, 210, 0, 0.027927566787727922
5, 7, 16, 301, 210, 1000, 0.0005048008335189445, 0
5, 7, 16, 301, 210, 210, 0, 0.027422765954208977
5, 7, 17, 301, 210, 1000, 0.0004956763765457256, 0
5, 7, 17, 301, 210, 210, 0, 0.026927089577663252
5, 7, 18, 301, 210, 1000, 0.00048671684742033, 0
5, 7, 18, 301, 210, 210, 0, 0.026440372730242922
5, 7, 19, 301, 210, 1000, 0.0004779192650124983, 0
5, 7, 19, 301, 210, 210, 0, 0.025962453465230424
5, 7, 7, 300, 200, 1004, 0.003185795879868687, 0
5, 7, 7, 300, 200, 1005, 0.001061931959956229, 0
5, 7, 7, 300, 200, 200, 0, 0.010254922160175085
5, 7, 8, 300, 200, 1004, 0.002252697870131313, 0
5, 7, 8, 300, 200, 1005, 0.0007508992900437711, 0
5, 7, 8, 300, 200, 200, 0, 0.007251325000000001
5, 7, 9, 300, 200, 1004, 0.0015928979399343441, 0
5, 7, 9, 300, 200, 1005, 0.0005309659799781147, 0
5, 7, 9, 300, 200, 200, 0, 0.005127461080087542
5, 7, 10, 300, 200, 1004, 0.0011263489350656565, 0
5, 7, 10, 300, 200, 1005, 0.00037544964502188554, 0
5, 7, 10, 300, 200, 200, 0, 0.0036256625000000006
5, 7, 11, 300, 200, 1004, 0.0007964489699671721, 0
5, 7, 11, 300, 200, 1005, 0.00026548298998905736, 0
5, 7, 11, 300, 200, 200, 0, 0.002563730540043771
5, 7, 12, 300, 200, 1004, 0.0005631744675328283, 0
5, 7, 12, 300, 200, 1005, 0.00018772482251094277, 0
5, 7, 12, 300, 200, 200, 0, 0.0018128312500000003
5, 7, 13, 300, 200, 1004, 0.00039822448498358603, 0
5, 7, 13, 300, 200, 1005, 0.00013274149499452868, 0
5, 7, 13, 300, 200, 200, 0, 0.0012818652700218856
5, 7, 14, 300, 200, 1004, 0.00028158723376641413, 0
5, 7, 14, 300, 200, 1005, 9.386241125547139E-05, 0
5, 7, 14, 300, 200, 200, 0, 0.0009064156250000001
5, 7, 15, 300, 200, 1004, 0.00019911224249179302, 0
5, 7, 15, 300, 200, 1005, 6.637074749726434E-05, 0
5, 7, 15, 300, 200, 200, 0, 0.0006409326350109428
5, 7, 16, 300, 200, 1004, 0.00014079361688320707, 0
5, 7, 16, 300, 200, 1005, 4.693120562773569E-05, 0
5, 7, 16, 300, 200, 200, 0, 0.0004532078125000001
5, 7, 17, 300, 200, 1004, 9.955612124589651E-05, 0
5, 7, 17, 300, 200, 1005, 3.318537374863217E-05, 0
5, 7, 17, 300, 200, 200, 0, 0.0003204663175054714
5, 7, 18, 300, 200, 1004, 7.039680844160353E-05, 0
5, 7, 18, 300, 200, 1005, 2.3465602813867846E-05, 0
5, 7, 18, 300, 200, 200, 0, 0.00022660390625000004
5, 7, 19, 300, 200, 1004, 4.9778060622948254E-05, 0
5, 7, 19, 300, 200, 1005, 1.6592686874316085E-05, 0
5, 7, 19, 300, 200, 200, 0, 0.0001602331587527357
5, 7, 7, 300, 202, 1004, 0.007645910111684848, 0
5, 7, 7, 300, 202, 202, 0, 0.018458859888315155
5, 7, 8, 300, 202, 1004, 0.005406474888315154, 0
5, 7, 8, 300, 202, 202, 0, 0.013052385000000001
5, 7, 9, 300, 202, 1004, 0.003822955055842424, 0
5, 7, 9, 300, 202, 202, 0, 0.009229429944157578
5, 7, 10, 300, 202, 1004, 0.002703237444157577, 0
5, 7, 10, 300, 202, 202, 0, 0.006526192500000001
5, 7, 11, 300, 202, 1004, 0.001911477527921212, 0
5, 7, 11, 300, 202, 202, 0, 0.004614714972078789
5, 7, 12, 300, 202, 1004, 0.0013516187220787884, 0
5, 7, 12, 300, 202, 202, 0, 0.0032630962500000004
5, 7, 13, 300, 202, 1004, 0.000955738763960606, 0
5, 7, 13, 300, 202, 202, 0, 0.0023073574860393944
5, 7, 14, 300, 202, 1004, 0.0006758093610393942, 0
5, 7, 14, 300, 202, 202, 0, 0.0016315481250000002
5, 7, 15, 300, 202, 1004, 0.000477869381980303, 0
5, 7, 15, 300, 202, 202, 0, 0.0011536787430196972
5, 7, 16, 300, 202, 1004, 0.0003379046805196971, 0
5, 7, 16, 300, 202, 202, 0, 0.0008157740625000001
5, 7, 17, 300, 202, 1004, 0.0002389346909901515, 0
5, 7, 17, 300, 202, 202, 0, 0.0005768393715098486
5, 7, 18, 300, 202, 1004, 0.00016895234025984855, 0
5, 7, 18, 300, 202, 202, 0, 0.00040788703125000004
5, 7, 19, 300, 202, 1004, 0.00011946734549507575, 0
5, 7, 19, 300, 202, 202, 0, 0.0002884196857549243
5, 7, 7, 301, 400, 1004, 0.005734432583763636, 0
5, 7, 7, 301, 400, 1005, 0.001911477527921212, 0
5, 7, 7, 301, 400, 400, 0, 0.018458859888315155
5, 7, 8, 301, 400, 1004, 0.004054856166236366, 0
5, 7, 8, 301, 400, 1005, 0.0013516187220787884, 0
5, 7, 8, 301, 400, 400, 0, 0.013052385000000001
5, 7, 9, 301, 400, 1004, 0.002867216291881818, 0
5, 7, 9, 301, 400, 1005, 0.000955738763960606, 0
5, 7, 9, 301, 400, 400, 0, 0.009229429944157578
5, 7, 10, 301, 400, 1004, 0.002027428083118183, 0
5, 7, 10, 301, 400, 1005, 0.0006758093610393942, 0
5, 7, 10, 301, 400, 400, 0, 0.006526192500000001
5, 7, 11, 301, 400, 1004, 0.001433608145940909, 0
5, 7, 11, 301, 400, 1005, 0.000477869381980303, 0
5, 7, 11, 301, 400, 400, 0, 0.004614714972078789
5, 7, 12, 301, 400, 1004, 0.0010137140415590914, 0
5, 7, 12, 301, 400, 1005, 0.0003379046805196971, 0
5, 7, 12, 301, 400, 400, 0, 0.0032630962500000004
5, 7, 13, 301, 400, 1004, 0.0007168040729704545, 0
5, 7, 13, 301, 400, 1005, 0.0002389346909901515, 0
5, 7, 13, 301, 400, 400, 0, 0.0023073574860393944
5, 7, 14, 301, 400, 1004, 0.0005068570207795457, 0
5, 7, 14, 301, 400, 1005, 0.00016895234025984855, 0
5, 7, 14, 301, 400, 400, 0, 0.0016315481250000002
5, 7, 15, 301, 400, 1004, 0.00035840203648522724, 0
5, 7, 15, 301, 400, 1005, 0.00011946734549507575, 0
5, 7, 15, 301, 400, 400, 0, 0.0011536787430196972
5, 7, 16, 301, 400, 1004, 0.00025342851038977286, 0
5, 7, 16, 301, 400, 1005, 8.447617012992428E-05, 0
5, 7, 16, 301, 400, 400, 0, 0.0008157740625000001
5, 7, 17, 301, 400, 1004, 0.00017920101824261362, 0
5, 7, 17, 301, 400, 1005, 5.973367274753787E-05, 0
5, 7, 17, 301, 400, 400, 0, 0.0005768393715098486
5, 7, 18, 301, 400, 1004, 0.00012671425519488643, 0
5, 7, 18, 301, 400, 1005, 4.223808506496214E-05, 0
5, 7, 18, 301, 400, 400, 0, 0.00040788703125000004
5, 7, 19, 301, 400, 1004, 8.960050912130681E-05, 0
5, 7, 19, 301, 400, 1005, 2.9866836373768936E-05, 0
5, 7, 19, 301, 400, 400, 0, 0.0002884196857549243
5, 8, 8, 300, 204, 1000, 2.955888863813124E-06, 0
5, 8, 8, 300, 204, 1005, 7.38972215953281E-07, 0
5, 8, 8, 300, 204, 204, 0, 0.0004779051389202337
5, 8, 9, 300, 204, 1000, 2.9332111256091985E-06, 0
5, 8, 9, 300, 204, 1005, 7.333027814022996E-07, 0
5, 8, 9, 300, 204, 204, 0, 0.0004742386250132222
5, 8, 10, 300, 204, 1000, 2.9107073722314285E-06, 0
5, 8, 10, 300, 204, 1005, 7.276768430578571E-07, 0
5, 8, 10, 300, 204, 204, 0, 0.0004706002407979329
5, 8, 11, 300, 204, 1000, 2.888376268858758E-06, 0
5, 8, 11, 300, 204, 1005, 7.220940672146895E-07, 0
5, 8, 11, 300, 204, 204, 0, 0.00046698977046185947
5, 8, 12, 300, 204, 1000, 2.8662164909112453E-06, 0
5, 8, 12, 300, 204, 1005, 7.165541227278113E-07, 0
5, 8, 12, 300, 204, 204, 0, 0.0004634069998482204
5, 8, 13, 300, 204, 1000, 2.8442267239710016E-06, 0
5, 8, 13, 300, 204, 1005, 7.110566809927504E-07, 0
5, 8, 13, 300, 204, 204, 0, 0.00045985171644325666
5, 8, 14, 300, 204, 1000, 2.8224056637042585E-06, 0
5, 8, 14, 300, 204, 1005, 7.056014159260646E-07, 0
5, 8, 14, 300, 204, 204, 0, 0.00045632370936362634
5, 8, 15, 300, 204, 1000, 2.8007520157845647E-06, 0
5, 8, 15, 300, 204, 1005, 7.001880039461412E-07, 0
5, 8, 15, 300, 204, 204, 0, 0.00045282276934389563
5, 8, 16, 300, 204, 1000, 2.7792644958152864E-06, 0
5, 8, 16, 300, 204, 1005, 6.948161239538216E-07, 0
5, 8, 16, 300, 204, 204, 0, 0.0004493486887241265
5, 8, 17, 300, 204, 1000, 2.757941829253886E-06, 0
5, 8, 17, 300, 204, 1005, 6.894854573134715E-07, 0
5, 8, 17, 300, 204, 204, 0, 0.00044590126143755917
5, 8, 18, 300, 204, 1000, 2.7367827513362018E-06, 0
5, 8, 18, 300, 204, 1005, 6.841956878340504E-07, 0
5, 8, 18, 300, 204, 204, 0, 0.0004424802829983889
5, 8, 19, 300, 204, 1000, 2.715786007001292E-06, 0
5, 8, 19, 300, 204, 1005, 6.78946501750323E-07, 0
5, 8, 19, 300, 204, 204, 0, 0.0004390855504896373
5, 8, 8, 300, 205, 1000, 2.83547177693796E-07, 0
5, 8, 8, 300, 205, 1005, 7.0886794423449E-08, 0
5, 8, 8, 300, 205, 205, 0, 3.817356602788276E-05
5, 8, 9, 300, 205, 1000, 2.8093871754863804E-07, 0
5, 8, 9, 300, 205, 1005, 7.023467938715951E-08, 0
5, 8, 9, 300, 205, 205, 0, 3.7822392630946965E-05
5, 8, 10, 300, 205, 1000, 2.783542536371369E-07, 0
5, 8, 10, 300, 205, 1005, 6.958856340928422E-08, 0
5, 8, 10, 300, 205, 205, 0, 3.7474449813900544E-05
5, 8, 11, 300, 205, 1000, 2.7579356520866124E-07, 0
5, 8, 11, 300, 205, 1005, 6.894839130216531E-08, 0
5, 8, 11, 300, 205, 205, 0, 3.712970785738972E-05
5, 8, 12, 300, 205, 1000, 2.732564335433446E-07, 0
5, 8, 12, 300, 205, 1005, 6.831410838583615E-08, 0
5, 8, 12, 300, 205, 205, 0, 3.678813731546054E-05
5, 8, 13, 300, 205, 1000, 2.7074264193341554E-07, 0
5, 8, 13, 300, 205, 1005, 6.768566048335388E-08, 0
5, 8, 13, 300, 205, 205, 0, 3.644970901304377E-05
5, 8, 14, 300, 205, 1000, 2.682519756646792E-07, 0
5, 8, 14, 300, 205, 1005, 6.70629939161698E-08, 0
5, 8, 14, 300, 205, 205, 0, 3.611439404346292E-05
5, 8, 15, 300, 205, 1000, 2.657842219981729E-07, 0
5, 8, 15, 300, 205, 1005, 6.644605549954323E-08, 0
5, 8, 15, 300, 205, 205, 0, 3.57821637659652E-05
5, 8, 16, 300, 205, 1000, 2.633391701520056E-07, 0
5, 8, 16, 300, 205, 1005, 6.58347925380014E-08, 0
5, 8, 16, 300, 205, 205, 0, 3.5452989803275196E-05
5, 8, 17, 300, 205, 1000, 2.609166112833709E-07, 0
5, 8, 17, 300, 205, 1005, 6.522915282084272E-08, 0
5, 8, 17, 300, 205, 205, 0, 3.512684403917098E-05
5, 8, 18, 300, 205, 1000, 2.58516338470647E-07, 0
5, 8, 18, 300, 205, 1005, 6.462908461766175E-08, 0
5, 8, 18, 300, 205, 205, 0, 3.480369861608267E-05
5, 8, 19, 300, 205, 1000, 2.561381466957948E-07, 0
5, 8, 19, 300, 205, 1005, 6.40345366739487E-08, 0
5, 8, 19, 300, 205, 205, 0, 3.448352593271293E-05
5, 8, 8, 300, 206, 1000, 3.4820374187350127E-06, 0
5, 8, 8, 300, 206, 206, 0, 0.00018915796258126504
5, 8, 9, 300, 206, 1000, 3.4190983376227422E-06, 0
5, 8, 9, 300, 206, 206, 0, 0.0001857388642436423
5, 8, 10, 300, 206, 1000, 3.3572969030819287E-06, 0
5, 8, 10, 300, 206, 206, 0, 0.00018238156734056037
5, 8, 11, 300, 206, 1000, 3.2966125517409287E-06, 0
5, 8, 11, 300, 206, 206, 0, 0.00017908495478881944
5, 8, 12, 300, 206, 1000, 3.237025091918272E-06, 0
5, 8, 12, 300, 206, 206, 0, 0.00017584792969690117
5, 8, 13, 300, 206, 1000, 3.1785146969045923E-06, 0
5, 8, 13, 300, 206, 206, 0, 0.00017266941499999658
5, 8, 14, 300, 206, 1000, 3.1210618983651764E-06, 0
5, 8, 14, 300, 206, 206, 0, 0.0001695483531016314
5, 8, 15, 300, 206, 1000, 3.0646475798628582E-06, 0
5, 8, 15, 300, 206, 206, 0, 0.00016648370552176854
5, 8, 16, 300, 206, 1000, 3.009252970496572E-06, 0
5, 8, 16, 300, 206, 206, 0, 0.00016347445255127197
5, 8, 17, 300, 206, 1000, 2.954859638656319E-06, 0
5, 8, 17, 300, 206, 206, 0, 0.00016051959291261565
5, 8, 18, 300, 206, 1000, 2.9014494858899467E-06, 0
5, 8, 18, 300, 206, 206, 0, 0.0001576181434267257
5, 8, 19, 300, 206, 1000, 2.8490047408814335E-06, 0
5, 8, 19, 300, 206, 206, 0, 0.00015476913868584427
5, 8, 8, 300, 207, 1000, 1.0999759202067188E-05, 0
5, 8, 8, 300, 207, 207, 0, 0.0004706002407979329
5, 8, 9, 300, 207, 1000, 1.0748524354676256E-05, 0
5, 8, 9, 300, 207, 207, 0, 0.00045985171644325666
5, 8, 10, 300, 207, 1000, 1.0503027719130137E-05, 0
5, 8, 10, 300, 207, 207, 0, 0.0004493486887241265
5, 8, 11, 300, 207, 1000, 1.0263138234489224E-05, 0
5, 8, 11, 300, 207, 207, 0, 0.0004390855504896373
5, 8, 12, 300, 207, 1000, 1.0028727833249812E-05, 0
5, 8, 12, 300, 207, 207, 0, 0.0004290568226563875
5, 8, 13, 300, 207, 1000, 9.799671372974039E-06, 0
5, 8, 13, 300, 207, 207, 0, 0.00041925715128341345
5, 8, 14, 300, 207, 1000, 9.57584656948124E-06, 0
5, 8, 14, 300, 207, 207, 0, 0.0004096813047139322
5, 8, 15, 300, 207, 1000, 9.35713393156553E-06, 0
5, 8, 15, 300, 207, 207, 0, 0.0004003241707823667
5, 8, 16, 300, 207, 1000, 9.14341669720352E-06, 0
5, 8, 16, 300, 207, 207, 0, 0.00039118075408516316
5, 8, 17, 300, 207, 1000, 8.934580771220604E-06, 0
5, 8, 17, 300, 207, 207, 0, 0.00038224617331394256
5, 8, 18, 300, 207, 1000, 8.730514664379181E-06, 0
5, 8, 18, 300, 207, 207, 0, 0.0003735156586495634
5, 8, 19, 300, 207, 1000, 8.53110943385948E-06, 0
5, 8, 19, 300, 207, 207, 0, 0.0003649845492157039
5, 8, 8, 300, 208, 1000, 1.134188710775184E-06, 0
5, 8, 8, 300, 208, 1005, 2.83547177693796E-07, 0
5, 8, 8, 300, 208, 208, 0, 0.00015269426411153105
5, 8, 9, 300, 208, 1000, 1.1237548701945522E-06, 0
5, 8, 9, 300, 208, 1005, 2.8093871754863804E-07, 0
5, 8, 9, 300, 208, 208, 0, 0.00015128957052378786
5, 8, 10, 300, 208, 1000, 1.1134170145485475E-06, 0
5, 8, 10, 300, 208, 1005, 2.783542536371369E-07, 0
5, 8, 10, 300, 208, 208, 0, 0.00014989779925560218
5, 8, 11, 300, 208, 1000, 1.103174260834645E-06, 0
5, 8, 11, 300, 208, 1005, 2.7579356520866124E-07, 0
5, 8, 11, 300, 208, 208, 0, 0.00014851883142955887
5, 8, 12, 300, 208, 1000, 1.0930257341733785E-06, 0
5, 8, 12, 300, 208, 1005, 2.732564335433446E-07, 0
5, 8, 12, 300, 208, 208, 0, 0.00014715254926184215
5, 8, 13, 300, 208, 1000, 1.0829705677336621E-06, 0
5, 8, 13, 300, 208, 1005, 2.7074264193341554E-07, 0
5, 8, 13, 300, 208, 208, 0, 0.00014579883605217507
5, 8, 14, 300, 208, 1000, 1.0730079026587168E-06, 0
5, 8, 14, 300, 208, 1005, 2.682519756646792E-07, 0
5, 8, 14, 300, 208, 208, 0, 0.00014445757617385167
5, 8, 15, 300, 208, 1000, 1.0631368879926916E-06, 0
5, 8, 15, 300, 208, 1005, 2.657842219981729E-07, 0
5, 8, 15, 300, 208, 208, 0, 0.0001431286550638608
5, 8, 16, 300, 208, 1000, 1.0533566806080224E-06, 0
5, 8, 16, 300, 208, 1005, 2.633391701520056E-07, 0
5, 8, 16, 300, 208, 208, 0, 0.00014181195921310078
5, 8, 17, 300, 208, 1000, 1.0436664451334835E-06, 0
5, 8, 17, 300, 208, 1005, 2.609166112833709E-07, 0
5, 8, 17, 300, 208, 208, 0, 0.00014050737615668393
5, 8, 18, 300, 208, 1000, 1.034065353882588E-06, 0
5, 8, 18, 300, 208, 1005, 2.58516338470647E-07, 0
5, 8, 18, 300, 208, 208, 0, 0.0001392147944643307
5, 8, 19, 300, 208, 1000, 1.0245525867831792E-06, 0
5, 8, 19, 300, 208, 1005, 2.561381466957948E-07, 0
5, 8, 19, 300, 208, 208, 0, 0.00013793410373085172
5, 8, 8, 300, 209, 1000, 5.642294967222349E-05, 0
5, 8, 8, 300, 209, 209, 0, 0.00013621705032777656
5, 8, 9, 300, 209, 1000, 3.9897050327776534E-05, 0
5, 8, 9, 300, 209, 209, 0, 9.632000000000003E-05
5, 8, 10, 300, 209, 1000, 2.8211474836111746E-05, 0
5, 8, 10, 300, 209, 209, 0, 6.810852516388828E-05
5, 8, 11, 300, 209, 1000, 1.9948525163888267E-05, 0
5, 8, 11, 300, 209, 209, 0, 4.816000000000001E-05
5, 8, 12, 300, 209, 1000, 1.4105737418055873E-05, 0
5, 8, 12, 300, 209, 209, 0, 3.405426258194414E-05
5, 8, 13, 300, 209, 1000, 9.974262581944133E-06, 0
5, 8, 13, 300, 209, 209, 0, 2.4080000000000007E-05
5, 8, 14, 300, 209, 1000, 7.0528687090279366E-06, 0
5, 8, 14, 300, 209, 209, 0, 1.702713129097207E-05
5, 8, 15, 300, 209, 1000, 4.987131290972067E-06, 0
5, 8, 15, 300, 209, 209, 0, 1.2040000000000003E-05
5, 8, 16, 300, 209, 1000, 1.2040000000000003E-05, 0
5, 8, 16, 300, 209, 209, 0, 0
5, 8, 8, 300, 210, 1000, 4.874852386229018E-06, 0
5, 8, 8, 300, 210, 210, 0, 0.0002648211476137711
5, 8, 9, 300, 210, 1000, 4.786737672671812E-06, 0
5, 8, 9, 300, 210, 210, 0, 0.00026003440994109927
5, 8, 10, 300, 210, 1000, 4.7002156643147545E-06, 0
5, 8, 10, 300, 210, 210, 0, 0.0002553341942767845
5, 8, 11, 300, 210, 1000, 4.6152575724372515E-06, 0
5, 8, 11, 300, 210, 210, 0, 0.00025071893670434726
5, 8, 12, 300, 210, 1000, 4.531835128685608E-06, 0
5, 8, 12, 300, 210, 210, 0, 0.00024618710157566165
5, 8, 13, 300, 210, 1000, 4.4499205756664076E-06, 0
5, 8, 13, 300, 210, 210, 0, 0.00024173718099999524
5, 8, 14, 300, 210, 1000, 4.3694866577112794E-06, 0
5, 8, 14, 300, 210, 210, 0, 0.00023736769434228397
5, 8, 15, 300, 210, 1000, 4.29050661180798E-06, 0
5, 8, 15, 300, 210, 210, 0, 0.00023307718773047599
5, 8, 16, 300, 210, 1000, 4.212954158695217E-06, 0
5, 8, 16, 300, 210, 210, 0, 0.00022886423357178077
5, 8, 17, 300, 210, 1000, 4.13680349411883E-06, 0
5, 8, 17, 300, 210, 210, 0, 0.00022472743007766194
5, 8, 18, 300, 210, 1000, 4.0620292802459146E-06, 0
5, 8, 18, 300, 210, 210, 0, 0.00022066540079741602
5, 8, 19, 300, 210, 1000, 3.988606637234007E-06, 0
5, 8, 19, 300, 210, 210, 0, 0.00021667679416018202
5, 8, 8, 301, 204, 1000, 1.1823555455252496E-05, 0
5, 8, 8, 301, 204, 1005, 2.955888863813124E-06, 0
5, 8, 8, 301, 204, 204, 0, 0.0019116205556809348
5, 8, 9, 301, 204, 1000, 1.1732844502436794E-05, 0
5, 8, 9, 301, 204, 1005, 2.9332111256091985E-06, 0
5, 8, 9, 301, 204, 204, 0, 0.0018969545000528888
5, 8, 10, 301, 204, 1000, 1.1642829488925714E-05, 0
5, 8, 10, 301, 204, 1005, 2.9107073722314285E-06, 0
5, 8, 10, 301, 204, 204, 0, 0.0018824009631917317
5, 8, 11, 301, 204, 1000, 1.1553505075435032E-05, 0
5, 8, 11, 301, 204, 1005, 2.888376268858758E-06, 0
5, 8, 11, 301, 204, 204, 0, 0.0018679590818474379
5, 8, 12, 301, 204, 1000, 1.1464865963644981E-05, 0
5, 8, 12, 301, 204, 1005, 2.8662164909112453E-06, 0
5, 8, 12, 301, 204, 204, 0, 0.0018536279993928817
5, 8, 13, 301, 204, 1000, 1.1376906895884006E-05, 0
5, 8, 13, 301, 204, 1005, 2.8442267239710016E-06, 0
5, 8, 13, 301, 204, 204, 0, 0.0018394068657730266
5, 8, 14, 301, 204, 1000, 1.1289622654817034E-05, 0
5, 8, 14, 301, 204, 1005, 2.8224056637042585E-06, 0
5, 8, 14, 301, 204, 204, 0, 0.0018252948374545054
5, 8, 15, 301, 204, 1000, 1.1203008063138259E-05, 0
5, 8, 15, 301, 204, 1005, 2.8007520157845647E-06, 0
5, 8, 15, 301, 204, 204, 0, 0.0018112910773755825
5, 8, 16, 301, 204, 1000, 1.1117057983261146E-05, 0
5, 8, 16, 301, 204, 1005, 2.7792644958152864E-06, 0
5, 8, 16, 301, 204, 204, 0, 0.001797394754896506
5, 8, 17, 301, 204, 1000, 1.1031767317015545E-05, 0
5, 8, 17, 301, 204, 1005, 2.757941829253886E-06, 0
5, 8, 17, 301, 204, 204, 0, 0.0017836050457502367
5, 8, 18, 301, 204, 1000, 1.0947131005344807E-05, 0
5, 8, 18, 301, 204, 1005, 2.7367827513362018E-06, 0
5, 8, 18, 301, 204, 204, 0, 0.0017699211319935557
5, 8, 19, 301, 204, 1000, 1.0863144028005167E-05, 0
5, 8, 19, 301, 204, 1005, 2.715786007001292E-06, 0
5, 8, 19, 301, 204, 204, 0, 0.0017563422019585492
5, 8, 8, 301, 205, 1000, 1.134188710775184E-06, 0
5, 8, 8, 301, 205, 1005, 2.83547177693796E-07, 0
5, 8, 8, 301, 205, 205, 0, 0.00015269426411153105
5, 8, 9, 301, 205, 1000, 1.1237548701945522E-06, 0
5, 8, 9, 301, 205, 1005, 2.8093871754863804E-07, 0
5, 8, 9, 301, 205, 205, 0, 0.00015128957052378786
5, 8, 10, 301, 205, 1000, 1.1134170145485475E-06, 0
5, 8, 10, 301, 205, 1005, 2.783542536371369E-07, 0
5, 8, 10, 301, 205, 205, 0, 0.00014989779925560218
5, 8, 11, 301, 205, 1000, 1.103174260834645E-06, 0
5, 8, 11, 301, 205, 1005, 2.7579356520866124E-07, 0
5, 8, 11, 301, 205, 205, 0, 0.00014851883142955887
5, 8, 12, 301, 205, 1000, 1.0930257341733785E-06, 0
5, 8, 12, 301, 205, 1005, 2.732564335433446E-07, 0
5, 8, 12, 301, 205, 205, 0, 0.00014715254926184215
5, 8, 13, 301, 205, 1000, 1.0829705677336621E-06, 0
5, 8, 13, 301, 205, 1005, 2.7074264193341554E-07, 0
5, 8, 13, 301, 205, 205, 0, 0.00014579883605217507
5, 8, 14, 301, 205, 1000, 1.0730079026587168E-06, 0
5, 8, 14, 301, 205, 1005, 2.682519756646792E-07, 0
5, 8, 14, 301, 205, 205, 0, 0.00014445757617385167
5, 8, 15, 301, 205, 1000, 1.0631368879926916E-06, 0
5, 8, 15, 301, 205, 1005, 2.657842219981729E-07, 0
5, 8, 15, 301, 205, 205, 0, 0.0001431286550638608
5, 8, 16, 301, 205, 1000, 1.0533566806080224E-06, 0
5, 8, 16, 301, 205, 1005, 2.633391701520056E-07, 0
5, 8, 16, 301, 205, 205, 0, 0.00014181195921310078
5, 8, 17, 301, 205, 1000, 1.0436664451334835E-06, 0
5, 8, 17, 301, 205, 1005, 2.609166112833709E-07, 0
5, 8, 17, 301, 205, 205, 0, 0.00014050737615668393
5, 8, 18, 301, 205, 1000, 1.034065353882588E-06, 0
5, 8, 18, 301, 205, 1005, 2.58516338470647E-07, 0
5, 8, 18, 301, 205, 205, 0, 0.0001392147944643307
5, 8, 19, 301, 205, 1000, 1.0245525867831792E-06, 0
5, 8, 19, 301, 205, 1005, 2.561381466957948E-07, 0
5, 8, 19, 301, 205, 205, 0, 0.00013793410373085172
5, 8, 8, 301, 206, 1000, 1.392814967494005E-05, 0
5, 8, 8, 301, 206, 206, 0, 0.0007566318503250602
5, 8, 9, 301, 206, 1000, 1.3676393350490969E-05, 0
5, 8, 9, 301, 206, 206, 0, 0.0007429554569745692
5, 8, 10, 301, 206, 1000, 1.3429187612327715E-05, 0
5, 8, 10, 301, 206, 206, 0, 0.0007295262693622415
5, 8, 11, 301, 206, 1000, 1.3186450206963715E-05, 0
5, 8, 11, 301, 206, 206, 0, 0.0007163398191552778
5, 8, 12, 301, 206, 1000, 1.2948100367673088E-05, 0
5, 8, 12, 301, 206, 206, 0, 0.0007033917187876047
5, 8, 13, 301, 206, 1000, 1.271405878761837E-05, 0
5, 8, 13, 301, 206, 206, 0, 0.0006906776599999863
5, 8, 14, 301, 206, 1000, 1.2484247593460705E-05, 0
5, 8, 14, 301, 206, 206, 0, 0.0006781934124065256
5, 8, 15, 301, 206, 1000, 1.2258590319451433E-05, 0
5, 8, 15, 301, 206, 206, 0, 0.0006659348220870742
5, 8, 16, 301, 206, 1000, 1.2037011881986287E-05, 0
5, 8, 16, 301, 206, 206, 0, 0.0006538978102050879
5, 8, 17, 301, 206, 1000, 1.1819438554625276E-05, 0
5, 8, 17, 301, 206, 206, 0, 0.0006420783716504626
5, 8, 18, 301, 206, 1000, 1.1605797943559787E-05, 0
5, 8, 18, 301, 206, 206, 0, 0.0006304725737069028
5, 8, 19, 301, 206, 1000, 1.1396018963525734E-05, 0
5, 8, 19, 301, 206, 206, 0, 0.0006190765547433771
5, 8, 8, 301, 207, 1000, 4.399903680826875E-05, 0
5, 8, 8, 301, 207, 207, 0, 0.0018824009631917317
5, 8, 9, 301, 207, 1000, 4.299409741870502E-05, 0
5, 8, 9, 301, 207, 207, 0, 0.0018394068657730266
5, 8, 10, 301, 207, 1000, 4.201211087652055E-05, 0
5, 8, 10, 301, 207, 207, 0, 0.001797394754896506
5, 8, 11, 301, 207, 1000, 4.1052552937956895E-05, 0
5, 8, 11, 301, 207, 207, 0, 0.0017563422019585492
5, 8, 12, 301, 207, 1000, 4.011491133299925E-05, 0
5, 8, 12, 301, 207, 207, 0, 0.00171622729062555
5, 8, 13, 301, 207, 1000, 3.9198685491896156E-05, 0
5, 8, 13, 301, 207, 207, 0, 0.0016770286051336538
5, 8, 14, 301, 207, 1000, 3.830338627792496E-05, 0
5, 8, 14, 301, 207, 207, 0, 0.0016387252188557288
5, 8, 15, 301, 207, 1000, 3.742853572626212E-05, 0
5, 8, 15, 301, 207, 207, 0, 0.0016012966831294667
5, 8, 16, 301, 207, 1000, 3.657366678881408E-05, 0
5, 8, 16, 301, 207, 207, 0, 0.0015647230163406526
5, 8, 17, 301, 207, 1000, 3.573832308488242E-05, 0
5, 8, 17, 301, 207, 207, 0, 0.0015289846932557702
5, 8, 18, 301, 207, 1000, 3.4922058657516726E-05, 0
5, 8, 18, 301, 207, 207, 0, 0.0014940626345982535
5, 8, 19, 301, 207, 1000, 3.412443773543792E-05, 0
5, 8, 19, 301, 207, 207, 0, 0.0014599381968628156
5, 8, 8, 301, 208, 1000, 4.536754843100736E-06, 0
5, 8, 8, 301, 208, 1005, 1.134188710775184E-06, 0
5, 8, 8, 301, 208, 208, 0, 0.0006107770564461242
5, 8, 9, 301, 208, 1000, 4.495019480778209E-06, 0
5, 8, 9, 301, 208, 1005, 1.1237548701945522E-06, 0
5, 8, 9, 301, 208, 208, 0, 0.0006051582820951514
5, 8, 10, 301, 208, 1000, 4.45366805819419E-06, 0
5, 8, 10, 301, 208, 1005, 1.1134170145485475E-06, 0
5, 8, 10, 301, 208, 208, 0, 0.0005995911970224087
5, 8, 11, 301, 208, 1000, 4.41269704333858E-06, 0
5, 8, 11, 301, 208, 1005, 1.103174260834645E-06, 0
5, 8, 11, 301, 208, 208, 0, 0.0005940753257182355
5, 8, 12, 301, 208, 1000, 4.372102936693514E-06, 0
5, 8, 12, 301, 208, 1005, 1.0930257341733785E-06, 0
5, 8, 12, 301, 208, 208, 0, 0.0005886101970473686
5, 8, 13, 301, 208, 1000, 4.331882270934649E-06, 0
5, 8, 13, 301, 208, 1005, 1.0829705677336621E-06, 0
5, 8, 13, 301, 208, 208, 0, 0.0005831953442087003
5, 8, 14, 301, 208, 1000, 4.292031610634867E-06, 0
5, 8, 14, 301, 208, 1005, 1.0730079026587168E-06, 0
5, 8, 14, 301, 208, 208, 0, 0.0005778303046954067
5, 8, 15, 301, 208, 1000, 4.252547551970766E-06, 0
5, 8, 15, 301, 208, 1005, 1.0631368879926916E-06, 0
5, 8, 15, 301, 208, 208, 0, 0.0005725146202554432
5, 8, 16, 301, 208, 1000, 4.21342672243209E-06, 0
5, 8, 16, 301, 208, 1005, 1.0533566806080224E-06, 0
5, 8, 16, 301, 208, 208, 0, 0.0005672478368524031
5, 8, 17, 301, 208, 1000, 4.174665780533934E-06, 0
5, 8, 17, 301, 208, 1005, 1.0436664451334835E-06, 0
5, 8, 17, 301, 208, 208, 0, 0.0005620295046267357
5, 8, 18, 301, 208, 1000, 4.136261415530352E-06, 0
5, 8, 18, 301, 208, 1005, 1.034065353882588E-06, 0
5, 8, 18, 301, 208, 208, 0, 0.0005568591778573228
5, 8, 19, 301, 208, 1000, 4.098210347132717E-06, 0
5, 8, 19, 301, 208, 1005, 1.0245525867831792E-06, 0
5, 8, 19, 301, 208, 208, 0, 0.0005517364149234069
5, 8, 8, 301, 209, 1000, 0.00022569179868889397, 0
5, 8, 8, 301, 209, 209, 0, 0.0005448682013111062
5, 8, 9, 301, 209, 1000, 0.00015958820131110614, 0
5, 8, 9, 301, 209, 209, 0, 0.0003852800000000001
5, 8, 10, 301, 209, 1000, 0.00011284589934444699, 0
5, 8, 10, 301, 209, 209, 0, 0.0002724341006555531
5, 8, 11, 301, 209, 1000, 7.979410065555307E-05, 0
5, 8, 11, 301, 209, 209, 0, 0.00019264000000000005
5, 8, 12, 301, 209, 1000, 5.642294967222349E-05, 0
5, 8, 12, 301, 209, 209, 0, 0.00013621705032777656
5, 8, 13, 301, 209, 1000, 3.9897050327776534E-05, 0
5, 8, 13, 301, 209, 209, 0, 9.632000000000003E-05
5, 8, 14, 301, 209, 1000, 2.8211474836111746E-05, 0
5, 8, 14, 301, 209, 209, 0, 6.810852516388828E-05
5, 8, 15, 301, 209, 1000, 1.9948525163888267E-05, 0
5, 8, 15, 301, 209, 209, 0, 4.816000000000001E-05
5, 8, 16, 301, 209, 1000, 1.4105737418055873E-05, 0
5, 8, 16, 301, 209, 209, 0, 3.405426258194414E-05
5, 8, 17, 301, 209, 1000, 9.974262581944133E-06, 0
5, 8, 17, 301, 209, 209, 0, 2.4080000000000007E-05
5, 8, 18, 301, 209, 1000, 7.0528687090279366E-06, 0
5, 8, 18, 301, 209, 209, 0, 1.702713129097207E-05
5, 8, 19, 301, 209, 1000, 4.987131290972067E-06, 0
5, 8, 19, 301, 209, 209, 0, 1.2040000000000003E-05
5, 8, 8, 301, 210, 1000, 1.949940954491607E-05, 0
5, 8, 8, 301, 210, 210, 0, 0.0010592845904550843
5, 8, 9, 301, 210, 1000, 1.9146950690687248E-05, 0
5, 8, 9, 301, 210, 210, 0, 0.001040137639764397
5, 8, 10, 301, 210, 1000, 1.8800862657259018E-05, 0
5, 8, 10, 301, 210, 210, 0, 0.001021336777107138
5, 8, 11, 301, 210, 1000, 1.8461030289749006E-05, 0
5, 8, 11, 301, 210, 210, 0, 0.001002875746817389
5, 8, 12, 301, 210, 1000, 1.812734051474243E-05, 0
5, 8, 12, 301, 210, 210, 0, 0.0009847484063026466
5, 8, 13, 301, 210, 1000, 1.779968230266563E-05, 0
5, 8, 13, 301, 210, 210, 0, 0.000966948723999981
5, 8, 14, 301, 210, 1000, 1.7477946630845118E-05, 0
5, 8, 14, 301, 210, 210, 0, 0.0009494707773691359
5, 8, 15, 301, 210, 1000, 1.716202644723192E-05, 0
5, 8, 15, 301, 210, 210, 0, 0.0009323087509219039
5, 8, 16, 301, 210, 1000, 1.6851816634780867E-05, 0
5, 8, 16, 301, 210, 210, 0, 0.0009154569342871231
5, 8, 17, 301, 210, 1000, 1.654721397647532E-05, 0
5, 8, 17, 301, 210, 210, 0, 0.0008989097203106478
5, 8, 18, 301, 210, 1000, 1.6248117120983658E-05, 0
5, 8, 18, 301, 210, 210, 0, 0.0008826616031896641
5, 8, 19, 301, 210, 1000, 1.5954426548936028E-05, 0
5, 8, 19, 301, 210, 210, 0, 0.0008667071766407281
5, 8, 8, 300, 200, 1004, 0.000770525174228255, 0
5, 8, 8, 300, 200, 1005, 0.00025684172474275165, 0
5, 8, 8, 300, 200, 200, 0, 0.002480283101028994
5, 8, 9, 300, 200, 1004, 0.0005448435757717453, 0
5, 8, 9, 300, 200, 1005, 0.00018161452525724842, 0
5, 8, 9, 300, 200, 200, 0, 0.0017538250000000003
5, 8, 10, 300, 200, 1004, 0.0003852625871141275, 0
5, 8, 10, 300, 200, 1005, 0.00012842086237137583, 0
5, 8, 10, 300, 200, 200, 0, 0.001240141550514497
5, 8, 11, 300, 200, 1004, 0.00027242178788587266, 0
5, 8, 11, 300, 200, 1005, 9.080726262862421E-05, 0
5, 8, 11, 300, 200, 200, 0, 0.0008769125000000002
5, 8, 12, 300, 200, 1004, 0.00019263129355706374, 0
5, 8, 12, 300, 200, 1005, 6.421043118568791E-05, 0
5, 8, 12, 300, 200, 200, 0, 0.0006200707752572485
5, 8, 13, 300, 200, 1004, 0.00013621089394293633, 0
5, 8, 13, 300, 200, 1005, 4.5403631314312105E-05, 0
5, 8, 13, 300, 200, 200, 0, 0.0004384562500000001
5, 8, 14, 300, 200, 1004, 9.631564677853187E-05, 0
5, 8, 14, 300, 200, 1005, 3.210521559284396E-05, 0
5, 8, 14, 300, 200, 200, 0, 0.00031003538762862425
5, 8, 15, 300, 200, 1004, 6.810544697146816E-05, 0
5, 8, 15, 300, 200, 1005, 2.2701815657156053E-05, 0
5, 8, 15, 300, 200, 200, 0, 0.00021922812500000004
5, 8, 16, 300, 200, 1004, 4.8157823389265935E-05, 0
5, 8, 16, 300, 200, 1005, 1.605260779642198E-05, 0
5, 8, 16, 300, 200, 200, 0, 0.00015501769381431212
5, 8, 17, 300, 200, 1004, 3.405272348573408E-05, 0
5, 8, 17, 300, 200, 1005, 1.1350907828578026E-05, 0
5, 8, 17, 300, 200, 200, 0, 0.00010961406250000002
5, 8, 18, 300, 200, 1004, 2.4078911694632968E-05, 0
5, 8, 18, 300, 200, 1005, 8.02630389821099E-06, 0
5, 8, 18, 300, 200, 200, 0, 7.750884690715606E-05
5, 8, 19, 300, 200, 1004, 1.702636174286704E-05, 0
5, 8, 19, 300, 200, 1005, 5.675453914289013E-06, 0
5, 8, 19, 300, 200, 200, 0, 5.480703125000001E-05
5, 8, 8, 300, 202, 1004, 0.0018492604181478117, 0
5, 8, 8, 300, 202, 202, 0, 0.00446450958185219
5, 8, 9, 300, 202, 1004, 0.0013076245818521891, 0
5, 8, 9, 300, 202, 202, 0, 0.0031568850000000008
5, 8, 10, 300, 202, 1004, 0.0009246302090739058, 0
5, 8, 10, 300, 202, 202, 0, 0.002232254790926095
5, 8, 11, 300, 202, 1004, 0.0006538122909260946, 0
5, 8, 11, 300, 202, 202, 0, 0.0015784425000000004
5, 8, 12, 300, 202, 1004, 0.0004623151045369529, 0
5, 8, 12, 300, 202, 202, 0, 0.0011161273954630475
5, 8, 13, 300, 202, 1004, 0.0003269061454630473, 0
5, 8, 13, 300, 202, 202, 0, 0.0007892212500000002
5, 8, 14, 300, 202, 1004, 0.00023115755226847646, 0
5, 8, 14, 300, 202, 202, 0, 0.0005580636977315237
5, 8, 15, 300, 202, 1004, 0.00016345307273152364, 0
5, 8, 15, 300, 202, 202, 0, 0.0003946106250000001
5, 8, 16, 300, 202, 1004, 0.00011557877613423823, 0
5, 8, 16, 300, 202, 202, 0, 0.00027903184886576187
5, 8, 17, 300, 202, 1004, 8.172653636576182E-05, 0
5, 8, 17, 300, 202, 202, 0, 0.00019730531250000005
5, 8, 18, 300, 202, 1004, 5.7789388067119114E-05, 0
5, 8, 18, 300, 202, 202, 0, 0.00013951592443288093
5, 8, 19, 300, 202, 1004, 4.086326818288091E-05, 0
5, 8, 19, 300, 202, 202, 0, 9.865265625000002E-05
5, 8, 8, 301, 400, 1004, 0.0013869453136108587, 0
5, 8, 8, 301, 400, 1005, 0.0004623151045369529, 0
5, 8, 8, 301, 400, 400, 0, 0.00446450958185219
5, 8, 9, 301, 400, 1004, 0.0009807184363891418, 0
5, 8, 9, 301, 400, 1005, 0.0003269061454630473, 0
5, 8, 9, 301, 400, 400, 0, 0.0031568850000000008
5, 8, 10, 301, 400, 1004, 0.0006934726568054294, 0
5, 8, 10, 301, 400, 1005, 0.00023115755226847646, 0
5, 8, 10, 301, 400, 400, 0, 0.002232254790926095
5, 8, 11, 301, 400, 1004, 0.0004903592181945709, 0
5, 8, 11, 301, 400, 1005, 0.00016345307273152364, 0
5, 8, 11, 301, 400, 400, 0, 0.0015784425000000004
5, 8, 12, 301, 400, 1004, 0.0003467363284027147, 0
5, 8, 12, 301, 400, 1005, 0.00011557877613423823, 0
5, 8, 12, 301, 400, 400, 0, 0.0011161273954630475
5, 8, 13, 301, 400, 1004, 0.00024517960909728546, 0
5, 8, 13, 301, 400, 1005, 8.172653636576182E-05, 0
5, 8, 13, 301, 400, 400, 0, 0.0007892212500000002
5, 8, 14, 301, 400, 1004, 0.00017336816420135734, 0
5, 8, 14, 301, 400, 1005, 5.7789388067119114E-05, 0
5, 8, 14, 301, 400, 400, 0, 0.0005580636977315237
5, 8, 15, 301, 400, 1004, 0.00012258980454864273, 0
5, 8, 15, 301, 400, 1005, 4.086326818288091E-05, 0
5, 8, 15, 301, 400, 400, 0, 0.0003946106250000001
5, 8, 16, 301, 400, 1004, 8.668408210067867E-05, 0
5, 8, 16, 301, 400, 1005, 2.8894694033559557E-05, 0
5, 8, 16, 301, 400, 400, 0, 0.00027903184886576187
5, 8, 17, 301, 400, 1004, 6.129490227432136E-05, 0
5, 8, 17, 301, 400, 1005, 2.0431634091440455E-05, 0
5, 8, 17, 301, 400, 400, 0, 0.00019730531250000005
5, 8, 18, 301, 400, 1004, 4.3342041050339336E-05, 0
5, 8, 18, 301, 400, 1005, 1.4447347016779779E-05, 0
5, 8, 18, 301, 400, 400, 0, 0.00013951592443288093
5, 8, 19, 301, 400, 1004, 3.064745113716068E-05, 0
5, 8, 19, 301, 400, 1005, 1.0215817045720227E-05, 0
5, 8, 19, 301, 400, 400, 0, 9.865265625000002E-05
5, 9, 9, 300, 204, 1000, 0.010567014986116697, 0
5, 9, 9, 300, 204, 1005, 0.002641753746529174, 0
5, 9, 9, 300, 204, 204, 0, 1.7084643562673545
5, 9, 10, 300, 204, 1000, 0.010485944279303184, 0
5, 9, 10, 300, 204, 1005, 0.002621486069825796, 0
5, 9, 10, 300, 204, 204, 0, 1.6953569259182255
5, 9, 11, 300, 204, 1000, 0.01040549555130852, 0
5, 9, 11, 300, 204, 1005, 0.00260137388782713, 0
5, 9, 11, 300, 204, 204, 0, 1.6823500564790899
5, 9, 12, 300, 204, 1000, 0.010325664030277971, 0
5, 9, 12, 300, 204, 1005, 0.0025814160075694928, 0
5, 9, 12, 300, 204, 204, 0, 1.6694429764412424
5, 9, 13, 300, 204, 1000, 0.010246444980967162, 0
5, 9, 13, 300, 204, 1005, 0.0025616112452417905, 0
5, 9, 13, 300, 204, 204, 0, 1.6566349202150334
5, 9, 14, 300, 204, 1000, 0.010167833704459284, 0
5, 9, 14, 300, 204, 1005, 0.002541958426114821, 0
5, 9, 14, 300, 204, 204, 0, 1.6439251280844593
5, 9, 15, 300, 204, 1000, 0.01008982553788922, 0
5, 9, 15, 300, 204, 1005, 0.002522456384472305, 0
5, 9, 15, 300, 204, 204, 0, 1.6313128461620978
5, 9, 16, 300, 204, 1000, 0.010012415854165013, 0
5, 9, 16, 300, 204, 1005, 0.0025031039635412533, 0
5, 9, 16, 300, 204, 204, 0, 1.6187973263443916
5, 9, 17, 300, 204, 1000, 0.009935600061693962, 0
5, 9, 17, 300, 204, 1005, 0.0024839000154234904, 0
5, 9, 17, 300, 204, 204, 0, 1.606377826267274
5, 9, 18, 300, 204, 1000, 0.009859373604110822, 0
5, 9, 18, 300, 204, 1005, 0.0024648434010277054, 0
5, 9, 18, 300, 204, 204, 0, 1.5940536092621356
5, 9, 19, 300, 204, 1000, 0.009783731960006392, 0
5, 9, 19, 300, 204, 1005, 0.002445932990001598, 0
5, 9, 19, 300, 204, 204, 0, 1.5818239443121276
5, 9, 9, 300, 205, 1000, 0.0010136535620951293, 0
5, 9, 9, 300, 205, 1005, 0.00025341339052378233, 0
5, 9, 9, 300, 205, 205, 0, 0.1364667830473811
5, 9, 10, 300, 205, 1000, 0.0010043285709623096, 0
5, 9, 10, 300, 205, 1005, 0.0002510821427405774, 0
5, 9, 10, 300, 205, 205, 0, 0.13521137233367822
5, 9, 11, 300, 205, 1000, 0.0009950893640292557, 0
5, 9, 11, 300, 205, 1005, 0.00024877234100731394, 0
5, 9, 11, 300, 205, 205, 0, 0.13396751062864165
5, 9, 12, 300, 205, 1000, 0.0009859351521338989, 0
5, 9, 12, 300, 205, 1005, 0.0002464837880334747, 0
5, 9, 12, 300, 205, 205, 0, 0.13273509168847428
5, 9, 13, 300, 205, 1000, 0.0009768651533740291, 0
5, 9, 13, 300, 205, 1005, 0.0002442162883435073, 0
5, 9, 13, 300, 205, 205, 0, 0.13151401024675674
5, 9, 14, 300, 205, 1000, 0.0009678785930404166, 0
5, 9, 14, 300, 205, 1005, 0.00024196964826010415, 0
5, 9, 14, 300, 205, 205, 0, 0.13030416200545622
5, 9, 15, 300, 205, 1000, 0.000958974703550708, 0
5, 9, 15, 300, 205, 1005, 0.000239743675887677, 0
5, 9, 15, 300, 205, 205, 0, 0.12910544362601784
5, 9, 16, 300, 205, 1000, 0.0009501527243839015, 0
5, 9, 16, 300, 205, 1005, 0.00023753818109597538, 0
5, 9, 16, 300, 205, 205, 0, 0.12791775272053796
5, 9, 17, 300, 205, 1000, 0.000941411902015199, 0
5, 9, 17, 300, 205, 1005, 0.00023535297550379976, 0
5, 9, 17, 300, 205, 205, 0, 0.12674098784301896
5, 9, 18, 300, 205, 1000, 0.0009327514898518352, 0
5, 9, 18, 300, 205, 1005, 0.0002331878724629588, 0
5, 9, 18, 300, 205, 205, 0, 0.12557504848070417
5, 9, 19, 300, 205, 1000, 0.0009241707481692619, 0
5, 9, 19, 300, 205, 1005, 0.00023104268704231547, 0
5, 9, 19, 300, 205, 205, 0, 0.12441983504549259
5, 9, 9, 300, 206, 1000, 0.01244794485897105, 0
5, 9, 9, 300, 206, 206, 0, 0.6762213051410292
5, 9, 10, 300, 206, 1000, 0.012222943769969352, 0
5, 9, 10, 300, 206, 206, 0, 0.6639983613710598
5, 9, 11, 300, 206, 1000, 0.012002009656731483, 0
5, 9, 11, 300, 206, 206, 0, 0.6519963517143283
5, 9, 12, 300, 206, 1000, 0.011785069007205218, 0
5, 9, 12, 300, 206, 206, 0, 0.6402112827071231
5, 9, 13, 300, 206, 1000, 0.01157204963809455, 0
5, 9, 13, 300, 206, 206, 0, 0.6286392330690286
5, 9, 14, 300, 206, 1000, 0.011362880670843345, 0
5, 9, 14, 300, 206, 206, 0, 0.6172763523981852
5, 9, 15, 300, 206, 1000, 0.011157492508049871, 0
5, 9, 15, 300, 206, 206, 0, 0.6061188598901354
5, 9, 16, 300, 206, 1000, 0.01095581681031177, 0
5, 9, 16, 300, 206, 206, 0, 0.5951630430798236
5, 9, 17, 300, 206, 1000, 0.01075778647348502, 0
5, 9, 17, 300, 206, 206, 0, 0.5844052566063386
5, 9, 18, 300, 206, 1000, 0.010563335606357471, 0
5, 9, 18, 300, 206, 206, 0, 0.5738419209999811
5, 9, 19, 300, 206, 1000, 0.010372399508724706, 0
5, 9, 19, 300, 206, 206, 0, 0.5634695214912564
5, 9, 9, 300, 207, 1000, 0.0393230685209105, 0
5, 9, 9, 300, 207, 207, 0, 1.6823500564790899
5, 9, 10, 300, 207, 1000, 0.03842492839463052, 0
5, 9, 10, 300, 207, 207, 0, 1.6439251280844593
5, 9, 11, 300, 207, 1000, 0.03754730181718524, 0
5, 9, 11, 300, 207, 207, 0, 1.606377826267274
5, 9, 12, 300, 207, 1000, 0.03668972025847195, 0
5, 9, 12, 300, 207, 207, 0, 1.5696881060088022
5, 9, 13, 300, 207, 1000, 0.035851725889629815, 0
5, 9, 13, 300, 207, 207, 0, 1.5338363801191723
5, 9, 14, 300, 207, 1000, 0.03503287133862365, 0
5, 9, 14, 300, 207, 207, 0, 1.4988035087805487
5, 9, 15, 300, 207, 1000, 0.03423271945141071, 0
5, 9, 15, 300, 207, 207, 0, 1.464570789329138
5, 9, 16, 300, 207, 1000, 0.03345084305855894, 0
5, 9, 16, 300, 207, 207, 0, 1.431119946270579
5, 9, 17, 300, 207, 1000, 0.03268682474720008, 0
5, 9, 17, 300, 207, 207, 0, 1.398433121523379
5, 9, 18, 300, 207, 1000, 0.03194025663818989, 0
5, 9, 18, 300, 207, 207, 0, 1.366492864885189
5, 9, 19, 300, 207, 1000, 0.031210740168355455, 0
5, 9, 19, 300, 207, 207, 0, 1.3352821247168336
5, 9, 9, 300, 208, 1000, 0.004054614248380517, 0
5, 9, 9, 300, 208, 1005, 0.0010136535620951293, 0
5, 9, 9, 300, 208, 208, 0, 0.5458671321895244
5, 9, 10, 300, 208, 1000, 0.0040173142838492385, 0
5, 9, 10, 300, 208, 1005, 0.0010043285709623096, 0
5, 9, 10, 300, 208, 208, 0, 0.5408454893347129
5, 9, 11, 300, 208, 1000, 0.003980357456117023, 0
5, 9, 11, 300, 208, 1005, 0.0009950893640292557, 0
5, 9, 11, 300, 208, 208, 0, 0.5358700425145666
5, 9, 12, 300, 208, 1000, 0.0039437406085355954, 0
5, 9, 12, 300, 208, 1005, 0.0009859351521338989, 0
5, 9, 12, 300, 208, 208, 0, 0.5309403667538971
5, 9, 13, 300, 208, 1000, 0.0039074606134961165, 0
5, 9, 13, 300, 208, 1005, 0.0009768651533740291, 0
5, 9, 13, 300, 208, 208, 0, 0.526056040987027
5, 9, 14, 300, 208, 1000, 0.0038715143721616664, 0
5, 9, 14, 300, 208, 1005, 0.0009678785930404166, 0
5, 9, 14, 300, 208, 208, 0, 0.5212166480218249
5, 9, 15, 300, 208, 1000, 0.003835898814202832, 0
5, 9, 15, 300, 208, 1005, 0.000958974703550708, 0
5, 9, 15, 300, 208, 208, 0, 0.5164217745040713
5, 9, 16, 300, 208, 1000, 0.003800610897535606, 0
5, 9, 16, 300, 208, 1005, 0.0009501527243839015, 0
5, 9, 16, 300, 208, 208, 0, 0.5116710108821518
5, 9, 17, 300, 208, 1000, 0.003765647608060796, 0
5, 9, 17, 300, 208, 1005, 0.000941411902015199, 0
5, 9, 17, 300, 208, 208, 0, 0.5069639513720758
5, 9, 18, 300, 208, 1000, 0.003731005959407341, 0
5, 9, 18, 300, 208, 1005, 0.0009327514898518352, 0
5, 9, 18, 300, 208, 208, 0, 0.5023001939228167
5, 9, 19, 300, 208, 1000, 0.0036966829926770475, 0
5, 9, 19, 300, 208, 1005, 0.0009241707481692619, 0
5, 9, 19, 300, 208, 208, 0, 0.49767934018197035
5, 9, 9, 300, 209, 1000, 1.1164430098949567, 0
5, 9, 9, 300, 209, 209, 0, 2.695331856105044
5, 9, 10, 300, 209, 1000, 0.7894444231050437, 0
5, 9, 10, 300, 209, 209, 0, 1.9058874330000004
5, 9, 11, 300, 209, 1000, 0.5582215049474784, 0
5, 9, 11, 300, 209, 209, 0, 1.347665928052522
5, 9, 12, 300, 209, 1000, 0.39472221155252185, 0
5, 9, 12, 300, 209, 209, 0, 0.9529437165000002
5, 9, 13, 300, 209, 1000, 0.2791107524737392, 0
5, 9, 13, 300, 209, 209, 0, 0.673832964026261
5, 9, 14, 300, 209, 1000, 0.19736110577626093, 0
5, 9, 14, 300, 209, 209, 0, 0.4764718582500001
5, 9, 15, 300, 209, 1000, 0.1395553762368696, 0
5, 9, 15, 300, 209, 209, 0, 0.3369164820131305
5, 9, 16, 300, 209, 1000, 0.09868055288813046, 0
5, 9, 16, 300, 209, 209, 0, 0.23823592912500005
5, 9, 17, 300, 209, 1000, 0.0697776881184348, 0
5, 9, 17, 300, 209, 209, 0, 0.16845824100656526
5, 9, 18, 300, 209, 1000, 0.04934027644406523, 0
5, 9, 18, 300, 209, 209, 0, 0.11911796456250003
5, 9, 19, 300, 209, 1000, 0.0348888440592174, 0
5, 9, 19, 300, 209, 209, 0, 0.08422912050328263
5, 9, 9, 300, 210, 1000, 0.017427122802559425, 0
5, 9, 9, 300, 210, 210, 0, 0.9467098271974409
5, 9, 10, 300, 210, 1000, 0.017112121277957137, 0
5, 9, 10, 300, 210, 210, 0, 0.9295977059194838
5, 9, 11, 300, 210, 1000, 0.016802813519424142, 0
5, 9, 11, 300, 210, 210, 0, 0.9127948924000596
5, 9, 12, 300, 210, 1000, 0.016499096610087194, 0
5, 9, 12, 300, 210, 210, 0, 0.8962957957899724
5, 9, 13, 300, 210, 1000, 0.016200869493332437, 0
5, 9, 13, 300, 210, 210, 0, 0.88009492629664
5, 9, 14, 300, 210, 1000, 0.01590803293918064, 0
5, 9, 14, 300, 210, 210, 0, 0.8641868933574594
5, 9, 15, 300, 210, 1000, 0.01562048951126982, 0
5, 9, 15, 300, 210, 210, 0, 0.8485664038461895
5, 9, 16, 300, 210, 1000, 0.015338143534436521, 0
5, 9, 16, 300, 210, 210, 0, 0.833228260311753
5, 9, 17, 300, 210, 1000, 0.01506090106287905, 0
5, 9, 17, 300, 210, 210, 0, 0.818167359248874
5, 9, 18, 300, 210, 1000, 0.014788669848900482, 0
5, 9, 18, 300, 210, 210, 0, 0.8033786893999735
5, 9, 19, 300, 210, 1000, 0.014521359312214543, 0
5, 9, 19, 300, 210, 210, 0, 0.7888573300877589
5, 9, 9, 301, 204, 1000, 0.042268059944466786, 0
5, 9, 9, 301, 204, 1005, 0.010567014986116697, 0
5, 9, 9, 301, 204, 204, 0, 6.833857425069418
5, 9, 10, 301, 204, 1000, 0.041943777117212734, 0
5, 9, 10, 301, 204, 1005, 0.010485944279303184, 0
5, 9, 10, 301, 204, 204, 0, 6.781427703672902
5, 9, 11, 301, 204, 1000, 0.04162198220523408, 0
5, 9, 11, 301, 204, 1005, 0.01040549555130852, 0
5, 9, 11, 301, 204, 204, 0, 6.7294002259163594
5, 9, 12, 301, 204, 1000, 0.041302656121111885, 0
5, 9, 12, 301, 204, 1005, 0.010325664030277971, 0
5, 9, 12, 301, 204, 204, 0, 6.67777190576497
5, 9, 13, 301, 204, 1000, 0.04098577992386865, 0
5, 9, 13, 301, 204, 1005, 0.010246444980967162, 0
5, 9, 13, 301, 204, 204, 0, 6.626539680860134
5, 9, 14, 301, 204, 1000, 0.040671334817837135, 0
5, 9, 14, 301, 204, 1005, 0.010167833704459284, 0
5, 9, 14, 301, 204, 204, 0, 6.575700512337837
5, 9, 15, 301, 204, 1000, 0.04035930215155688, 0
5, 9, 15, 301, 204, 1005, 0.01008982553788922, 0
5, 9, 15, 301, 204, 204, 0, 6.525251384648391
5, 9, 16, 301, 204, 1000, 0.04004966341666005, 0
5, 9, 16, 301, 204, 1005, 0.010012415854165013, 0
5, 9, 16, 301, 204, 204, 0, 6.475189305377566
5, 9, 17, 301, 204, 1000, 0.03974240024677585, 0
5, 9, 17, 301, 204, 1005, 0.009935600061693962, 0
5, 9, 17, 301, 204, 204, 0, 6.425511305069096
5, 9, 18, 301, 204, 1000, 0.039437494416443286, 0
5, 9, 18, 301, 204, 1005, 0.009859373604110822, 0
5, 9, 18, 301, 204, 204, 0, 6.376214437048542
5, 9, 19, 301, 204, 1000, 0.03913492784002557, 0
5, 9, 19, 301, 204, 1005, 0.009783731960006392, 0
5, 9, 19, 301, 204, 204, 0, 6.32729577724851
5, 9, 9, 301, 205, 1000, 0.004054614248380517, 0
5, 9, 9, 301, 205, 1005, 0.0010136535620951293, 0
5, 9, 9, 301, 205, 205, 0, 0.5458671321895244
5, 9, 10, 301, 205, 1000, 0.0040173142838492385, 0
5, 9, 10, 301, 205, 1005, 0.0010043285709623096, 0
5, 9, 10, 301, 205, 205, 0, 0.5408454893347129
5, 9, 11, 301, 205, 1000, 0.003980357456117023, 0
5, 9, 11, 301, 205, 1005, 0.0009950893640292557, 0
5, 9, 11, 301, 205, 205, 0, 0.5358700425145666
5, 9, 12, 301, 205, 1000, 0.0039437406085355954, 0
5, 9, 12, 301, 205, 1005, 0.0009859351521338989, 0
5, 9, 12, 301, 205, 205, 0, 0.5309403667538971
5, 9, 13, 301, 205, 1000, 0.0039074606134961165, 0
5, 9, 13, 301, 205, 1005, 0.0009768651533740291, 0
5, 9, 13, 301, 205, 205, 0, 0.526056040987027
5, 9, 14, 301, 205, 1000, 0.0038715143721616664, 0
5, 9, 14, 301, 205, 1005, 0.0009678785930404166, 0
5, 9, 14, 301, 205, 205, 0, 0.5212166480218249
5, 9, 15, 301, 205, 1000, 0.003835898814202832, 0
5, 9, 15, 301, 205, 1005, 0.000958974703550708, 0
5, 9, 15, 301, 205, 205, 0, 0.5164217745040713
5, 9, 16, 301, 205, 1000, 0.003800610897535606, 0
5, 9, 16, 301, 205, 1005, 0.0009501527243839015, 0
5, 9, 16, 301, 205, 205, 0, 0.5116710108821518
5, 9, 17, 301, 205, 1000, 0.003765647608060796, 0
5, 9, 17, 301, 205, 1005, 0.000941411902015199, 0
5, 9, 17, 301, 205, 205, 0, 0.5069639513720758
5, 9, 18, 301, 205, 1000, 0.003731005959407341, 0
5, 9, 18, 301, 205, 1005, 0.0009327514898518352, 0
5, 9, 18, 301, 205, 205, 0, 0.5023001939228167
5, 9, 19, 301, 205, 1000, 0.0036966829926770475, 0
5, 9, 19, 301, 205, 1005, 0.0009241707481692619, 0
5, 9, 19, 301, 205, 205, 0, 0.49767934018197035
5, 9, 9, 301, 206, 1000, 0.0497917794358842, 0
5, 9, 9, 301, 206, 206, 0, 2.7048852205641167
5, 9, 10, 301, 206, 1000, 0.04889177507987741, 0
5, 9, 10, 301, 206, 206, 0, 2.6559934454842393
5, 9, 11, 301, 206, 1000, 0.04800803862692593, 0
5, 9, 11, 301, 206, 206, 0, 2.6079854068573134
5, 9, 12, 301, 206, 1000, 0.04714027602882087, 0
5, 9, 12, 301, 206, 206, 0, 2.5608451308284925
5, 9, 13, 301, 206, 1000, 0.0462881985523782, 0
5, 9, 13, 301, 206, 206, 0, 2.5145569322761143
5, 9, 14, 301, 206, 1000, 0.04545152268337338, 0
5, 9, 14, 301, 206, 206, 0, 2.469105409592741
5, 9, 15, 301, 206, 1000, 0.044629970032199484, 0
5, 9, 15, 301, 206, 206, 0, 2.4244754395605415
5, 9, 16, 301, 206, 1000, 0.04382326724124708, 0
5, 9, 16, 301, 206, 206, 0, 2.3806521723192944
5, 9, 17, 301, 206, 1000, 0.04303114589394008, 0
5, 9, 17, 301, 206, 206, 0, 2.3376210264253543
5, 9, 18, 301, 206, 1000, 0.042253342425429885, 0
5, 9, 18, 301, 206, 206, 0, 2.2953676839999244
5, 9, 19, 301, 206, 1000, 0.04148959803489882, 0
5, 9, 19, 301, 206, 206, 0, 2.2538780859650256
5, 9, 9, 301, 207, 1000, 0.157292274083642, 0
5, 9, 9, 301, 207, 207, 0, 6.7294002259163594
5, 9, 10, 301, 207, 1000, 0.15369971357852208, 0
5, 9, 10, 301, 207, 207, 0, 6.575700512337837
5, 9, 11, 301, 207, 1000, 0.15018920726874097, 0
5, 9, 11, 301, 207, 207, 0, 6.425511305069096
5, 9, 12, 301, 207, 1000, 0.1467588810338878, 0
5, 9, 12, 301, 207, 207, 0, 6.278752424035209
5, 9, 13, 301, 207, 1000, 0.14340690355851926, 0
5, 9, 13, 301, 207, 207, 0, 6.135345520476689
5, 9, 14, 301, 207, 1000, 0.1401314853544946, 0
5, 9, 14, 301, 207, 207, 0, 5.995214035122195
5, 9, 15, 301, 207, 1000, 0.13693087780564284, 0
5, 9, 15, 301, 207, 207, 0, 5.858283157316552
5, 9, 16, 301, 207, 1000, 0.13380337223423577, 0
5, 9, 16, 301, 207, 207, 0, 5.724479785082316
5, 9, 17, 301, 207, 1000, 0.13074729898880033, 0
5, 9, 17, 301, 207, 207, 0, 5.593732486093516
5, 9, 18, 301, 207, 1000, 0.12776102655275956, 0
5, 9, 18, 301, 207, 207, 0, 5.465971459540756
5, 9, 19, 301, 207, 1000, 0.12484296067342182, 0
5, 9, 19, 301, 207, 207, 0, 5.341128498867334
5, 9, 9, 301, 208, 1000, 0.01621845699352207, 0
5, 9, 9, 301, 208, 1005, 0.004054614248380517, 0
5, 9, 9, 301, 208, 208, 0, 2.1834685287580977
5, 9, 10, 301, 208, 1000, 0.016069257135396954, 0
5, 9, 10, 301, 208, 1005, 0.0040173142838492385, 0
5, 9, 10, 301, 208, 208, 0, 2.1633819573388515
5, 9, 11, 301, 208, 1000, 0.015921429824468092, 0
5, 9, 11, 301, 208, 1005, 0.003980357456117023, 0
5, 9, 11, 301, 208, 208, 0, 2.1434801700582664
5, 9, 12, 301, 208, 1000, 0.015774962434142382, 0
5, 9, 12, 301, 208, 1005, 0.0039437406085355954, 0
5, 9, 12, 301, 208, 208, 0, 2.1237614670155884
5, 9, 13, 301, 208, 1000, 0.015629842453984466, 0
5, 9, 13, 301, 208, 1005, 0.0039074606134961165, 0
5, 9, 13, 301, 208, 208, 0, 2.104224163948108
5, 9, 14, 301, 208, 1000, 0.015486057488646666, 0
5, 9, 14, 301, 208, 1005, 0.0038715143721616664, 0
5, 9, 14, 301, 208, 208, 0, 2.0848665920872995
5, 9, 15, 301, 208, 1000, 0.015343595256811327, 0
5, 9, 15, 301, 208, 1005, 0.003835898814202832, 0
5, 9, 15, 301, 208, 208, 0, 2.0656870980162854
5, 9, 16, 301, 208, 1000, 0.015202443590142424, 0
5, 9, 16, 301, 208, 1005, 0.003800610897535606, 0
5, 9, 16, 301, 208, 208, 0, 2.0466840435286073
5, 9, 17, 301, 208, 1000, 0.015062590432243185, 0
5, 9, 17, 301, 208, 1005, 0.003765647608060796, 0
5, 9, 17, 301, 208, 208, 0, 2.0278558054883034
5, 9, 18, 301, 208, 1000, 0.014924023837629363, 0
5, 9, 18, 301, 208, 1005, 0.003731005959407341, 0
5, 9, 18, 301, 208, 208, 0, 2.0092007756912666
5, 9, 19, 301, 208, 1000, 0.01478673197070819, 0
5, 9, 19, 301, 208, 1005, 0.0036966829926770475, 0
5, 9, 19, 301, 208, 208, 0, 1.9907173607278814
5, 9, 9, 301, 209, 1000, 4.465772039579827, 0
5, 9, 9, 301, 209, 209, 0, 10.781327424420176
5, 9, 10, 301, 209, 1000, 3.157777692420175, 0
5, 9, 10, 301, 209, 209, 0, 7.623549732000002
5, 9, 11, 301, 209, 1000, 2.2328860197899134, 0
5, 9, 11, 301, 209, 209, 0, 5.390663712210088
5, 9, 12, 301, 209, 1000, 1.5788888462100874, 0
5, 9, 12, 301, 209, 209, 0, 3.811774866000001
5, 9, 13, 301, 209, 1000, 1.1164430098949567, 0
5, 9, 13, 301, 209, 209, 0, 2.695331856105044
5, 9, 14, 301, 209, 1000, 0.7894444231050437, 0
5, 9, 14, 301, 209, 209, 0, 1.9058874330000004
5, 9, 15, 301, 209, 1000, 0.5582215049474784, 0
5, 9, 15, 301, 209, 209, 0, 1.347665928052522
5, 9, 16, 301, 209, 1000, 0.39472221155252185, 0
5, 9, 16, 301, 209, 209, 0, 0.9529437165000002
5, 9, 17, 301, 209, 1000, 0.2791107524737392, 0
5, 9, 17, 301, 209, 209, 0, 0.673832964026261
5, 9, 18, 301, 209, 1000, 0.19736110577626093, 0
5, 9, 18, 301, 209, 209, 0, 0.4764718582500001
5, 9, 19, 301, 209, 1000, 0.1395553762368696, 0
5, 9, 19, 301, 209, 209, 0, 0.3369164820131305
5, 9, 9, 301, 210, 1000, 0.0697084912102377, 0
5, 9, 9, 301, 210, 210, 0, 3.7868393087897636
5, 9, 10, 301, 210, 1000, 0.06844848511182855, 0
5, 9, 10, 301, 210, 210, 0, 3.718390823677935
5, 9, 11, 301, 210, 1000, 0.06721125407769657, 0
5, 9, 11, 301, 210, 210, 0, 3.6511795696002385
5, 9, 12, 301, 210, 1000, 0.06599638644034878, 0
5, 9, 12, 301, 210, 210, 0, 3.5851831831598897
5, 9, 13, 301, 210, 1000, 0.06480347797332975, 0
5, 9, 13, 301, 210, 210, 0, 3.52037970518656
5, 9, 14, 301, 210, 1000, 0.06363213175672255, 0
5, 9, 14, 301, 210, 210, 0, 3.4567475734298374
5, 9, 15, 301, 210, 1000, 0.06248195804507928, 0
5, 9, 15, 301, 210, 210, 0, 3.394265615384758
5, 9, 16, 301, 210, 1000, 0.061352574137746085, 0
5, 9, 16, 301, 210, 210, 0, 3.332913041247012
5, 9, 17, 301, 210, 1000, 0.0602436042515162, 0
5, 9, 17, 301, 210, 210, 0, 3.272669436995496
5, 9, 18, 301, 210, 1000, 0.05915467939560193, 0
5, 9, 18, 301, 210, 210, 0, 3.213514757599894
5, 9, 19, 301, 210, 1000, 0.058085437248858174, 0
5, 9, 19, 301, 210, 210, 0, 3.1554293203510357
5, 9, 9, 300, 200, 1004, 0.5076517401697902, 0
5, 9, 9, 300, 200, 1005, 0.16921724672326338, 0
5, 9, 9, 300, 200, 200, 0, 1.6341062881069466
5, 9, 10, 300, 200, 1004, 0.3589639879552099, 0
5, 9, 10, 300, 200, 1005, 0.11965466265173663, 0
5, 9, 10, 300, 200, 200, 0, 1.1554876374999998
5, 9, 11, 300, 200, 1004, 0.2538258700848949, 0
5, 9, 11, 300, 200, 1005, 0.08460862336163164, 0
5, 9, 11, 300, 200, 200, 0, 0.8170531440534733
5, 9, 12, 300, 200, 1004, 0.17948199397760495, 0
5, 9, 12, 300, 200, 1005, 0.059827331325868316, 0
5, 9, 12, 300, 200, 200, 0, 0.5777438187499999
5, 9, 13, 300, 200, 1004, 0.12691293504244744, 0
5, 9, 13, 300, 200, 1005, 0.04230431168081582, 0
5, 9, 13, 300, 200, 200, 0, 0.40852657202673665
5, 9, 14, 300, 200, 1004, 0.08974099698880247, 0
5, 9, 14, 300, 200, 1005, 0.029913665662934158, 0
5, 9, 14, 300, 200, 200, 0, 0.28887190937499996
5, 9, 15, 300, 200, 1004, 0.06345646752122372, 0
5, 9, 15, 300, 200, 1005, 0.02115215584040791, 0
5, 9, 15, 300, 200, 200, 0, 0.20426328601336832
5, 9, 16, 300, 200, 1004, 0.04487049849440124, 0
5, 9, 16, 300, 200, 1005, 0.014956832831467079, 0
5, 9, 16, 300, 200, 200, 0, 0.14443595468749998
5, 9, 17, 300, 200, 1004, 0.03172823376061186, 0
5, 9, 17, 300, 200, 1005, 0.010576077920203954, 0
5, 9, 17, 300, 200, 200, 0, 0.10213164300668416
5, 9, 18, 300, 200, 1004, 0.02243524924720062, 0
5, 9, 18, 300, 200, 1005, 0.0074784164157335395, 0
5, 9, 18, 300, 200, 200, 0, 0.07221797734374999
5, 9, 19, 300, 200, 1004, 0.01586411688030593, 0
5, 9, 19, 300, 200, 1005, 0.005288038960101977, 0
5, 9, 19, 300, 200, 200, 0, 0.05106582150334208
5, 9, 9, 300, 202, 1004, 1.2183641764074964, 0
5, 9, 9, 300, 202, 202, 0, 2.9413913185925042
5, 9, 10, 300, 202, 1004, 0.8615135710925039, 0
5, 9, 10, 300, 202, 202, 0, 2.0798777475000003
5, 9, 11, 300, 202, 1004, 0.6091820882037482, 0
5, 9, 11, 300, 202, 202, 0, 1.4706956592962521
5, 9, 12, 300, 202, 1004, 0.43075678554625196, 0
5, 9, 12, 300, 202, 202, 0, 1.0399388737500002
5, 9, 13, 300, 202, 1004, 0.3045910441018741, 0
5, 9, 13, 300, 202, 202, 0, 0.7353478296481261
5, 9, 14, 300, 202, 1004, 0.21537839277312598, 0
5, 9, 14, 300, 202, 202, 0, 0.5199694368750001
5, 9, 15, 300, 202, 1004, 0.15229552205093705, 0
5, 9, 15, 300, 202, 202, 0, 0.36767391482406303
5, 9, 16, 300, 202, 1004, 0.10768919638656299, 0
5, 9, 16, 300, 202, 202, 0, 0.25998471843750004
5, 9, 17, 300, 202, 1004, 0.07614776102546852, 0
5, 9, 17, 300, 202, 202, 0, 0.18383695741203152
5, 9, 18, 300, 202, 1004, 0.053844598193281495, 0
5, 9, 18, 300, 202, 202, 0, 0.12999235921875002
5, 9, 19, 300, 202, 1004, 0.03807388051273426, 0
5, 9, 19, 300, 202, 202, 0, 0.09191847870601576
5, 9, 9, 301, 400, 1004, 0.9137731323056223, 0
5, 9, 9, 301, 400, 1005, 0.3045910441018741, 0
5, 9, 9, 301, 400, 400, 0, 2.9413913185925042
5, 9, 10, 301, 400, 1004, 0.646135178319378, 0
5, 9, 10, 301, 400, 1005, 0.21537839277312598, 0
5, 9, 10, 301, 400, 400, 0, 2.0798777475000003
5, 9, 11, 301, 400, 1004, 0.45688656615281115, 0
5, 9, 11, 301, 400, 1005, 0.15229552205093705, 0
5, 9, 11, 301, 400, 400, 0, 1.4706956592962521
5, 9, 12, 301, 400, 1004, 0.323067589159689, 0
5, 9, 12, 301, 400, 1005, 0.10768919638656299, 0
5, 9, 12, 301, 400, 400, 0, 1.0399388737500002
5, 9, 13, 301, 400, 1004, 0.22844328307640557, 0
5, 9, 13, 301, 400, 1005, 0.07614776102546852, 0
5, 9, 13, 301, 400, 400, 0, 0.7353478296481261
5, 9, 14, 301, 400, 1004, 0.1615337945798445, 0
5, 9, 14, 301, 400, 1005, 0.053844598193281495, 0
5, 9, 14, 301, 400, 400, 0, 0.5199694368750001
5, 9, 15, 301, 400, 1004, 0.11422164153820279, 0
5, 9, 15, 301, 400, 1005, 0.03807388051273426, 0
5, 9, 15, 301, 400, 400, 0, 0.36767391482406303
5, 9, 16, 301, 400, 1004, 0.08076689728992224, 0
5, 9, 16, 301, 400, 1005, 0.026922299096640748, 0
5, 9, 16, 301, 400, 400, 0, 0.25998471843750004
5, 9, 17, 301, 400, 1004, 0.05711082076910139, 0
5, 9, 17, 301, 400, 1005, 0.01903694025636713, 0
5, 9, 17, 301, 400, 400, 0, 0.18383695741203152
5, 9, 18, 301, 400, 1004, 0.04038344864496112, 0
5, 9, 18, 301, 400, 1005, 0.013461149548320374, 0
5, 9, 18, 301, 400, 400, 0, 0.12999235921875002
5, 9, 19, 301, 400, 1004, 0.028555410384550697, 0
5, 9, 19, 301, 400, 1005, 0.009518470128183566, 0
5, 9, 19, 301, 400, 400, 0, 0.09191847870601576
5, 10, 10, 300, 204, 1000, 0.0003469735403727692, 0
5, 10, 10, 300, 204, 1005, 8.67433850931923E-05, 0
5, 10, 10, 300, 204, 204, 0, 0.05609833307453404
5, 10, 11, 300, 204, 1000, 0.00034431154072570025, 0
5, 10, 11, 300, 204, 1005, 8.607788518142506E-05, 0
5, 10, 11, 300, 204, 204, 0, 0.055667943648626914
5, 10, 12, 300, 204, 1000, 0.0003416699640829635, 0
5, 10, 12, 300, 204, 1005, 8.541749102074087E-05, 0
5, 10, 12, 300, 204, 204, 0, 0.05524085619352321
5, 10, 13, 300, 204, 1000, 0.00033904865375817276, 0
5, 10, 13, 300, 204, 1005, 8.476216343954319E-05, 0
5, 10, 13, 300, 204, 204, 0, 0.05481704537632549
5, 10, 14, 300, 204, 1000, 0.00033644745426706925, 0
5, 10, 14, 300, 204, 1005, 8.411186356676731E-05, 0
5, 10, 14, 300, 204, 204, 0, 0.05439648605849166
5, 10, 15, 300, 204, 1000, 0.0003338662113182345, 0
5, 10, 15, 300, 204, 1005, 8.346655282955862E-05, 0
5, 10, 15, 300, 204, 204, 0, 0.053979153294343864
5, 10, 16, 300, 204, 1000, 0.0003313047718040141, 0
5, 10, 16, 300, 204, 1005, 8.282619295100352E-05, 0
5, 10, 16, 300, 204, 204, 0, 0.053565022329588846
5, 10, 17, 300, 204, 1000, 0.0003287629837913919, 0
5, 10, 17, 300, 204, 1005, 8.219074594784798E-05, 0
5, 10, 17, 300, 204, 204, 0, 0.053154068599849606
5, 10, 18, 300, 204, 1000, 0.00032624069651298606, 0
5, 10, 18, 300, 204, 1005, 8.156017412824652E-05, 0
5, 10, 18, 300, 204, 204, 0, 0.052746267729208374
5, 10, 19, 300, 204, 1000, 0.00032373776035812265, 0
5, 10, 19, 300, 204, 1005, 8.093444008953066E-05, 0
5, 10, 19, 300, 204, 204, 0, 0.05234159552876072
5, 10, 10, 300, 205, 1000, 3.328385221500127E-05, 0
5, 10, 10, 300, 205, 1005, 8.320963053750318E-06, 0
5, 10, 10, 300, 205, 205, 0, 0.004480959184731248
5, 10, 11, 300, 205, 1000, 3.2977661186452126E-05, 0
5, 10, 11, 300, 205, 1005, 8.244415296613031E-06, 0
5, 10, 11, 300, 205, 205, 0, 0.004439737108248183
5, 10, 12, 300, 205, 1000, 3.267428692758992E-05, 0
5, 10, 12, 300, 205, 1005, 8.16857173189748E-06, 0
5, 10, 12, 300, 205, 205, 0, 0.004398894249588696
5, 10, 13, 300, 205, 1000, 3.237370352586061E-05, 0
5, 10, 13, 300, 205, 1005, 8.093425881465153E-06, 0
5, 10, 13, 300, 205, 205, 0, 0.00435842712018137
5, 10, 14, 300, 205, 1000, 3.207588530708891E-05, 0
5, 10, 14, 300, 205, 1005, 8.018971326772227E-06, 0
5, 10, 14, 300, 205, 205, 0, 0.004318332263547509
5, 10, 15, 300, 205, 1000, 3.1780806833289074E-05, 0
5, 10, 15, 300, 205, 1005, 7.945201708322269E-06, 0
5, 10, 15, 300, 205, 205, 0, 0.004278606255005897
5, 10, 16, 300, 205, 1000, 3.148844290048608E-05, 0
5, 10, 16, 300, 205, 1005, 7.87211072512152E-06, 0
5, 10, 16, 300, 205, 205, 0, 0.00423924570138029
5, 10, 17, 300, 205, 1000, 3.119876853656944E-05, 0
5, 10, 17, 300, 205, 1005, 7.79969213414236E-06, 0
5, 10, 17, 300, 205, 205, 0, 0.004200247240709578
5, 10, 18, 300, 205, 1000, 3.091175899915255E-05, 0
5, 10, 18, 300, 205, 1005, 7.727939749788138E-06, 0
5, 10, 18, 300, 205, 205, 0, 0.004161607541960637
5, 10, 19, 300, 205, 1000, 3.0627389773467405E-05, 0
5, 10, 19, 300, 205, 1005, 7.656847443366851E-06, 0
5, 10, 19, 300, 205, 205, 0, 0.004123323304743803
5, 10, 10, 300, 206, 1000, 0.0004087348701366268, 0
5, 10, 10, 300, 206, 206, 0, 0.022204085129863375
5, 10, 11, 300, 206, 1000, 0.00040134684006936164, 0
5, 10, 11, 300, 206, 206, 0, 0.021802738289794014
5, 10, 12, 300, 206, 1000, 0.0003940923513078773, 0
5, 10, 12, 300, 206, 206, 0, 0.021408645938486136
5, 10, 13, 300, 206, 1000, 0.0003869689900449433, 0
5, 10, 13, 300, 206, 206, 0, 0.021021676948441193
5, 10, 14, 300, 206, 1000, 0.0003799743861037791, 0
5, 10, 14, 300, 206, 206, 0, 0.020641702562337414
5, 10, 15, 300, 206, 1000, 0.0003731062121493829, 0
5, 10, 15, 300, 206, 206, 0, 0.02026859635018803
5, 10, 16, 300, 206, 1000, 0.00036636218291419623, 0
5, 10, 16, 300, 206, 206, 0, 0.019902234167273835
5, 10, 17, 300, 206, 1000, 0.00035974005443767734, 0
5, 10, 17, 300, 206, 206, 0, 0.019542494112836158
5, 10, 18, 300, 206, 1000, 0.00035323762331968683, 0
5, 10, 18, 300, 206, 206, 0, 0.01918925648951647
5, 10, 19, 300, 206, 1000, 0.0003468527259873344, 0
5, 10, 19, 300, 206, 206, 0, 0.018842403763529136
5, 10, 10, 300, 207, 1000, 0.001291193806476791, 0
5, 10, 10, 300, 207, 207, 0, 0.05524085619352321
5, 10, 11, 300, 207, 1000, 0.0012617028991793455, 0
5, 10, 11, 300, 207, 207, 0, 0.053979153294343864
5, 10, 12, 300, 207, 1000, 0.00123288556513549, 0
5, 10, 12, 300, 207, 207, 0, 0.052746267729208374
5, 10, 13, 300, 207, 1000, 0.0012047264199108315, 0
5, 10, 13, 300, 207, 207, 0, 0.05154154130929754
5, 10, 14, 300, 207, 1000, 0.0011772104304519776, 0
5, 10, 14, 300, 207, 207, 0, 0.050364330878845565
5, 10, 15, 300, 207, 1000, 0.0011503229070609078, 0
5, 10, 15, 300, 207, 207, 0, 0.04921400797178466
5, 10, 16, 300, 207, 1000, 0.0011240494955528368, 0
5, 10, 16, 300, 207, 207, 0, 0.04808995847623182
5, 10, 17, 300, 207, 1000, 0.001098376169592935, 0
5, 10, 17, 300, 207, 207, 0, 0.046991582306638885
5, 10, 18, 300, 207, 1000, 0.0010732892232083596, 0
5, 10, 18, 300, 207, 207, 0, 0.045918293083430525
5, 10, 19, 300, 207, 1000, 0.001048775263471094, 0
5, 10, 19, 300, 207, 207, 0, 0.04486951781995943
5, 10, 10, 300, 208, 1000, 0.0001331354088600051, 0
5, 10, 10, 300, 208, 1005, 3.328385221500127E-05, 0
5, 10, 10, 300, 208, 208, 0, 0.017923836738924993
5, 10, 11, 300, 208, 1000, 0.0001319106447458085, 0
5, 10, 11, 300, 208, 1005, 3.2977661186452126E-05, 0
5, 10, 11, 300, 208, 208, 0, 0.017758948432992732
5, 10, 12, 300, 208, 1000, 0.0001306971477103597, 0
5, 10, 12, 300, 208, 1005, 3.267428692758992E-05, 0
5, 10, 12, 300, 208, 208, 0, 0.017595576998354782
5, 10, 13, 300, 208, 1000, 0.00012949481410344245, 0
5, 10, 13, 300, 208, 1005, 3.237370352586061E-05, 0
5, 10, 13, 300, 208, 208, 0, 0.01743370848072548
5, 10, 14, 300, 208, 1000, 0.00012830354122835564, 0
5, 10, 14, 300, 208, 1005, 3.207588530708891E-05, 0
5, 10, 14, 300, 208, 208, 0, 0.017273329054190035
5, 10, 15, 300, 208, 1000, 0.0001271232273331563, 0
5, 10, 15, 300, 208, 1005, 3.1780806833289074E-05, 0
5, 10, 15, 300, 208, 208, 0, 0.01711442502002359
5, 10, 16, 300, 208, 1000, 0.00012595377160194433, 0
5, 10, 16, 300, 208, 1005, 3.148844290048608E-05, 0
5, 10, 16, 300, 208, 208, 0, 0.01695698280552116
5, 10, 17, 300, 208, 1000, 0.00012479507414627777, 0
5, 10, 17, 300, 208, 1005, 3.119876853656944E-05, 0
5, 10, 17, 300, 208, 208, 0, 0.016800988962838312
5, 10, 18, 300, 208, 1000, 0.0001236470359966102, 0
5, 10, 18, 300, 208, 1005, 3.091175899915255E-05, 0
5, 10, 18, 300, 208, 208, 0, 0.01664643016784255
5, 10, 19, 300, 208, 1000, 0.00012250955909386962, 0
5, 10, 19, 300, 208, 1005, 3.0627389773467405E-05, 0
5, 10, 19, 300, 208, 208, 0, 0.016493293218975212
5, 10, 10, 300, 209, 1000, 0.028157935127285524, 0
5, 10, 10, 300, 209, 209, 0, 0.06797926887271451
5, 10, 11, 300, 209, 1000, 0.01991066687271449, 0
5, 10, 11, 300, 209, 209, 0, 0.048068602000000016
5, 10, 12, 300, 209, 1000, 0.014078967563642762, 0
5, 10, 12, 300, 209, 209, 0, 0.033989634436357254
5, 10, 13, 300, 209, 1000, 0.009955333436357246, 0
5, 10, 13, 300, 209, 209, 0, 0.024034301000000008
5, 10, 14, 300, 209, 1000, 0.007039483781821381, 0
5, 10, 14, 300, 209, 209, 0, 0.016994817218178627
5, 10, 15, 300, 209, 1000, 0.004977666718178623, 0
5, 10, 15, 300, 209, 209, 0, 0.012017150500000004
5, 10, 16, 300, 209, 1000, 0.0035197418909106905, 0
5, 10, 16, 300, 209, 209, 0, 0.008497408609089313
5, 10, 17, 300, 209, 1000, 0.0024888333590893114, 0
5, 10, 17, 300, 209, 209, 0, 0.006008575250000002
5, 10, 18, 300, 209, 1000, 0.0017598709454553453, 0
5, 10, 18, 300, 209, 209, 0, 0.004248704304544657
5, 10, 19, 300, 209, 1000, 0.0012444166795446557, 0
5, 10, 19, 300, 209, 209, 0, 0.003004287625000001
5, 10, 10, 300, 210, 1000, 0.0005722288181912762, 0
5, 10, 10, 300, 210, 210, 0, 0.03108571918180873
5, 10, 11, 300, 210, 1000, 0.0005618855760971091, 0
5, 10, 11, 300, 210, 210, 0, 0.03052383360571162
5, 10, 12, 300, 210, 1000, 0.0005517292918310254, 0
5, 10, 12, 300, 210, 210, 0, 0.029972104313880595
5, 10, 13, 300, 210, 1000, 0.0005417565860629213, 0
5, 10, 13, 300, 210, 210, 0, 0.029430347727817673
5, 10, 14, 300, 210, 1000, 0.00053196414054529, 0
5, 10, 14, 300, 210, 210, 0, 0.028898383587272383
5, 10, 15, 300, 210, 1000, 0.0005223486970091402, 0
5, 10, 15, 300, 210, 210, 0, 0.028376034890263243
5, 10, 16, 300, 210, 1000, 0.0005129070560798699, 0
5, 10, 16, 300, 210, 210, 0, 0.027863127834183373
5, 10, 17, 300, 210, 1000, 0.0005036360762127497, 0
5, 10, 17, 300, 210, 210, 0, 0.027359491757970623
5, 10, 18, 300, 210, 1000, 0.0004945326726475616, 0
5, 10, 18, 300, 210, 210, 0, 0.026864959085323062
5, 10, 19, 300, 210, 1000, 0.0004855938163822668, 0
5, 10, 19, 300, 210, 210, 0, 0.026379365268940795
5, 10, 10, 301, 204, 1000, 0.0013878941614910768, 0
5, 10, 10, 301, 204, 1005, 0.0003469735403727692, 0
5, 10, 10, 301, 204, 204, 0, 0.22439333229813616
5, 10, 11, 301, 204, 1000, 0.001377246162902801, 0
5, 10, 11, 301, 204, 1005, 0.00034431154072570025, 0
5, 10, 11, 301, 204, 204, 0, 0.22267177459450765
5, 10, 12, 301, 204, 1000, 0.001366679856331854, 0
5, 10, 12, 301, 204, 1005, 0.0003416699640829635, 0
5, 10, 12, 301, 204, 204, 0, 0.22096342477409284
5, 10, 13, 301, 204, 1000, 0.001356194615032691, 0
5, 10, 13, 301, 204, 1005, 0.00033904865375817276, 0
5, 10, 13, 301, 204, 204, 0, 0.21926818150530197
5, 10, 14, 301, 204, 1000, 0.001345789817068277, 0
5, 10, 14, 301, 204, 1005, 0.00033644745426706925, 0
5, 10, 14, 301, 204, 204, 0, 0.21758594423396663
5, 10, 15, 301, 204, 1000, 0.001335464845272938, 0
5, 10, 15, 301, 204, 1005, 0.0003338662113182345, 0
5, 10, 15, 301, 204, 204, 0, 0.21591661317737545
5, 10, 16, 301, 204, 1000, 0.0013252190872160563, 0
5, 10, 16, 301, 204, 1005, 0.0003313047718040141, 0
5, 10, 16, 301, 204, 204, 0, 0.21426008931835538
5, 10, 17, 301, 204, 1000, 0.0013150519351655676, 0
5, 10, 17, 301, 204, 1005, 0.0003287629837913919, 0
5, 10, 17, 301, 204, 204, 0, 0.21261627439939842
5, 10, 18, 301, 204, 1000, 0.0013049627860519442, 0
5, 10, 18, 301, 204, 1005, 0.00032624069651298606, 0
5, 10, 18, 301, 204, 204, 0, 0.2109850709168335
5, 10, 19, 301, 204, 1000, 0.0012949510414324906, 0
5, 10, 19, 301, 204, 1005, 0.00032373776035812265, 0
5, 10, 19, 301, 204, 204, 0, 0.20936638211504288
5, 10, 10, 301, 205, 1000, 0.0001331354088600051, 0
5, 10, 10, 301, 205, 1005, 3.328385221500127E-05, 0
5, 10, 10, 301, 205, 205, 0, 0.017923836738924993
5, 10, 11, 301, 205, 1000, 0.0001319106447458085, 0
5, 10, 11, 301, 205, 1005, 3.2977661186452126E-05, 0
5, 10, 11, 301, 205, 205, 0, 0.017758948432992732
5, 10, 12, 301, 205, 1000, 0.0001306971477103597, 0
5, 10, 12, 301, 205, 1005, 3.267428692758992E-05, 0
5, 10, 12, 301, 205, 205, 0, 0.017595576998354782
5, 10, 13, 301, 205, 1000, 0.00012949481410344245, 0
5, 10, 13, 301, 205, 1005, 3.237370352586061E-05, 0
5, 10, 13, 301, 205, 205, 0, 0.01743370848072548
5, 10, 14, 301, 205, 1000, 0.00012830354122835564, 0
5, 10, 14, 301, 205, 1005, 3.207588530708891E-05, 0
5, 10, 14, 301, 205, 205, 0, 0.017273329054190035
5, 10, 15, 301, 205, 1000, 0.0001271232273331563, 0
5, 10, 15, 301, 205, 1005, 3.1780806833289074E-05, 0
5, 10, 15, 301, 205, 205, 0, 0.01711442502002359
5, 10, 16, 301, 205, 1000, 0.00012595377160194433, 0
5, 10, 16, 301, 205, 1005, 3.148844290048608E-05, 0
5, 10, 16, 301, 205, 205, 0, 0.01695698280552116
5, 10, 17, 301, 205, 1000, 0.00012479507414627777, 0
5, 10, 17, 301, 205, 1005, 3.119876853656944E-05, 0
5, 10, 17, 301, 205, 205, 0, 0.016800988962838312
5, 10, 18, 301, 205, 1000, 0.0001236470359966102, 0
5, 10, 18, 301, 205, 1005, 3.091175899915255E-05, 0
5, 10, 18, 301, 205, 205, 0, 0.01664643016784255
5, 10, 19, 301, 205, 1000, 0.00012250955909386962, 0
5, 10, 19, 301, 205, 1005, 3.0627389773467405E-05, 0
5, 10, 19, 301, 205, 205, 0, 0.016493293218975212
5, 10, 10, 301, 206, 1000, 0.0016349394805465073, 0
5, 10, 10, 301, 206, 206, 0, 0.0888163405194535
5, 10, 11, 301, 206, 1000, 0.0016053873602774466, 0
5, 10, 11, 301, 206, 206, 0, 0.08721095315917606
5, 10, 12, 301, 206, 1000, 0.0015763694052315091, 0
5, 10, 12, 301, 206, 206, 0, 0.08563458375394455
5, 10, 13, 301, 206, 1000, 0.0015478759601797731, 0
5, 10, 13, 301, 206, 206, 0, 0.08408670779376477
5, 10, 14, 301, 206, 1000, 0.0015198975444151164, 0
5, 10, 14, 301, 206, 206, 0, 0.08256681024934966
5, 10, 15, 301, 206, 1000, 0.0014924248485975317, 0
5, 10, 15, 301, 206, 206, 0, 0.08107438540075212
5, 10, 16, 301, 206, 1000, 0.001465448731656785, 0
5, 10, 16, 301, 206, 206, 0, 0.07960893666909534
5, 10, 17, 301, 206, 1000, 0.0014389602177507094, 0
5, 10, 17, 301, 206, 206, 0, 0.07816997645134463
5, 10, 18, 301, 206, 1000, 0.0014129504932787473, 0
5, 10, 18, 301, 206, 206, 0, 0.07675702595806588
5, 10, 19, 301, 206, 1000, 0.0013874109039493376, 0
5, 10, 19, 301, 206, 206, 0, 0.07536961505411655
5, 10, 10, 301, 207, 1000, 0.005164775225907164, 0
5, 10, 10, 301, 207, 207, 0, 0.22096342477409284
5, 10, 11, 301, 207, 1000, 0.005046811596717382, 0
5, 10, 11, 301, 207, 207, 0, 0.21591661317737545
5, 10, 12, 301, 207, 1000, 0.00493154226054196, 0
5, 10, 12, 301, 207, 207, 0, 0.2109850709168335
5, 10, 13, 301, 207, 1000, 0.004818905679643326, 0
5, 10, 13, 301, 207, 207, 0, 0.20616616523719017
5, 10, 14, 301, 207, 1000, 0.00470884172180791, 0
5, 10, 14, 301, 207, 207, 0, 0.20145732351538226
5, 10, 15, 301, 207, 1000, 0.004601291628243631, 0
5, 10, 15, 301, 207, 207, 0, 0.19685603188713863
5, 10, 16, 301, 207, 1000, 0.004496197982211347, 0
5, 10, 16, 301, 207, 207, 0, 0.19235983390492728
5, 10, 17, 301, 207, 1000, 0.00439350467837174, 0
5, 10, 17, 301, 207, 207, 0, 0.18796632922655554
5, 10, 18, 301, 207, 1000, 0.0042931568928334385, 0
5, 10, 18, 301, 207, 207, 0, 0.1836731723337221
5, 10, 19, 301, 207, 1000, 0.004195101053884376, 0
5, 10, 19, 301, 207, 207, 0, 0.17947807127983773
5, 10, 10, 301, 208, 1000, 0.0005325416354400204, 0
5, 10, 10, 301, 208, 1005, 0.0001331354088600051, 0
5, 10, 10, 301, 208, 208, 0, 0.07169534695569997
5, 10, 11, 301, 208, 1000, 0.000527642578983234, 0
5, 10, 11, 301, 208, 1005, 0.0001319106447458085, 0
5, 10, 11, 301, 208, 208, 0, 0.07103579373197093
5, 10, 12, 301, 208, 1000, 0.0005227885908414388, 0
5, 10, 12, 301, 208, 1005, 0.0001306971477103597, 0
5, 10, 12, 301, 208, 208, 0, 0.07038230799341913
5, 10, 13, 301, 208, 1000, 0.0005179792564137698, 0
5, 10, 13, 301, 208, 1005, 0.00012949481410344245, 0
5, 10, 13, 301, 208, 208, 0, 0.06973483392290192
5, 10, 14, 301, 208, 1000, 0.0005132141649134226, 0
5, 10, 14, 301, 208, 1005, 0.00012830354122835564, 0
5, 10, 14, 301, 208, 208, 0, 0.06909331621676014
5, 10, 15, 301, 208, 1000, 0.0005084929093326252, 0
5, 10, 15, 301, 208, 1005, 0.0001271232273331563, 0
5, 10, 15, 301, 208, 208, 0, 0.06845770008009436
5, 10, 16, 301, 208, 1000, 0.0005038150864077773, 0
5, 10, 16, 301, 208, 1005, 0.00012595377160194433, 0
5, 10, 16, 301, 208, 208, 0, 0.06782793122208464
5, 10, 17, 301, 208, 1000, 0.0004991802965851111, 0
5, 10, 17, 301, 208, 1005, 0.00012479507414627777, 0
5, 10, 17, 301, 208, 208, 0, 0.06720395585135325
5, 10, 18, 301, 208, 1000, 0.0004945881439864408, 0
5, 10, 18, 301, 208, 1005, 0.0001236470359966102, 0
5, 10, 18, 301, 208, 208, 0, 0.0665857206713702
5, 10, 19, 301, 208, 1000, 0.0004900382363754785, 0
5, 10, 19, 301, 208, 1005, 0.00012250955909386962, 0
5, 10, 19, 301, 208, 208, 0, 0.06597317287590085
5, 10, 10, 301, 209, 1000, 0.1126317405091421, 0
5, 10, 10, 301, 209, 209, 0, 0.27191707549085803
5, 10, 11, 301, 209, 1000, 0.07964266749085797, 0
5, 10, 11, 301, 209, 209, 0, 0.19227440800000006
5, 10, 12, 301, 209, 1000, 0.05631587025457105, 0
5, 10, 12, 301, 209, 209, 0, 0.13595853774542901
5, 10, 13, 301, 209, 1000, 0.03982133374542898, 0
5, 10, 13, 301, 209, 209, 0, 0.09613720400000003
5, 10, 14, 301, 209, 1000, 0.028157935127285524, 0
5, 10, 14, 301, 209, 209, 0, 0.06797926887271451
5, 10, 15, 301, 209, 1000, 0.01991066687271449, 0
5, 10, 15, 301, 209, 209, 0, 0.048068602000000016
5, 10, 16, 301, 209, 1000, 0.014078967563642762, 0
5, 10, 16, 301, 209, 209, 0, 0.033989634436357254
5, 10, 17, 301, 209, 1000, 0.009955333436357246, 0
5, 10, 17, 301, 209, 209, 0, 0.024034301000000008
5, 10, 18, 301, 209, 1000, 0.007039483781821381, 0
5, 10, 18, 301, 209, 209, 0, 0.016994817218178627
5, 10, 19, 301, 209, 1000, 0.004977666718178623, 0
5, 10, 19, 301, 209, 209, 0, 0.012017150500000004
5, 10, 10, 301, 210, 1000, 0.0022889152727651046, 0
5, 10, 10, 301, 210, 210, 0, 0.12434287672723492
5, 10, 11, 301, 210, 1000, 0.0022475423043884363, 0
5, 10, 11, 301, 210, 210, 0, 0.12209533442284648
5, 10, 12, 301, 210, 1000, 0.0022069171673241017, 0
5, 10, 12, 301, 210, 210, 0, 0.11988841725552238
5, 10, 13, 301, 210, 1000, 0.002167026344251685, 0
5, 10, 13, 301, 210, 210, 0, 0.11772139091127069
5, 10, 14, 301, 210, 1000, 0.00212785656218116, 0
5, 10, 14, 301, 210, 210, 0, 0.11559353434908953
5, 10, 15, 301, 210, 1000, 0.002089394788036561, 0
5, 10, 15, 301, 210, 210, 0, 0.11350413956105297
5, 10, 16, 301, 210, 1000, 0.0020516282243194794, 0
5, 10, 16, 301, 210, 210, 0, 0.11145251133673349
5, 10, 17, 301, 210, 1000, 0.0020145443048509987, 0
5, 10, 17, 301, 210, 210, 0, 0.1094379670318825
5, 10, 18, 301, 210, 1000, 0.0019781306905902463, 0
5, 10, 18, 301, 210, 210, 0, 0.10745983634129225
5, 10, 19, 301, 210, 1000, 0.0019423752655290671, 0
5, 10, 19, 301, 210, 210, 0, 0.10551746107576318
5, 10, 10, 300, 200, 1004, 0.060301368452446505, 0
5, 10, 10, 300, 200, 1005, 0.0201004561508155, 0
5, 10, 10, 300, 200, 200, 0, 0.194107175396738
5, 10, 11, 300, 200, 1004, 0.042639506547553496, 0
5, 10, 11, 300, 200, 1005, 0.014213168849184499, 0
5, 10, 11, 300, 200, 200, 0, 0.1372545
5, 10, 12, 300, 200, 1004, 0.030150684226223252, 0
5, 10, 12, 300, 200, 1005, 0.01005022807540775, 0
5, 10, 12, 300, 200, 200, 0, 0.097053587698369
5, 10, 13, 300, 200, 1004, 0.021319753273776748, 0
5, 10, 13, 300, 200, 1005, 0.007106584424592249, 0
5, 10, 13, 300, 200, 200, 0, 0.06862725
5, 10, 14, 300, 200, 1004, 0.015075342113111626, 0
5, 10, 14, 300, 200, 1005, 0.005025114037703875, 0
5, 10, 14, 300, 200, 200, 0, 0.0485267938491845
5, 10, 15, 300, 200, 1004, 0.010659876636888374, 0
5, 10, 15, 300, 200, 1005, 0.0035532922122961247, 0
5, 10, 15, 300, 200, 200, 0, 0.034313625
5, 10, 16, 300, 200, 1004, 0.007537671056555813, 0
5, 10, 16, 300, 200, 1005, 0.0025125570188519377, 0
5, 10, 16, 300, 200, 200, 0, 0.02426339692459225
5, 10, 17, 300, 200, 1004, 0.005329938318444187, 0
5, 10, 17, 300, 200, 1005, 0.0017766461061480623, 0
5, 10, 17, 300, 200, 200, 0, 0.0171568125
5, 10, 18, 300, 200, 1004, 0.0037688355282779066, 0
5, 10, 18, 300, 200, 1005, 0.0012562785094259689, 0
5, 10, 18, 300, 200, 200, 0, 0.012131698462296125
5, 10, 19, 300, 200, 1004, 0.0026649691592220935, 0
5, 10, 19, 300, 200, 1005, 0.0008883230530740312, 0
5, 10, 19, 300, 200, 200, 0, 0.00857840625
5, 10, 10, 300, 202, 1004, 0.1447232842858716, 0
5, 10, 10, 300, 202, 202, 0, 0.3493929157141284
5, 10, 11, 300, 202, 1004, 0.10233481571412839, 0
5, 10, 11, 300, 202, 202, 0, 0.2470581
5, 10, 12, 300, 202, 1004, 0.0723616421429358, 0
5, 10, 12, 300, 202, 202, 0, 0.1746964578570642
5, 10, 13, 300, 202, 1004, 0.051167407857064195, 0
5, 10, 13, 300, 202, 202, 0, 0.12352905
5, 10, 14, 300, 202, 1004, 0.0361808210714679, 0
5, 10, 14, 300, 202, 202, 0, 0.0873482289285321
5, 10, 15, 300, 202, 1004, 0.025583703928532098, 0
5, 10, 15, 300, 202, 202, 0, 0.061764525
5, 10, 16, 300, 202, 1004, 0.01809041053573395, 0
5, 10, 16, 300, 202, 202, 0, 0.04367411446426605
5, 10, 17, 300, 202, 1004, 0.012791851964266049, 0
5, 10, 17, 300, 202, 202, 0, 0.0308822625
5, 10, 18, 300, 202, 1004, 0.009045205267866976, 0
5, 10, 18, 300, 202, 202, 0, 0.021837057232133025
5, 10, 19, 300, 202, 1004, 0.0063959259821330244, 0
5, 10, 19, 300, 202, 202, 0, 0.01544113125
5, 10, 10, 301, 400, 1004, 0.10854246321440371, 0
5, 10, 10, 301, 400, 1005, 0.0361808210714679, 0
5, 10, 10, 301, 400, 400, 0, 0.3493929157141284
5, 10, 11, 301, 400, 1004, 0.0767511117855963, 0
5, 10, 11, 301, 400, 1005, 0.025583703928532098, 0
5, 10, 11, 301, 400, 400, 0, 0.2470581
5, 10, 12, 301, 400, 1004, 0.054271231607201854, 0
5, 10, 12, 301, 400, 1005, 0.01809041053573395, 0
5, 10, 12, 301, 400, 400, 0, 0.1746964578570642
5, 10, 13, 301, 400, 1004, 0.03837555589279815, 0
5, 10, 13, 301, 400, 1005, 0.012791851964266049, 0
5, 10, 13, 301, 400, 400, 0, 0.12352905
5, 10, 14, 301, 400, 1004, 0.027135615803600927, 0
5, 10, 14, 301, 400, 1005, 0.009045205267866976, 0
5, 10, 14, 301, 400, 400, 0, 0.0873482289285321
5, 10, 15, 301, 400, 1004, 0.019187777946399073, 0
5, 10, 15, 301, 400, 1005, 0.0063959259821330244, 0
5, 10, 15, 301, 400, 400, 0, 0.061764525
5, 10, 16, 301, 400, 1004, 0.013567807901800464, 0
5, 10, 16, 301, 400, 1005, 0.004522602633933488, 0
5, 10, 16, 301, 400, 400, 0, 0.04367411446426605
5, 10, 17, 301, 400, 1004, 0.009593888973199537, 0
5, 10, 17, 301, 400, 1005, 0.0031979629910665122, 0
5, 10, 17, 301, 400, 400, 0, 0.0308822625
5, 10, 18, 301, 400, 1004, 0.006783903950900232, 0
5, 10, 18, 301, 400, 1005, 0.002261301316966744, 0
5, 10, 18, 301, 400, 400, 0, 0.021837057232133025
5, 10, 19, 301, 400, 1004, 0.004796944486599768, 0
5, 10, 19, 301, 400, 1005, 0.0015989814955332561, 0
5, 10, 19, 301, 400, 400, 0, 0.01544113125
3, 1, 1, 0, 1002, 2006, 311.4850565717143, 0 
3, 1, 1, 0, 1002, 2007, 0.00046722828570000004, 0 
3, 2, 2, 0, 1002, 2006, 58.54609456072645, 0 
3, 2, 2, 0, 1002, 2007, 8.781927357000003E-05, 0 
3, 3, 3, 0, 1002, 2006, 103.90258679588602, 0 
3, 3, 3, 0, 1002, 2007, 0.00015585411397499999, 0 
3, 5, 5, 0, 1002, 2006, 126.66812539752691, 0 
3, 5, 5, 0, 1002, 2007, 0.00019000247310000003, 0 
3, 6, 6, 0, 1002, 2006, 5.763813074267421, 0 
3, 6, 6, 0, 1002, 2007, 8.645732580000002E-06, 0 
3, 7, 7, 0, 1002, 2006, 0.7617655773499199, 0 
3, 7, 7, 0, 1002, 2007, 1.1426500799999998E-06, 0 
3, 9, 9, 0, 1002, 2006, 138.53199973168873, 0 
3, 9, 9, 0, 1002, 2007, 0.00020779831129500004, 0 
3, 10, 10, 0, 1002, 2006, 10.83985946018642, 0 
3, 10, 10, 0, 1002, 2007, 1.625981358E-05, 0 
3, 4, 4, 0, 1002, 2006, 4.98997821502145, 0 
3, 4, 4, 0, 1002, 2007, 7.484978550000001E-06, 0 
3, 8, 8, 0, 1002, 2006, 0.15425626861525002, 0 
3, 8, 8, 0, 1002, 2007, 2.3138475000000002E-07, 0 
1, 1, 1, 0, 1000, 1009, 7.500655806055697, 0 
4, 1, 1, 0, 1009, 1009, 0, 7.32350347745408 
4, 1, 1, 0, 1000, 1000, 0, 25.110891176795157 
1, 1, 1, 0, 1009, 2006, 0.11414278836459359, 0 
1, 1, 1, 0, 1009, 2008, 0, 0 
1, 1, 1, 0, 1009, 2007, 0.06300954023702297, 0 
4, 1, 2, 0, 1009, 1009, 0, 7.150535176001615 
4, 1, 2, 0, 1000, 1000, 0, 25.110891176795157 
1, 1, 2, 0, 1009, 2006, 0.11144693599185268, 0 
1, 1, 2, 0, 1009, 2008, 0, 0 
1, 1, 2, 0, 1009, 2007, 0.06152136546061299, 0 
4, 1, 3, 0, 1009, 1009, 0, 6.981652082318825 
4, 1, 3, 0, 1000, 1000, 0, 25.110891176795157 
1, 1, 3, 0, 1009, 2006, 0.10881475492169503, 0 
1, 1, 3, 0, 1009, 2008, 0, 0 
1, 1, 3, 0, 1009, 2007, 0.06006833876109462, 0 
4, 1, 4, 0, 1009, 1009, 0, 6.8167577109665825 
4, 1, 4, 0, 1000, 1000, 0, 25.110891176795157 
1, 1, 4, 0, 1009, 2006, 0.10624474134967696, 0 
1, 1, 4, 0, 1009, 2008, 0, 0 
1, 1, 4, 0, 1009, 2007, 0.05864963000256565, 0 
4, 1, 5, 0, 1009, 1009, 0, 6.655757855322522 
4, 1, 5, 0, 1000, 1000, 0, 25.110891176795157 
1, 1, 5, 0, 1009, 2006, 0.10373542698858128, 0 
1, 1, 5, 0, 1009, 2008, 0, 0 
1, 1, 5, 0, 1009, 2007, 0.05726442865547955, 0 
4, 1, 6, 0, 1009, 1009, 0, 6.498560533759392 
4, 1, 6, 0, 1000, 1000, 0, 25.110891176795157 
1, 1, 6, 0, 1009, 2006, 0.10128537822955588, 0 
1, 1, 6, 0, 1009, 2008, 0, 0 
1, 1, 6, 0, 1009, 2007, 0.055911943333574056, 0 
4, 1, 7, 0, 1009, 1009, 0, 6.345075937094579 
4, 1, 7, 0, 1000, 1000, 0, 25.110891176795157 
1, 1, 7, 0, 1009, 2006, 0.09889319532307192, 0 
1, 1, 7, 0, 1009, 2008, 0, 0 
1, 1, 7, 0, 1009, 2007, 0.054591401341740474, 0 
4, 1, 8, 0, 1009, 1009, 0, 6.195216377280771 
4, 1, 8, 0, 1000, 1000, 0, 25.110891176795157 
1, 1, 8, 0, 1009, 2006, 0.09655751157923273, 0 
1, 1, 8, 0, 1009, 2008, 0, 0 
1, 1, 8, 0, 1009, 2007, 0.05330204823457521, 0 
4, 1, 9, 0, 1009, 1009, 0, 6.048896237308465 
4, 1, 9, 0, 1000, 1000, 0, 25.110891176795157 
1, 1, 9, 0, 1009, 2006, 0.09427699258695618, 0 
1, 1, 9, 0, 1009, 2008, 0, 0 
1, 1, 9, 0, 1009, 2007, 0.05204314738534979, 0 
4, 1, 10, 0, 1009, 1009, 0, 5.906031922291689 
4, 1, 10, 0, 1000, 1000, 0, 25.110891176795157 
1, 1, 10, 0, 1009, 2006, 0.09205033545160946, 0 
1, 1, 10, 0, 1009, 2008, 0, 0 
1, 1, 10, 0, 1009, 2007, 0.05081397956516708, 0 
4, 1, 11, 0, 1009, 1009, 0, 5.766541811708993 
4, 1, 11, 0, 1000, 1000, 0, 25.110891176795157 
1, 1, 11, 0, 1009, 2006, 0.08987626805064283, 0 
1, 1, 11, 0, 1009, 2008, 0, 0 
1, 1, 11, 0, 1009, 2007, 0.04961384253205339, 0 
4, 1, 12, 0, 1009, 1009, 0, 5.63034621277242 
4, 1, 12, 0, 1000, 1000, 0, 25.110891176795157 
1, 1, 12, 0, 1009, 2006, 0.08775354830681219, 0 
1, 1, 12, 0, 1009, 2008, 0, 0 
1, 1, 12, 0, 1009, 2007, 0.048442050629759995, 0 
4, 1, 13, 0, 1009, 1009, 0, 5.49736731489783 
4, 1, 13, 0, 1000, 1000, 0, 25.110891176795157 
1, 1, 13, 0, 1009, 2006, 0.085680963478556, 0 
1, 1, 13, 0, 1009, 2008, 0, 0 
1, 1, 13, 0, 1009, 2007, 0.04729793439603427, 0 
4, 1, 14, 0, 1009, 1009, 0, 5.367529145250543 
4, 1, 14, 0, 1000, 1000, 0, 25.110891176795157 
1, 1, 14, 0, 1009, 2006, 0.08365732946713982, 0 
1, 1, 14, 0, 1009, 2008, 0, 0 
1, 1, 14, 0, 1009, 2007, 0.04618084018014697, 0 
4, 1, 15, 0, 1009, 1009, 0, 5.240757525340923 
4, 1, 15, 0, 1000, 1000, 0, 25.110891176795157 
1, 1, 15, 0, 1009, 2006, 0.08168149014016654, 0 
1, 1, 15, 0, 1009, 2008, 0, 0 
1, 1, 15, 0, 1009, 2007, 0.045090129769453736, 0 
4, 1, 16, 0, 1009, 1009, 0, 5.116980028645097 
4, 1, 16, 0, 1000, 1000, 0, 25.110891176795157 
1, 1, 16, 0, 1009, 2006, 0.07975231667105478, 0 
1, 1, 16, 0, 1009, 2008, 0, 0 
1, 1, 16, 0, 1009, 2007, 0.04402518002477149, 0 
4, 1, 17, 0, 1009, 1009, 0, 4.996125939226597 
4, 1, 17, 0, 1000, 1000, 0, 25.110891176795157 
1, 1, 17, 0, 1009, 2006, 0.07786870689412775, 0 
1, 1, 17, 0, 1009, 2008, 0, 0 
1, 1, 17, 0, 1009, 2007, 0.042985382524371986, 0 
4, 1, 18, 0, 1009, 1009, 0, 4.878126211335289 
4, 1, 18, 0, 1000, 1000, 0, 25.110891176795157 
1, 1, 18, 0, 1009, 2006, 0.07602958467492776, 0 
1, 1, 18, 0, 1009, 2008, 0, 0 
1, 1, 18, 0, 1009, 2007, 0.04197014321638054, 0 
4, 1, 19, 0, 1009, 1009, 0, 4.7629134299605 
4, 1, 19, 0, 1000, 1000, 0, 25.110891176795157 
1, 1, 19, 0, 1009, 2006, 0.07423389929540375, 0 
1, 1, 19, 0, 1009, 2008, 0, 0 
1, 1, 19, 0, 1009, 2007, 0.04097888207938478, 0 
1, 1, 20, 0, 1009, 1009, 0, 4.7629134299605 
4, 1, 1, 0, 1001, 1001, 0, 23.84265517240509 
2, 1, 1, 0, 1001, 2006, 1.055604527594916, 0 
4, 1, 2, 0, 1001, 1001, 0, 22.831804813659932 
2, 1, 2, 0, 1001, 2006, 1.0108503587451594, 0 
4, 1, 3, 0, 1001, 1001, 0, 21.863811193830237 
2, 1, 3, 0, 1001, 2006, 0.967993619829695, 0 
4, 1, 4, 0, 1001, 1001, 0, 20.936857327786033 
2, 1, 4, 0, 1001, 2006, 0.9269538660442045, 0 
4, 1, 5, 0, 1001, 1001, 0, 20.049203264605875 
2, 1, 5, 0, 1001, 2006, 0.8876540631801575, 0 
4, 1, 6, 0, 1001, 1001, 0, 19.19918282157914 
2, 1, 6, 0, 1001, 2006, 0.850020443026736, 0 
4, 1, 7, 0, 1001, 1001, 0, 18.385200456675882 
2, 1, 7, 0, 1001, 2006, 0.8139823649032571, 0 
4, 1, 8, 0, 1001, 1001, 0, 17.605728273613742 
2, 1, 8, 0, 1001, 2006, 0.7794721830621398, 0 
4, 1, 9, 0, 1001, 1001, 0, 16.85930315390015 
2, 1, 9, 0, 1001, 2006, 0.7464251197135923, 0 
4, 1, 10, 0, 1001, 1001, 0, 16.144524010466597 
2, 1, 10, 0, 1001, 2006, 0.7147791434335531, 0 
4, 1, 11, 0, 1001, 1001, 0, 15.460049157739705 
2, 1, 11, 0, 1001, 2006, 0.6844748527268916, 0 
4, 1, 12, 0, 1001, 1001, 0, 14.804593793212762 
2, 1, 12, 0, 1001, 2006, 0.6554553645269436, 0 
4, 1, 13, 0, 1001, 1001, 0, 14.176927585790281 
2, 1, 13, 0, 1001, 2006, 0.6276662074224806, 0 
4, 1, 14, 0, 1001, 1001, 0, 13.575872366378883 
2, 1, 14, 0, 1001, 2006, 0.6010552194113981, 0 
4, 1, 15, 0, 1001, 1001, 0, 13.000299916389526 
2, 1, 15, 0, 1001, 2006, 0.5755724499893571, 0 
4, 1, 16, 0, 1001, 1001, 0, 12.449129850000004 
2, 1, 16, 0, 1001, 2006, 0.5511700663895223, 0 
4, 1, 17, 0, 1001, 1001, 0, 11.921327586202546 
2, 1, 17, 0, 1001, 2006, 0.527802263797458, 0 
4, 1, 18, 0, 1001, 1001, 0, 11.415902406829966 
2, 1, 18, 0, 1001, 2006, 0.5054251793725797, 0 
4, 1, 19, 0, 1001, 1001, 0, 10.931905596915119 
2, 1, 19, 0, 1001, 2006, 0.4839968099148475, 0 
2, 1, 20, 0, 1001, 1001, 0, 10.931905596915119  
1, 2, 2, 0, 1000, 1009, 3.4933228864266845, 0 
4, 2, 2, 0, 1009, 1009, 0, 3.41081672964661 
4, 2, 2, 0, 1000, 1000, 0, 11.695037489341509 
1, 2, 2, 0, 1009, 2006, 0.05316036693653771, 0 
1, 2, 2, 0, 1009, 2008, 0, 0 
1, 2, 2, 0, 1009, 2007, 0.02934578984353696, 0 
4, 2, 3, 0, 1009, 1009, 0, 3.330259223514624 
4, 2, 3, 0, 1000, 1000, 0, 11.695037489341509 
1, 2, 3, 0, 1009, 2006, 0.05190481235096113, 0 
1, 2, 3, 0, 1009, 2008, 0, 0 
1, 2, 3, 0, 1009, 2007, 0.028652693781024734, 0 
4, 2, 4, 0, 1009, 1009, 0, 3.2516043443217515 
4, 2, 4, 0, 1000, 1000, 0, 11.695037489341509 
1, 2, 4, 0, 1009, 2006, 0.050678911761551614, 0 
1, 2, 4, 0, 1009, 2008, 0, 0 
1, 2, 4, 0, 1009, 2007, 0.027975967431320893, 0 
4, 2, 5, 0, 1009, 1009, 0, 3.174807155358265 
4, 2, 5, 0, 1000, 1000, 0, 11.695037489341509 
1, 2, 5, 0, 1009, 2006, 0.04948196479295371, 0 
1, 2, 5, 0, 1009, 2008, 0, 0 
1, 2, 5, 0, 1009, 2007, 0.027315224170532927, 0 
4, 2, 6, 0, 1009, 1009, 0, 3.0998237812406693 
4, 2, 6, 0, 1000, 1000, 0, 11.695037489341509 
1, 2, 6, 0, 1009, 2006, 0.04831328761144919, 0 
1, 2, 6, 0, 1009, 2008, 0, 0 
1, 2, 6, 0, 1009, 2007, 0.026670086506146398, 0 
4, 2, 7, 0, 1009, 1009, 0, 3.026611382845038 
4, 2, 7, 0, 1000, 1000, 0, 11.695037489341509 
1, 2, 7, 0, 1009, 2006, 0.04717221253427324, 0 
1, 2, 7, 0, 1009, 2008, 0, 0 
1, 2, 7, 0, 1009, 2007, 0.026040185861358187, 0 
4, 2, 8, 0, 1009, 1009, 0, 2.955128132832382 
4, 2, 8, 0, 1000, 1000, 0, 11.695037489341509 
1, 2, 8, 0, 1009, 2006, 0.04605808764815429, 0 
1, 2, 8, 0, 1009, 2008, 0, 0 
1, 2, 8, 0, 1009, 2007, 0.02542516236450136, 0 
4, 2, 9, 0, 1009, 1009, 0, 2.8853331917520637 
4, 2, 9, 0, 1000, 1000, 0, 11.695037489341509 
1, 2, 9, 0, 1009, 2006, 0.0449702764368708, 0 
1, 2, 9, 0, 1009, 2008, 0, 0 
1, 2, 9, 0, 1009, 2007, 0.024824664643447673, 0 
4, 2, 10, 0, 1009, 1009, 0, 2.8171866847096076 
4, 2, 10, 0, 1000, 1000, 0, 11.695037489341509 
1, 2, 10, 0, 1009, 2006, 0.04390815741759529, 0 
1, 2, 10, 0, 1009, 2008, 0, 0 
1, 2, 10, 0, 1009, 2007, 0.024238349624860774, 0 
4, 2, 11, 0, 1009, 1009, 0, 2.7506496785855767 
4, 2, 11, 0, 1000, 1000, 0, 11.695037489341509 
1, 2, 11, 0, 1009, 2006, 0.042871123785835595, 0 
1, 2, 11, 0, 1009, 2008, 0, 0 
1, 2, 11, 0, 1009, 2007, 0.02366588233819531, 0 
4, 2, 12, 0, 1009, 1009, 0, 2.6856841597924985 
4, 2, 12, 0, 1000, 1000, 0, 11.695037489341509 
1, 2, 12, 0, 1009, 2006, 0.04185858306875616, 0 
1, 2, 12, 0, 1009, 2008, 0, 0 
1, 2, 12, 0, 1009, 2007, 0.02310693572432206, 0 
4, 2, 13, 0, 1009, 1009, 0, 2.622253012557133 
4, 2, 13, 0, 1000, 1000, 0, 11.695037489341509 
1, 2, 13, 0, 1009, 2006, 0.04086995678669082, 0 
1, 2, 13, 0, 1009, 2008, 0, 0 
1, 2, 13, 0, 1009, 2007, 0.02256119044867487, 0 
4, 2, 14, 0, 1009, 1009, 0, 2.560319997715677 
4, 2, 14, 0, 1000, 1000, 0, 11.695037489341509 
1, 2, 14, 0, 1009, 2006, 0.039904680122646835, 0 
1, 2, 14, 0, 1009, 2008, 0, 0 
1, 2, 14, 0, 1009, 2007, 0.02202833471880902, 0 
4, 2, 15, 0, 1009, 1009, 0, 2.4998497320097868 
4, 2, 15, 0, 1000, 1000, 0, 11.695037489341509 
1, 2, 15, 0, 1009, 2006, 0.038962201599619176, 0 
1, 2, 15, 0, 1009, 2008, 0, 0 
1, 2, 15, 0, 1009, 2007, 0.021508064106271027, 0 
4, 2, 16, 0, 1009, 1009, 0, 2.4408076678715918 
4, 2, 16, 0, 1000, 1000, 0, 11.695037489341509 
1, 2, 16, 0, 1009, 2006, 0.038041982765521815, 0 
1, 2, 16, 0, 1009, 2008, 0, 0 
1, 2, 16, 0, 1009, 2007, 0.0210000813726732, 0 
4, 2, 17, 0, 1009, 1009, 0, 2.383160073686156 
4, 2, 17, 0, 1000, 1000, 0, 11.695037489341509 
1, 2, 17, 0, 1009, 2006, 0.037143497885559956, 0 
1, 2, 17, 0, 1009, 2008, 0, 0 
1, 2, 17, 0, 1009, 2007, 0.020504096299875787, 0 
4, 2, 18, 0, 1009, 1009, 0, 2.326874014520096 
4, 2, 18, 0, 1000, 1000, 0, 11.695037489341509 
1, 2, 18, 0, 1009, 2006, 0.03626623364187585, 0 
1, 2, 18, 0, 1009, 2008, 0, 0 
1, 2, 18, 0, 1009, 2007, 0.02001982552418426, 0 
4, 2, 19, 0, 1009, 1009, 0, 2.2719173333053644 
4, 2, 19, 0, 1000, 1000, 0, 11.695037489341509 
1, 2, 19, 0, 1009, 2006, 0.035409688840275816, 0 
1, 2, 19, 0, 1009, 2008, 0, 0 
1, 2, 19, 0, 1009, 2007, 0.019546992374455705, 0 
1, 2, 20, 0, 1009, 1009, 0, 2.2719173333053644 
4, 2, 2, 0, 1001, 1001, 0, 4.297254527992446 
2, 2, 2, 0, 1001, 2006, 0.19025571200755653, 0 
4, 2, 3, 0, 1001, 1001, 0, 4.115065034002367 
2, 2, 3, 0, 1001, 2006, 0.18218949399007922, 0 
4, 2, 4, 0, 1001, 1001, 0, 3.940599776848654 
2, 2, 4, 0, 1001, 2006, 0.17446525715371264, 0 
4, 2, 5, 0, 1001, 1001, 0, 3.773531274230338 
2, 2, 5, 0, 1001, 2006, 0.16706850261831585, 0 
4, 2, 6, 0, 1001, 1001, 0, 3.6135459280216407 
2, 2, 6, 0, 1001, 2006, 0.15998534620869753, 0 
4, 2, 7, 0, 1001, 1001, 0, 3.460343435628495 
2, 2, 7, 0, 1001, 2006, 0.15320249239314565, 0 
4, 2, 8, 0, 1001, 1001, 0, 3.313636226301621 
2, 2, 8, 0, 1001, 2006, 0.1467072093268742, 0 
4, 2, 9, 0, 1001, 1001, 0, 3.1731489213480732 
2, 2, 9, 0, 1001, 2006, 0.14048730495354755, 0 
4, 2, 10, 0, 1001, 1001, 0, 3.038617817228055 
2, 2, 10, 0, 1001, 2006, 0.13453110412001834, 0 
4, 2, 11, 0, 1001, 1001, 0, 2.9097903905667244 
2, 2, 11, 0, 1001, 2006, 0.1288274266613305, 0 
4, 2, 12, 0, 1001, 1001, 0, 2.786424824151879 
2, 2, 12, 0, 1001, 2006, 0.12336556641484542, 0 
4, 2, 13, 0, 1001, 1001, 0, 2.6682895530277855 
2, 2, 13, 0, 1001, 2006, 0.1181352711240935, 0 
4, 2, 14, 0, 1001, 1001, 0, 2.555162829833138 
2, 2, 14, 0, 1001, 2006, 0.11312672319464756, 0 
4, 2, 15, 0, 1001, 1001, 0, 2.4468323085672643 
2, 2, 15, 0, 1001, 2006, 0.10833052126587361, 0 
4, 2, 16, 0, 1001, 1001, 0, 2.343094646003277 
2, 2, 16, 0, 1001, 2006, 0.10373766256398742, 0 
4, 2, 17, 0, 1001, 1001, 0, 2.243755120000001 
2, 2, 17, 0, 1001, 2006, 0.09933952600327567, 0 
4, 2, 18, 0, 1001, 1001, 0, 2.148627263996223 
2, 2, 18, 0, 1001, 2006, 0.09512785600377827, 0 
4, 2, 19, 0, 1001, 1001, 0, 2.0575325170011833 
2, 2, 19, 0, 1001, 2006, 0.09109474699503961, 0 
2, 2, 20, 0, 1001, 1001, 0, 2.0575325170011833  
1, 3, 3, 0, 1000, 1009, 3.9414033449809605, 0 
4, 3, 3, 0, 1009, 1009, 0, 3.8483143140247793 
4, 3, 3, 0, 1000, 1000, 0, 13.195132937544953 
1, 3, 3, 0, 1009, 2006, 0.05997912442568664, 0 
1, 3, 3, 0, 1009, 2008, 0, 0 
1, 3, 3, 0, 1009, 2007, 0.03310990653049451, 0 
4, 3, 4, 0, 1009, 1009, 0, 3.757423882634764 
4, 3, 4, 0, 1000, 1000, 0, 13.195132937544953 
1, 3, 4, 0, 1009, 2006, 0.05856252275321458, 0 
1, 3, 4, 0, 1009, 2008, 0, 0 
1, 3, 4, 0, 1009, 2007, 0.0323279086368006, 0 
4, 3, 5, 0, 1009, 1009, 0, 3.668680123747085 
4, 3, 5, 0, 1000, 1000, 0, 13.195132937544953 
1, 3, 5, 0, 1009, 2006, 0.05717937872650929, 0 
1, 3, 5, 0, 1009, 2008, 0, 0 
1, 3, 5, 0, 1009, 2007, 0.03156438016116964, 0 
4, 3, 6, 0, 1009, 1009, 0, 3.5820323367240423 
4, 3, 6, 0, 1000, 1000, 0, 13.195132937544953 
1, 3, 6, 0, 1009, 2006, 0.055828902134686983, 0 
1, 3, 6, 0, 1009, 2008, 0, 0 
1, 3, 6, 0, 1009, 2007, 0.03081888488835589, 0 
4, 3, 7, 0, 1009, 1009, 0, 3.497431018388033 
4, 3, 7, 0, 1000, 1000, 0, 13.195132937544953 
1, 3, 7, 0, 1009, 2006, 0.05451032143025748, 0 
1, 3, 7, 0, 1009, 2008, 0, 0 
1, 3, 7, 0, 1009, 2007, 0.03009099690575177, 0 
4, 3, 8, 0, 1009, 1009, 0, 3.4148278347396452 
4, 3, 8, 0, 1000, 1000, 0, 13.195132937544953 
1, 3, 8, 0, 1009, 2006, 0.053222883288329234, 0 
1, 3, 8, 0, 1009, 2008, 0, 0 
1, 3, 8, 0, 1009, 2007, 0.029380300360058575, 0 
4, 3, 9, 0, 1009, 1009, 0, 3.334175593343721 
4, 3, 9, 0, 1000, 1000, 0, 13.195132937544953 
1, 3, 9, 0, 1009, 2006, 0.05196585217622195, 0 
1, 3, 9, 0, 1009, 2008, 0, 0 
1, 3, 9, 0, 1009, 2007, 0.028686389219702357, 0 
4, 3, 10, 0, 1009, 1009, 0, 3.2554282163676107 
4, 3, 10, 0, 1000, 1000, 0, 13.195132937544953 
1, 3, 10, 0, 1009, 2006, 0.05073850993324734, 0 
1, 3, 10, 0, 1009, 2008, 0, 0 
1, 3, 10, 0, 1009, 2007, 0.028008867042862887, 0 
4, 3, 11, 0, 1009, 1009, 0, 3.178540714256219 
4, 3, 11, 0, 1000, 1000, 0, 13.195132937544953 
1, 3, 11, 0, 1009, 2006, 0.04954015536041192, 0 
1, 3, 11, 0, 1009, 2008, 0, 0 
1, 3, 11, 0, 1009, 2007, 0.027347346750979808, 0 
4, 3, 12, 0, 1009, 1009, 0, 3.1034691600287974 
4, 3, 12, 0, 1000, 1000, 0, 13.195132937544953 
1, 3, 12, 0, 1009, 2006, 0.0483701038198123, 0 
1, 3, 12, 0, 1009, 2008, 0, 0 
1, 3, 12, 0, 1009, 2007, 0.026701450407609323, 0 
4, 3, 13, 0, 1009, 1009, 0, 3.030170664182803 
4, 3, 13, 0, 1000, 1000, 0, 13.195132937544953 
1, 3, 13, 0, 1009, 2006, 0.04722768684349108, 0 
1, 3, 13, 0, 1009, 2008, 0, 0 
1, 3, 13, 0, 1009, 2007, 0.02607080900250327, 0 
4, 3, 14, 0, 1009, 1009, 0, 2.958603350190485 
4, 3, 14, 0, 1000, 1000, 0, 13.195132937544953 
1, 3, 14, 0, 1009, 2006, 0.04611225175153024, 0 
1, 3, 14, 0, 1009, 2008, 0, 0 
1, 3, 14, 0, 1009, 2007, 0.02545506224078762, 0 
4, 3, 15, 0, 1009, 1009, 0, 2.8887263305741957 
4, 3, 15, 0, 1000, 1000, 0, 13.195132937544953 
1, 3, 15, 0, 1009, 2006, 0.04502316127916762, 0 
1, 3, 15, 0, 1009, 2008, 0, 0 
1, 3, 15, 0, 1009, 2007, 0.02485385833712183, 0 
4, 3, 16, 0, 1009, 1009, 0, 2.8204996835467635 
4, 3, 16, 0, 1000, 1000, 0, 13.195132937544953 
1, 3, 16, 0, 1009, 2006, 0.04395979321271511, 0 
1, 3, 16, 0, 1009, 2008, 0, 0 
1, 3, 16, 0, 1009, 2007, 0.024266853814717083, 0 
4, 3, 17, 0, 1009, 1009, 0, 2.7538844302035783 
4, 3, 17, 0, 1000, 1000, 0, 13.195132937544953 
1, 3, 17, 0, 1009, 2006, 0.04292154003408108, 0 
1, 3, 17, 0, 1009, 2008, 0, 0 
1, 3, 17, 0, 1009, 2007, 0.02369371330910411, 0 
4, 3, 18, 0, 1009, 1009, 0, 2.6888425122533604 
4, 3, 18, 0, 1000, 1000, 0, 13.195132937544953 
1, 3, 18, 0, 1009, 2006, 0.04190780857368444, 0 
1, 3, 18, 0, 1009, 2008, 0, 0 
1, 3, 18, 0, 1009, 2007, 0.023134109376533527, 0 
4, 3, 19, 0, 1009, 1009, 0, 2.625336770274888 
4, 3, 19, 0, 1000, 1000, 0, 13.195132937544953 
1, 3, 19, 0, 1009, 2006, 0.04091801967156917, 0 
1, 3, 19, 0, 1009, 2008, 0, 0 
1, 3, 19, 0, 1009, 2007, 0.022587722306902973, 0 
1, 3, 20, 0, 1009, 1009, 0, 2.625336770274888 
4, 3, 3, 0, 1001, 1001, 0, 6.841423121236498 
2, 3, 3, 0, 1001, 2006, 0.30289567876350265, 0 
4, 3, 4, 0, 1001, 1001, 0, 6.551369225543145 
2, 3, 4, 0, 1001, 2006, 0.2900538956933527, 0 
4, 3, 5, 0, 1001, 1001, 0, 6.27361266344779 
2, 3, 5, 0, 1001, 2006, 0.27775656209535526, 0 
4, 3, 6, 0, 1001, 1001, 0, 6.00763206834972 
2, 3, 6, 0, 1001, 2006, 0.26598059509807026, 0 
4, 3, 7, 0, 1001, 1001, 0, 5.75292817788165 
2, 3, 7, 0, 1001, 2006, 0.25470389046807007, 0 
4, 3, 8, 0, 1001, 1001, 0, 5.509022896762735 
2, 3, 8, 0, 1001, 2006, 0.24390528111891463, 0 
4, 3, 9, 0, 1001, 1001, 0, 5.275458399383555 
2, 3, 9, 0, 1001, 2006, 0.23356449737917995, 0 
4, 3, 10, 0, 1001, 1001, 0, 5.051796270438539 
2, 3, 10, 0, 1001, 2006, 0.22366212894501647, 0 
4, 3, 11, 0, 1001, 1001, 0, 4.837616681992762 
2, 3, 11, 0, 1001, 2006, 0.21417958844577623, 0 
4, 3, 12, 0, 1001, 1001, 0, 4.6325176054384185 
2, 3, 12, 0, 1001, 2006, 0.2050990765543439, 0 
4, 3, 13, 0, 1001, 1001, 0, 4.436114056861729 
2, 3, 13, 0, 1001, 2006, 0.19640354857668907, 0 
4, 3, 14, 0, 1001, 1001, 0, 4.248037374403851 
2, 3, 14, 0, 1001, 2006, 0.18807668245787834, 0 
4, 3, 15, 0, 1001, 1001, 0, 4.0679345262592825 
2, 3, 15, 0, 1001, 2006, 0.18010284814456856, 0 
4, 3, 16, 0, 1001, 1001, 0, 3.8954674480128877 
2, 3, 16, 0, 1001, 2006, 0.17246707824639484, 0 
4, 3, 17, 0, 1001, 1001, 0, 3.730312408071641 
2, 3, 17, 0, 1001, 2006, 0.1651550399412467, 0 
4, 3, 18, 0, 1001, 1001, 0, 3.5721594000000003 
2, 3, 18, 0, 1001, 2006, 0.15815300807164068, 0 
4, 3, 19, 0, 1001, 1001, 0, 3.420711560618249 
2, 3, 19, 0, 1001, 2006, 0.15144783938175133, 0 
2, 3, 20, 0, 1001, 1001, 0, 3.420711560618249  
1, 5, 5, 0, 1000, 1009, 3.960708303786569, 0 
4, 5, 5, 0, 1009, 1009, 0, 3.8671633235781626 
4, 5, 5, 0, 1000, 1000, 0, 13.259762582241992 
1, 5, 5, 0, 1009, 2006, 0.06027290164788049, 0 
1, 5, 5, 0, 1009, 2008, 0, 0 
1, 5, 5, 0, 1009, 2007, 0.033272078560526025, 0 
4, 5, 6, 0, 1009, 1009, 0, 3.775827711657197 
4, 5, 6, 0, 1000, 1000, 0, 13.259762582241992 
1, 5, 6, 0, 1009, 2006, 0.058849361472916424, 0 
1, 5, 6, 0, 1009, 2008, 0, 0 
1, 5, 6, 0, 1009, 2007, 0.032486250448048974, 0 
4, 5, 7, 0, 1009, 1009, 0, 3.686649286621542 
4, 5, 7, 0, 1000, 1000, 0, 13.259762582241992 
1, 5, 7, 0, 1009, 2006, 0.05745944281897329, 0 
1, 5, 7, 0, 1009, 2008, 0, 0 
1, 5, 7, 0, 1009, 2007, 0.031718982216681804, 0 
4, 5, 8, 0, 1009, 1009, 0, 3.599577099502222 
4, 5, 8, 0, 1000, 1000, 0, 13.259762582241992 
1, 5, 8, 0, 1009, 2006, 0.05610235160472031, 0 
1, 5, 8, 0, 1009, 2008, 0, 0 
1, 5, 8, 0, 1009, 2007, 0.030969835514599767, 0 
4, 5, 9, 0, 1009, 1009, 0, 3.5145614046555074 
4, 5, 9, 0, 1000, 1000, 0, 13.259762582241992 
1, 5, 9, 0, 1009, 2006, 0.0547773125036352, 0 
1, 5, 9, 0, 1009, 2008, 0, 0 
1, 5, 9, 0, 1009, 2007, 0.030238382343079476, 0 
4, 5, 10, 0, 1009, 1009, 0, 3.431553631342483 
4, 5, 10, 0, 1000, 1000, 0, 13.259762582241992 
1, 5, 10, 0, 1009, 2006, 0.05348356850104798, 0 
1, 5, 10, 0, 1009, 2008, 0, 0 
1, 5, 10, 0, 1009, 2007, 0.029524204811976575, 0 
4, 5, 11, 0, 1009, 1009, 0, 3.3505063559798596 
4, 5, 11, 0, 1000, 1000, 0, 13.259762582241992 
1, 5, 11, 0, 1009, 2006, 0.052220380461645406, 0 
1, 5, 11, 0, 1009, 2008, 0, 0 
1, 5, 11, 0, 1009, 2007, 0.028826894900977833, 0 
4, 5, 12, 0, 1009, 1009, 0, 3.2713732750461704 
4, 5, 12, 0, 1000, 1000, 0, 13.259762582241992 
1, 5, 12, 0, 1009, 2006, 0.05098702670719463, 0 
1, 5, 12, 0, 1009, 2008, 0, 0 
1, 5, 12, 0, 1009, 2007, 0.028146054226494577, 0 
4, 5, 13, 0, 1009, 1009, 0, 3.194109178627876 
4, 5, 13, 0, 1000, 1000, 0, 13.259762582241992 
1, 5, 13, 0, 1009, 2006, 0.04978280260423534, 0 
1, 5, 13, 0, 1009, 2008, 0, 0 
1, 5, 13, 0, 1009, 2007, 0.027481293814058894, 0 
4, 5, 14, 0, 1009, 1009, 0, 3.118669924590264 
4, 5, 14, 0, 1000, 1000, 0, 13.259762582241992 
1, 5, 14, 0, 1009, 2006, 0.04860702016151422, 0 
1, 5, 14, 0, 1009, 2008, 0, 0 
1, 5, 14, 0, 1009, 2007, 0.02683223387609787, 0 
4, 5, 15, 0, 1009, 1009, 0, 3.0450124133583865 
4, 5, 15, 0, 1000, 1000, 0, 13.259762582241992 
1, 5, 15, 0, 1009, 2006, 0.047459007636923366, 0 
1, 5, 15, 0, 1009, 2008, 0, 0 
1, 5, 15, 0, 1009, 2007, 0.026198503594954216, 0 
4, 5, 16, 0, 1009, 1009, 0, 2.973094563293629 
4, 5, 16, 0, 1000, 1000, 0, 13.259762582241992 
1, 5, 16, 0, 1009, 2006, 0.0463381091537244, 0 
1, 5, 16, 0, 1009, 2008, 0, 0 
1, 5, 16, 0, 1009, 2007, 0.025579740911032864, 0 
4, 5, 17, 0, 1009, 1009, 0, 2.902875286651839 
4, 5, 17, 0, 1000, 1000, 0, 13.259762582241992 
1, 5, 17, 0, 1009, 2006, 0.045243684325838245, 0 
1, 5, 17, 0, 1009, 2008, 0, 0 
1, 5, 17, 0, 1009, 2007, 0.02497559231595193, 0 
4, 5, 18, 0, 1009, 1009, 0, 2.834314466109284 
4, 5, 18, 0, 1000, 1000, 0, 13.259762582241992 
1, 5, 18, 0, 1009, 2006, 0.04417510789197902, 0 
1, 5, 18, 0, 1009, 2008, 0, 0 
1, 5, 18, 0, 1009, 2007, 0.02438571265057595, 0 
4, 5, 19, 0, 1009, 1009, 0, 2.7673729318430227 
4, 5, 19, 0, 1000, 1000, 0, 13.259762582241992 
1, 5, 19, 0, 1009, 2006, 0.04313176935843753, 0 
1, 5, 19, 0, 1009, 2008, 0, 0 
1, 5, 19, 0, 1009, 2007, 0.023809764907823844, 0 
1, 5, 20, 0, 1009, 1009, 0, 2.7673729318430227 
4, 5, 5, 0, 1001, 1001, 0, 8.462946162889326 
2, 5, 5, 0, 1001, 2006, 0.3746866371106776, 0 
4, 5, 6, 0, 1001, 1001, 0, 8.104145009958222 
2, 5, 6, 0, 1001, 2006, 0.35880115293110393, 0 
4, 5, 7, 0, 1001, 1001, 0, 7.7605558487929684 
2, 5, 7, 0, 1001, 2006, 0.3435891611652533, 0 
4, 5, 8, 0, 1001, 1001, 0, 7.43153374084865 
2, 5, 8, 0, 1001, 2006, 0.3290221079443185, 0 
4, 5, 9, 0, 1001, 1001, 0, 7.116461090858811 
2, 5, 9, 0, 1001, 2006, 0.31507264998983864, 0 
4, 5, 10, 0, 1001, 1001, 0, 6.814746487570148 
2, 5, 10, 0, 1001, 2006, 0.30171460328866306, 0 
4, 5, 11, 0, 1001, 1001, 0, 6.525823593626256 
2, 5, 11, 0, 1001, 2006, 0.2889228939438926, 0 
4, 5, 12, 0, 1001, 1001, 0, 6.249150082516658 
2, 5, 12, 0, 1001, 2006, 0.2766735111095979, 0 
4, 5, 13, 0, 1001, 1001, 0, 5.984206620595713 
2, 5, 13, 0, 1001, 2006, 0.26494346192094476, 0 
4, 5, 14, 0, 1001, 1001, 0, 5.7304958922605795 
2, 5, 14, 0, 1001, 2006, 0.2537107283351334, 0 
4, 5, 15, 0, 1001, 1001, 0, 5.487541666458431 
2, 5, 15, 0, 1001, 2006, 0.24295422580214865, 0 
4, 5, 16, 0, 1001, 1001, 0, 5.254887902770712 
2, 5, 16, 0, 1001, 2006, 0.23265376368771928, 0 
4, 5, 17, 0, 1001, 1001, 0, 5.032097895396481 
2, 5, 17, 0, 1001, 2006, 0.22279000737423083, 0 
4, 5, 18, 0, 1001, 1001, 0, 4.818753453428058 
2, 5, 18, 0, 1001, 2006, 0.21334444196842295, 0 
4, 5, 19, 0, 1001, 1001, 0, 4.61445411588029 
2, 5, 19, 0, 1001, 2006, 0.2042993375477682, 0 
2, 5, 20, 0, 1001, 1001, 0, 4.61445411588029  
1, 6, 6, 0, 1000, 1009, 1.8604707938618648, 0 
4, 6, 6, 0, 1009, 1009, 0, 1.8165297383128507 
4, 6, 6, 0, 1000, 1000, 0, 6.22853265771146 
1, 6, 6, 0, 1009, 2006, 0.028312100911340742, 0 
1, 6, 6, 0, 1009, 2008, 0, 0 
1, 6, 6, 0, 1009, 2007, 0.01562895463767332, 0 
4, 6, 7, 0, 1009, 1009, 0, 1.7736264933917336 
4, 6, 7, 0, 1000, 1000, 0, 6.22853265771146 
1, 6, 7, 0, 1009, 2006, 0.027643418767574156, 0 
1, 6, 7, 0, 1009, 2008, 0, 0 
1, 6, 7, 0, 1009, 2007, 0.015259826153542922, 0 
4, 6, 8, 0, 1009, 1009, 0, 1.7317365478325475 
4, 6, 8, 0, 1000, 1000, 0, 6.22853265771146 
1, 6, 8, 0, 1009, 2006, 0.026990529722694806, 0 
1, 6, 8, 0, 1009, 2008, 0, 0 
1, 6, 8, 0, 1009, 2007, 0.014899415836491322, 0 
4, 6, 9, 0, 1009, 1009, 0, 1.6908359692824186 
4, 6, 9, 0, 1000, 1000, 0, 6.22853265771146 
1, 6, 9, 0, 1009, 2006, 0.026353060771419023, 0 
1, 6, 9, 0, 1009, 2008, 0, 0 
1, 6, 9, 0, 1009, 2007, 0.01454751777870983, 0 
4, 6, 10, 0, 1009, 1009, 0, 1.6509013906286534 
4, 6, 10, 0, 1000, 1000, 0, 6.22853265771146 
1, 6, 10, 0, 1009, 2006, 0.025730647718194034, 0 
1, 6, 10, 0, 1009, 2008, 0, 0 
1, 6, 10, 0, 1009, 2007, 0.014203930935571228, 0 
4, 6, 11, 0, 1009, 1009, 0, 1.6119099966487571 
4, 6, 11, 0, 1000, 1000, 0, 6.22853265771146 
1, 6, 11, 0, 1009, 2006, 0.025122934969126758, 0 
1, 6, 11, 0, 1009, 2008, 0, 0 
1, 6, 11, 0, 1009, 2007, 0.013868459010769501, 0 
4, 6, 12, 0, 1009, 1009, 0, 1.5738395109757566 
4, 6, 12, 0, 1000, 1000, 0, 6.22853265771146 
1, 6, 12, 0, 1009, 2006, 0.024529575328827703, 0 
1, 6, 12, 0, 1009, 2008, 0, 0 
1, 6, 12, 0, 1009, 2007, 0.013540910344172829, 0 
4, 6, 13, 0, 1009, 1009, 0, 1.5366681833713776 
4, 6, 13, 0, 1000, 1000, 0, 6.22853265771146 
1, 6, 13, 0, 1009, 2006, 0.023950229802053493, 0 
1, 6, 13, 0, 1009, 2008, 0, 0 
1, 6, 13, 0, 1009, 2007, 0.01322109780232553, 0 
4, 6, 14, 0, 1009, 1009, 0, 1.500374777299808 
4, 6, 14, 0, 1000, 1000, 0, 6.22853265771146 
1, 6, 14, 0, 1009, 2006, 0.023384567400033734, 0 
1, 6, 14, 0, 1009, 2008, 0, 0 
1, 6, 14, 0, 1009, 2007, 0.012908838671535878, 0 
4, 6, 15, 0, 1009, 1009, 0, 1.4649385577949479 
4, 6, 15, 0, 1000, 1000, 0, 6.22853265771146 
1, 6, 15, 0, 1009, 2006, 0.022832264951371452, 0 
1, 6, 15, 0, 1009, 2008, 0, 0 
1, 6, 15, 0, 1009, 2007, 0.012603954553488637, 0 
4, 6, 16, 0, 1009, 1009, 0, 1.4303392796142123 
4, 6, 16, 0, 1000, 1000, 0, 6.22853265771146 
1, 6, 16, 0, 1009, 2006, 0.022293006917411564, 0 
1, 6, 16, 0, 1009, 2008, 0, 0 
1, 6, 16, 0, 1009, 2007, 0.01230627126332404, 0 
4, 6, 17, 0, 1009, 1009, 0, 1.396557175672122 
4, 6, 17, 0, 1000, 1000, 0, 6.22853265771146 
1, 6, 17, 0, 1009, 2006, 0.021766485211967588, 0 
1, 6, 17, 0, 1009, 2008, 0, 0 
1, 6, 17, 0, 1009, 2007, 0.012015618730122659, 0 
4, 6, 18, 0, 1009, 1009, 0, 1.3635729457470704 
4, 6, 18, 0, 1000, 1000, 0, 6.22853265771146 
1, 6, 18, 0, 1009, 2006, 0.021252399025309225, 0 
1, 6, 18, 0, 1009, 2008, 0, 0 
1, 6, 18, 0, 1009, 2007, 0.011731830899742342, 0 
4, 6, 19, 0, 1009, 1009, 0, 1.3313677454548196 
4, 6, 19, 0, 1000, 1000, 0, 6.22853265771146 
1, 6, 19, 0, 1009, 2006, 0.02075045465230305, 0 
1, 6, 19, 0, 1009, 2008, 0, 0 
1, 6, 19, 0, 1009, 2007, 0.011454745639947774, 0 
1, 6, 20, 0, 1009, 1009, 0, 1.3313677454548196 
4, 6, 6, 0, 1001, 1001, 0, 0.2119924522910138 
2, 6, 6, 0, 1001, 2006, 0.009385707708986252, 0 
4, 6, 7, 0, 1001, 1001, 0, 0.20300466779721066 
2, 6, 7, 0, 1001, 2006, 0.008987784493803136, 0 
4, 6, 8, 0, 1001, 1001, 0, 0.194397935879733 
2, 6, 8, 0, 1001, 2006, 0.008606731917477656, 0 
4, 6, 9, 0, 1001, 1001, 0, 0.1861561011594633 
2, 6, 9, 0, 1001, 2006, 0.008241834720269708, 0 
4, 6, 10, 0, 1001, 1001, 0, 0.1782636931923576 
2, 6, 10, 0, 1001, 2006, 0.007892407967105691, 0 
4, 6, 11, 0, 1001, 1001, 0, 0.17070589743044562 
2, 6, 11, 0, 1001, 2006, 0.007557795761911984, 0 
4, 6, 12, 0, 1001, 1001, 0, 0.16346852741398896 
2, 6, 12, 0, 1001, 2006, 0.007237370016456662, 0 
4, 6, 13, 0, 1001, 1001, 0, 0.15653799814260055 
2, 6, 13, 0, 1001, 2006, 0.006930529271388403, 0 
4, 6, 14, 0, 1001, 1001, 0, 0.14990130057534148 
2, 6, 14, 0, 1001, 2006, 0.00663669756725907, 0 
4, 6, 15, 0, 1001, 1001, 0, 0.14354597721193002 
2, 6, 15, 0, 1001, 2006, 0.006355323363411464, 0 
4, 6, 16, 0, 1001, 1001, 0, 0.13746009870922687 
2, 6, 16, 0, 1001, 2006, 0.006085878502703146, 0 
4, 6, 17, 0, 1001, 1001, 0, 0.1316322414891054 
2, 6, 17, 0, 1001, 2006, 0.0058278572201214685, 0 
4, 6, 18, 0, 1001, 1001, 0, 0.12605146629567424 
2, 6, 18, 0, 1001, 2006, 0.00558077519343117, 0 
4, 6, 19, 0, 1001, 1001, 0, 0.12070729766160335 
2, 6, 19, 0, 1001, 2006, 0.005344168634070889, 0 
2, 6, 20, 0, 1001, 1001, 0, 0.12070729766160335  
1, 7, 7, 0, 1000, 1009, 1.429680566784157, 0 
4, 7, 7, 0, 1009, 1009, 0, 1.3959140204832572 
4, 7, 7, 0, 1000, 1000, 0, 4.786321897494786 
1, 7, 7, 0, 1009, 2006, 0.021756461112595767, 0 
1, 7, 7, 0, 1009, 2008, 0, 0 
1, 7, 7, 0, 1009, 2007, 0.012010085188304046, 0 
4, 7, 8, 0, 1009, 1009, 0, 1.3629449807552105 
4, 7, 8, 0, 1000, 1000, 0, 4.786321897494786 
1, 7, 8, 0, 1009, 2006, 0.021242611677575022, 0 
1, 7, 8, 0, 1009, 2008, 0, 0 
1, 7, 8, 0, 1009, 2007, 0.011726428050471634, 0 
4, 7, 9, 0, 1009, 1009, 0, 1.3307546118941656 
4, 7, 9, 0, 1000, 1000, 0, 4.786321897494786 
1, 7, 9, 0, 1009, 2006, 0.020740898464548504, 0 
1, 7, 9, 0, 1009, 2008, 0, 0 
1, 7, 9, 0, 1009, 2007, 0.011449470396496478, 0 
4, 7, 10, 0, 1009, 1009, 0, 1.2993245230605917 
4, 7, 10, 0, 1000, 1000, 0, 4.786321897494786 
1, 7, 10, 0, 1009, 2006, 0.020251034837248334, 0 
1, 7, 10, 0, 1009, 2008, 0, 0 
1, 7, 10, 0, 1009, 2007, 0.011179053996325565, 0 
4, 7, 11, 0, 1009, 1009, 0, 1.2686367577743172 
4, 7, 11, 0, 1000, 1000, 0, 4.786321897494786 
1, 7, 11, 0, 1009, 2006, 0.019772740929252373, 0 
1, 7, 11, 0, 1009, 2008, 0, 0 
1, 7, 11, 0, 1009, 2007, 0.010915024357022109, 0 
4, 7, 12, 0, 1009, 1009, 0, 1.2386737836557236 
4, 7, 12, 0, 1000, 1000, 0, 4.786321897494786 
1, 7, 12, 0, 1009, 2006, 0.019305743484092235, 0 
1, 7, 12, 0, 1009, 2008, 0, 0 
1, 7, 12, 0, 1009, 2007, 0.010657230634501375, 0 
4, 7, 13, 0, 1009, 1009, 0, 1.2094184824092344 
4, 7, 13, 0, 1000, 1000, 0, 4.786321897494786 
1, 7, 13, 0, 1009, 2006, 0.01884977569913787, 0 
1, 7, 13, 0, 1009, 2008, 0, 0 
1, 7, 13, 0, 1009, 2007, 0.01040552554735125, 0 
4, 7, 14, 0, 1009, 1009, 0, 1.1808541400433774 
4, 7, 14, 0, 1000, 1000, 0, 4.786321897494786 
1, 7, 14, 0, 1009, 2006, 0.018404577073169004, 0 
1, 7, 14, 0, 1009, 2008, 0, 0 
1, 7, 14, 0, 1009, 2007, 0.010159765292688028, 0 
4, 7, 15, 0, 1009, 1009, 0, 1.1529644373218297 
4, 7, 15, 0, 1000, 1000, 0, 4.786321897494786 
1, 7, 15, 0, 1009, 2006, 0.017969893257547595, 0 
1, 7, 15, 0, 1009, 2008, 0, 0 
1, 7, 15, 0, 1009, 2007, 0.009919809464000076, 0 
4, 7, 16, 0, 1009, 1009, 0, 1.1257334404399955 
4, 7, 16, 0, 1000, 1000, 0, 4.786321897494786 
1, 7, 16, 0, 1009, 2006, 0.01754547591090346, 0 
1, 7, 16, 0, 1009, 2008, 0, 0 
1, 7, 16, 0, 1009, 2007, 0.009685520970930816, 0 
4, 7, 17, 0, 1009, 1009, 0, 1.0991455919217836 
4, 7, 17, 0, 1000, 1000, 0, 4.786321897494786 
1, 7, 17, 0, 1009, 2006, 0.01713108255725425, 0 
1, 7, 17, 0, 1009, 2008, 0, 0 
1, 7, 17, 0, 1009, 2007, 0.009456765960957583, 0 
4, 7, 18, 0, 1009, 1009, 0, 1.0731857017313897 
4, 7, 18, 0, 1000, 1000, 0, 4.786321897494786 
1, 7, 18, 0, 1009, 2006, 0.016726476447474603, 0 
1, 7, 18, 0, 1009, 2008, 0, 0 
1, 7, 18, 0, 1009, 2007, 0.009233413742919305, 0 
4, 7, 19, 0, 1009, 1009, 0, 1.0478389385950004 
4, 7, 19, 0, 1000, 1000, 0, 4.786321897494786 
1, 7, 19, 0, 1009, 2006, 0.016331426424038342, 0 
1, 7, 19, 0, 1009, 2008, 0, 0 
1, 7, 19, 0, 1009, 2007, 0.009015336712350941, 0 
1, 7, 20, 0, 1009, 1009, 0, 1.0478389385950004 
4, 7, 7, 0, 1001, 1001, 0, 0.09029917401623025 
2, 7, 7, 0, 1001, 2006, 0.003997885983769753, 0 
4, 7, 8, 0, 1001, 1001, 0, 0.08647078528231347 
2, 7, 8, 0, 1001, 2006, 0.0038283887339167766, 0 
4, 7, 9, 0, 1001, 1001, 0, 0.08280470767092532 
2, 7, 9, 0, 1001, 2006, 0.003666077611388152, 0 
4, 7, 10, 0, 1001, 1001, 0, 0.07929405972296444 
2, 7, 10, 0, 1001, 2006, 0.003510647947960882, 0 
4, 7, 11, 0, 1001, 1001, 0, 0.07593225173061938 
2, 7, 11, 0, 1001, 2006, 0.0033618079923450617, 0 
4, 7, 12, 0, 1001, 1001, 0, 0.07271297336807106 
2, 7, 12, 0, 1001, 2006, 0.003219278362548317, 0 
4, 7, 13, 0, 1001, 1001, 0, 0.06963018184661286 
2, 7, 13, 0, 1001, 2006, 0.0030827915214581975, 0 
4, 7, 14, 0, 1001, 1001, 0, 0.06667809057195474 
2, 7, 14, 0, 1001, 2006, 0.0029520912746581196, 0 
4, 7, 15, 0, 1001, 1001, 0, 0.0638511582824205 
2, 7, 15, 0, 1001, 2006, 0.002826932289534248, 0 
4, 7, 16, 0, 1001, 1001, 0, 0.06114407864764977 
2, 7, 16, 0, 1001, 2006, 0.0027070796347707232, 0 
4, 7, 17, 0, 1001, 1001, 0, 0.05855177030828102 
2, 7, 17, 0, 1001, 2006, 0.00259230833936875, 0 
4, 7, 18, 0, 1001, 1001, 0, 0.05606936733791924 
2, 7, 18, 0, 1001, 2006, 0.0024824029703617786, 0 
4, 7, 19, 0, 1001, 1001, 0, 0.05369221010948492 
2, 7, 19, 0, 1001, 2006, 0.002377157228434325, 0 
2, 7, 20, 0, 1001, 1001, 0, 0.05369221010948492  
1, 9, 9, 0, 1000, 1009, 4.308924859114339, 0 
4, 9, 9, 0, 1009, 1009, 0, 4.207155614891025 
4, 9, 9, 0, 1000, 1000, 0, 14.42553105007844 
1, 9, 9, 0, 1009, 2006, 0.0655719594379654, 0 
1, 9, 9, 0, 1009, 2008, 0, 0 
1, 9, 9, 0, 1009, 2007, 0.03619728478534817, 0 
4, 9, 10, 0, 1009, 1009, 0, 4.107789981639919 
4, 9, 10, 0, 1000, 1000, 0, 14.42553105007844 
1, 9, 10, 0, 1009, 2006, 0.06402326481635286, 0 
1, 9, 10, 0, 1009, 2008, 0, 0 
1, 9, 10, 0, 1009, 2007, 0.03534236843475351, 0 
4, 9, 11, 0, 1009, 1009, 0, 4.010771190287516 
4, 9, 11, 0, 1000, 1000, 0, 14.42553105007844 
1, 9, 11, 0, 1009, 2006, 0.06251114764418059, 0 
1, 9, 11, 0, 1009, 2008, 0, 0 
1, 9, 11, 0, 1009, 2007, 0.03450764370822285, 0 
4, 9, 12, 0, 1009, 1009, 0, 3.9160438125462163 
4, 9, 12, 0, 1000, 1000, 0, 14.42553105007844 
1, 9, 12, 0, 1009, 2006, 0.061034744026274, 0 
1, 9, 12, 0, 1009, 2008, 0, 0 
1, 9, 12, 0, 1009, 2007, 0.03369263371502536, 0 
4, 9, 13, 0, 1009, 1009, 0, 3.8235537292473105 
4, 9, 13, 0, 1000, 1000, 0, 14.42553105007844 
1, 9, 13, 0, 1009, 2006, 0.059593210471150945, 0 
1, 9, 13, 0, 1009, 2008, 0, 0 
1, 9, 13, 0, 1009, 2007, 0.03289687282775479, 0 
4, 9, 14, 0, 1009, 1009, 0, 3.7332480994218895 
4, 9, 14, 0, 1000, 1000, 0, 14.42553105007844 
1, 9, 14, 0, 1009, 2006, 0.058185723409115264, 0 
1, 9, 14, 0, 1009, 2008, 0, 0 
1, 9, 14, 0, 1009, 2007, 0.032119906416305744, 0 
4, 9, 15, 0, 1009, 1009, 0, 3.6450753301120113 
4, 9, 15, 0, 1000, 1000, 0, 14.42553105007844 
1, 9, 15, 0, 1009, 2006, 0.056811478721740694, 0 
1, 9, 15, 0, 1009, 2008, 0, 0 
1, 9, 15, 0, 1009, 2007, 0.03136129058813747, 0 
4, 9, 16, 0, 1009, 1009, 0, 3.5589850468948674 
4, 9, 16, 0, 1000, 1000, 0, 14.42553105007844 
1, 9, 16, 0, 1009, 2006, 0.055469691282470195, 0 
1, 9, 16, 0, 1009, 2008, 0, 0 
1, 9, 16, 0, 1009, 2007, 0.030620591934673765, 0 
4, 9, 17, 0, 1009, 1009, 0, 3.474928065103124 
4, 9, 17, 0, 1000, 1000, 0, 14.42553105007844 
1, 9, 17, 0, 1009, 2006, 0.05415959450805609, 0 
1, 9, 17, 0, 1009, 2008, 0, 0 
1, 9, 17, 0, 1009, 2007, 0.02989738728368728, 0 
4, 9, 18, 0, 1009, 1009, 0, 3.3928563617249834 
4, 9, 18, 0, 1000, 1000, 0, 14.42553105007844 
1, 9, 18, 0, 1009, 2006, 0.05288043992060357, 0 
1, 9, 18, 0, 1009, 2008, 0, 0 
1, 9, 18, 0, 1009, 2007, 0.02919126345753706, 0 
4, 9, 19, 0, 1009, 1009, 0, 3.3127230479679213 
4, 9, 19, 0, 1000, 1000, 0, 14.42553105007844 
1, 9, 19, 0, 1009, 2006, 0.051631496719950265, 0 
1, 9, 19, 0, 1009, 2008, 0, 0 
1, 9, 19, 0, 1009, 2007, 0.028501817037111854, 0 
1, 9, 20, 0, 1009, 1009, 0, 3.3127230479679213 
4, 9, 9, 0, 1001, 1001, 0, 10.823165275420113 
2, 9, 9, 0, 1001, 2006, 0.4791824645798908, 0 
4, 9, 10, 0, 1001, 1001, 0, 10.364298575285181 
2, 9, 10, 0, 1001, 2006, 0.4588667001349318, 0 
4, 9, 11, 0, 1001, 1001, 0, 9.924886317832643 
2, 9, 11, 0, 1001, 2006, 0.4394122574525383, 0 
4, 9, 12, 0, 1001, 1001, 0, 9.504103698516925 
2, 9, 12, 0, 1001, 2006, 0.4207826193157178, 0 
4, 9, 13, 0, 1001, 1001, 0, 9.101160881799254 
2, 9, 13, 0, 1001, 2006, 0.40294281671767074, 0 
4, 9, 14, 0, 1001, 1001, 0, 8.71530151857649 
2, 9, 14, 0, 1001, 2006, 0.3858593632227638, 0 
4, 9, 15, 0, 1001, 1001, 0, 8.345801326466107 
2, 9, 15, 0, 1001, 2006, 0.3695001921103831, 0 
4, 9, 16, 0, 1001, 1001, 0, 7.991966730282453 
2, 9, 16, 0, 1001, 2006, 0.3538345961836544, 0 
4, 9, 17, 0, 1001, 1001, 0, 7.6531335601523285 
2, 9, 17, 0, 1001, 2006, 0.3388331701301244, 0 
4, 9, 18, 0, 1001, 1001, 0, 7.328665804826225 
2, 9, 18, 0, 1001, 2006, 0.3244677553261033, 0 
4, 9, 19, 0, 1001, 1001, 0, 7.017954417845045 
2, 9, 19, 0, 1001, 2006, 0.31071138698117995, 0 
2, 9, 20, 0, 1001, 1001, 0, 7.017954417845045  
1, 10, 10, 0, 1000, 1009, 1.8134107057629747, 0 
4, 10, 10, 0, 1009, 1009, 0, 1.7705811269176623 
4, 10, 10, 0, 1000, 1000, 0, 6.070983667119524 
1, 10, 10, 0, 1009, 2006, 0.027595954241611657, 0 
1, 10, 10, 0, 1009, 2008, 0, 0 
1, 10, 10, 0, 1009, 2007, 0.015233624603700698, 0 
4, 10, 11, 0, 1009, 1009, 0, 1.7287631075708338 
4, 10, 11, 0, 1000, 1000, 0, 6.070983667119524 
1, 10, 11, 0, 1009, 2006, 0.026944186225548537, 0 
1, 10, 11, 0, 1009, 2008, 0, 0 
1, 10, 11, 0, 1009, 2007, 0.014873833121279958, 0 
4, 10, 12, 0, 1009, 1009, 0, 1.6879327564621367 
4, 10, 12, 0, 1000, 1000, 0, 6.070983667119524 
1, 10, 12, 0, 1009, 2006, 0.026307811826355748, 0 
1, 10, 12, 0, 1009, 2008, 0, 0 
1, 10, 12, 0, 1009, 2007, 0.014522539282341403, 0 
4, 10, 13, 0, 1009, 1009, 0, 1.648066746600866 
4, 10, 13, 0, 1000, 1000, 0, 6.070983667119524 
1, 10, 13, 0, 1009, 2006, 0.025686467473813902, 0 
1, 10, 13, 0, 1009, 2008, 0, 0 
1, 10, 13, 0, 1009, 2007, 0.014179542387456744, 0 
4, 10, 14, 0, 1009, 1009, 0, 1.6091423019389048 
4, 10, 14, 0, 1000, 1000, 0, 6.070983667119524 
1, 10, 14, 0, 1009, 2006, 0.025079798184594847, 0 
1, 10, 14, 0, 1009, 2008, 0, 0 
1, 10, 14, 0, 1009, 2007, 0.013844646477366364, 0 
4, 10, 15, 0, 1009, 1009, 0, 1.5711371843584265 
4, 10, 15, 0, 1000, 1000, 0, 6.070983667119524 
1, 10, 15, 0, 1009, 2006, 0.024487457359453783, 0 
1, 10, 15, 0, 1009, 2008, 0, 0 
1, 10, 15, 0, 1009, 2007, 0.013517660221024526, 0 
4, 10, 16, 0, 1009, 1009, 0, 1.5340296809669272 
4, 10, 16, 0, 1000, 1000, 0, 6.070983667119524 
1, 10, 16, 0, 1009, 2006, 0.023909106585210876, 0 
1, 10, 16, 0, 1009, 2008, 0, 0 
1, 10, 16, 0, 1009, 2007, 0.013198396806288499, 0 
4, 10, 17, 0, 1009, 1009, 0, 1.4977985916923224 
4, 10, 17, 0, 1000, 1000, 0, 6.070983667119524 
1, 10, 17, 0, 1009, 2006, 0.023344415441413316, 0 
1, 10, 17, 0, 1009, 2008, 0, 0 
1, 10, 17, 0, 1009, 2007, 0.012886673833191408, 0 
4, 10, 18, 0, 1009, 1009, 0, 1.4624232171710312 
4, 10, 18, 0, 1000, 1000, 0, 6.070983667119524 
1, 10, 18, 0, 1009, 2006, 0.022793061311558376, 0 
1, 10, 18, 0, 1009, 2008, 0, 0 
1, 10, 18, 0, 1009, 2007, 0.012582313209732871, 0 
4, 10, 19, 0, 1009, 1009, 0, 1.4278833469221186 
4, 10, 19, 0, 1000, 1000, 0, 6.070983667119524 
1, 10, 19, 0, 1009, 2006, 0.022254729198779355, 0 
1, 10, 19, 0, 1009, 2008, 0, 0 
1, 10, 19, 0, 1009, 2007, 0.012285141050133229, 0 
1, 10, 20, 0, 1009, 1009, 0, 1.4278833469221186 
4, 10, 10, 0, 1001, 1001, 0, 0.5196904960483602 
2, 10, 10, 0, 1001, 2006, 0.023008663951639807, 0 
4, 10, 11, 0, 1001, 1001, 0, 0.49765732396377876 
2, 10, 11, 0, 1001, 2006, 0.022033172084581387, 0 
4, 10, 12, 0, 1001, 1001, 0, 0.4765582860913874 
2, 10, 12, 0, 1001, 2006, 0.02109903787239137, 0 
4, 10, 13, 0, 1001, 1001, 0, 0.456353778205202 
2, 10, 13, 0, 1001, 2006, 0.020204507886185386, 0 
4, 10, 14, 0, 1001, 1001, 0, 0.4370058751684907 
2, 10, 14, 0, 1001, 2006, 0.0193479030367113, 0 
4, 10, 15, 0, 1001, 1001, 0, 0.41847825974589803 
2, 10, 15, 0, 1001, 2006, 0.01852761542259268, 0 
4, 10, 16, 0, 1001, 1001, 0, 0.4007361544337018 
2, 10, 16, 0, 1001, 2006, 0.01774210531219622, 0 
4, 10, 17, 0, 1001, 1001, 0, 0.38374625618024316 
2, 10, 17, 0, 1001, 2006, 0.016989898253458646, 0 
4, 10, 18, 0, 1001, 1001, 0, 0.3674766738739961 
2, 10, 18, 0, 1001, 2006, 0.016269582306247088, 0 
4, 10, 19, 0, 1001, 1001, 0, 0.35189686848193846 
2, 10, 19, 0, 1001, 2006, 0.01557980539205761, 0 
2, 10, 20, 0, 1001, 1001, 0, 0.35189686848193846  
1, 4, 4, 0, 1000, 1009, 2.0353459850873827, 0 
4, 4, 4, 0, 1009, 1009, 0, 1.9872746843783067 
4, 4, 4, 0, 1000, 1000, 0, 6.813984384857759 
1, 4, 4, 0, 1009, 2006, 0.030973300472871886, 0 
1, 4, 4, 0, 1009, 2008, 0, 0 
1, 4, 4, 0, 1009, 2007, 0.017098000236204173, 0 
4, 4, 5, 0, 1009, 1009, 0, 1.9403387434403916 
4, 4, 5, 0, 1000, 1000, 0, 6.813984384857759 
1, 4, 5, 0, 1009, 2006, 0.03024176546511745, 0 
1, 4, 5, 0, 1009, 2008, 0, 0 
1, 4, 5, 0, 1009, 2007, 0.01669417547279764, 0 
4, 4, 6, 0, 1009, 1009, 0, 1.894511347068079 
4, 4, 6, 0, 1000, 1000, 0, 6.813984384857759 
1, 4, 6, 0, 1009, 2006, 0.029527508030608447, 0 
1, 4, 6, 0, 1009, 2008, 0, 0 
1, 4, 6, 0, 1009, 2007, 0.016299888341704143, 0 
4, 4, 7, 0, 1009, 1009, 0, 1.8497663133839133 
4, 4, 7, 0, 1000, 1000, 0, 6.813984384857759 
1, 4, 7, 0, 1009, 2006, 0.02883012010338165, 0 
1, 4, 7, 0, 1009, 2008, 0, 0 
1, 4, 7, 0, 1009, 2007, 0.015914913580784062, 0 
4, 4, 8, 0, 1009, 1009, 0, 1.8060780788804416 
4, 4, 8, 0, 1000, 1000, 0, 6.813984384857759 
1, 4, 8, 0, 1009, 2006, 0.028149203255276888, 0 
1, 4, 8, 0, 1009, 2008, 0, 0 
1, 4, 8, 0, 1009, 2007, 0.015539031248194814, 0 
4, 4, 9, 0, 1009, 1009, 0, 1.7634216838154004 
4, 4, 9, 0, 1000, 1000, 0, 6.813984384857759 
1, 4, 9, 0, 1009, 2006, 0.027484368468307315, 0 
1, 4, 9, 0, 1009, 2008, 0, 0 
1, 4, 9, 0, 1009, 2007, 0.015172026596733838, 0 
4, 4, 10, 0, 1009, 1009, 0, 1.7217727579518423 
4, 4, 10, 0, 1000, 1000, 0, 6.813984384857759 
1, 4, 10, 0, 1009, 2006, 0.0268352359124078, 0 
1, 4, 10, 0, 1009, 2008, 0, 0 
1, 4, 10, 0, 1009, 2007, 0.014813689951150372, 0 
4, 4, 11, 0, 1009, 1009, 0, 1.681107506635052 
4, 4, 11, 0, 1000, 1000, 0, 6.813984384857759 
1, 4, 11, 0, 1009, 2006, 0.026201434728434274, 0 
1, 4, 11, 0, 1009, 2008, 0, 0 
1, 4, 11, 0, 1009, 2007, 0.014463816588355945, 0 
4, 4, 12, 0, 1009, 1009, 0, 1.641402697198307 
4, 4, 12, 0, 1000, 1000, 0, 6.813984384857759 
1, 4, 12, 0, 1009, 2006, 0.025582602816283634, 0 
1, 4, 12, 0, 1009, 2008, 0, 0 
1, 4, 12, 0, 1009, 2007, 0.014122206620461514, 0 
4, 4, 13, 0, 1009, 1009, 0, 1.602635645689705 
4, 4, 13, 0, 1000, 1000, 0, 6.813984384857759 
1, 4, 13, 0, 1009, 2006, 0.024978386628022327, 0 
1, 4, 13, 0, 1009, 2008, 0, 0 
1, 4, 13, 0, 1009, 2007, 0.013788664880579497, 0 
4, 4, 14, 0, 1009, 1009, 0, 1.5647842039124846 
4, 4, 14, 0, 1000, 1000, 0, 6.813984384857759 
1, 4, 14, 0, 1009, 2006, 0.024388440965898674, 0 
1, 4, 14, 0, 1009, 2008, 0, 0 
1, 4, 14, 0, 1009, 2007, 0.013463000811321766, 0 
4, 4, 15, 0, 1009, 1009, 0, 1.5278267467714277 
4, 4, 15, 0, 1000, 1000, 0, 6.813984384857759 
1, 4, 15, 0, 1009, 2006, 0.02381242878512579, 0 
1, 4, 15, 0, 1009, 2008, 0, 0 
1, 4, 15, 0, 1009, 2007, 0.013145028355931124, 0 
4, 4, 16, 0, 1009, 1009, 0, 1.4917421599181189 
4, 4, 16, 0, 1000, 1000, 0, 6.813984384857759 
1, 4, 16, 0, 1009, 2006, 0.023250021001323954, 0 
1, 4, 16, 0, 1009, 2008, 0, 0 
1, 4, 16, 0, 1009, 2007, 0.012834565851984888, 0 
4, 4, 17, 0, 1009, 1009, 0, 1.4565098276880033 
4, 4, 17, 0, 1000, 1000, 0, 6.813984384857759 
1, 4, 17, 0, 1009, 2006, 0.022700896302508065, 0 
1, 4, 17, 0, 1009, 2008, 0, 0 
1, 4, 17, 0, 1009, 2007, 0.012531435927607505, 0 
4, 4, 18, 0, 1009, 1009, 0, 1.4221096213223476 
4, 4, 18, 0, 1000, 1000, 0, 6.813984384857759 
1, 4, 18, 0, 1009, 2006, 0.022164740965519257, 0 
1, 4, 18, 0, 1009, 2008, 0, 0 
1, 4, 18, 0, 1009, 2007, 0.012235465400136406, 0 
4, 4, 19, 0, 1009, 1009, 0, 1.3885218874683798 
4, 4, 19, 0, 1000, 1000, 0, 6.813984384857759 
1, 4, 19, 0, 1009, 2006, 0.021641248676788565, 0 
1, 4, 19, 0, 1009, 2008, 0, 0 
1, 4, 19, 0, 1009, 2007, 0.011946485177179285, 0 
1, 4, 20, 0, 1009, 1009, 0, 1.3885218874683798 
4, 4, 4, 0, 1001, 1001, 0, 0.17807801280592436 
2, 4, 4, 0, 1001, 2006, 0.007884187194075687, 0 
4, 4, 5, 0, 1001, 1001, 0, 0.17052808928323576 
2, 4, 5, 0, 1001, 2006, 0.007549923522688601, 0 
4, 4, 6, 0, 1001, 1001, 0, 0.16329825774888584 
2, 4, 6, 0, 1001, 2006, 0.0072298315343499175, 0 
4, 4, 7, 0, 1001, 1001, 0, 0.15637494735269436 
2, 4, 7, 0, 1001, 2006, 0.006923310396191484, 0 
4, 4, 8, 0, 1001, 1001, 0, 0.14974516260400686 
2, 4, 8, 0, 1001, 2006, 0.0066297847486875006, 0 
4, 4, 9, 0, 1001, 1001, 0, 0.1433964589783383 
2, 4, 9, 0, 1001, 2006, 0.006348703625668556, 0 
4, 4, 10, 0, 1001, 1001, 0, 0.1373169195582152 
2, 4, 10, 0, 1001, 2006, 0.006079539420123098, 0 
4, 4, 11, 0, 1001, 1001, 0, 0.13149513266436902 
2, 4, 11, 0, 1001, 2006, 0.005821786893846187, 0 
4, 4, 12, 0, 1001, 1001, 0, 0.12592017043529394 
2, 4, 12, 0, 1001, 2006, 0.005574962229075081, 0 
4, 4, 13, 0, 1001, 1001, 0, 0.12058156831496103 
2, 4, 13, 0, 1001, 2006, 0.005338602120332908, 0 
4, 4, 14, 0, 1001, 1001, 0, 0.11546930541018585 
2, 4, 14, 0, 1001, 2006, 0.005112262904775178, 0 
4, 4, 15, 0, 1001, 1001, 0, 0.11057378568077954 
2, 4, 15, 0, 1001, 2006, 0.004895519729406314, 0 
4, 4, 16, 0, 1001, 1001, 0, 0.10588581992717544 
2, 4, 16, 0, 1001, 2006, 0.004687965753604098, 0 
4, 4, 17, 0, 1001, 1001, 0, 0.10139660854172163 
2, 4, 17, 0, 1001, 2006, 0.004489211385453815, 0 
4, 4, 18, 0, 1001, 1001, 0, 0.09709772499126162 
2, 4, 18, 0, 1001, 2006, 0.00429888355046, 0 
4, 4, 19, 0, 1001, 1001, 0, 0.09298110000000002 
2, 4, 19, 0, 1001, 2006, 0.0041166249912616, 0 
2, 4, 20, 0, 1001, 1001, 0, 0.09298110000000002  
1, 8, 8, 0, 1000, 1009, 1.095224190025667, 0 
4, 8, 8, 0, 1009, 1009, 0, 1.069356916467104 
4, 8, 8, 0, 1000, 1000, 0, 3.666620114433754 
1, 8, 8, 0, 1009, 2006, 0.01666680169925331, 0 
1, 8, 8, 0, 1009, 2008, 0, 0 
1, 8, 8, 0, 1009, 2007, 0.009200471859309688, 0 
4, 8, 9, 0, 1009, 1009, 0, 1.0441005825202179 
4, 8, 9, 0, 1000, 1000, 0, 3.666620114433754 
1, 8, 9, 0, 1009, 2006, 0.016273161088657645, 0 
1, 8, 9, 0, 1009, 2008, 0, 0 
1, 8, 9, 0, 1009, 2007, 0.008983172858228444, 0 
4, 8, 10, 0, 1009, 1009, 0, 1.019440758863408 
4, 8, 10, 0, 1000, 1000, 0, 3.666620114433754 
1, 8, 10, 0, 1009, 2006, 0.015888817578555724, 0 
1, 8, 10, 0, 1009, 2008, 0, 0 
1, 8, 10, 0, 1009, 2007, 0.008771006078254128, 0 
4, 8, 11, 0, 1009, 1009, 0, 0.99536335697033 
4, 8, 11, 0, 1000, 1000, 0, 3.666620114433754 
1, 8, 11, 0, 1009, 2006, 0.015513551587748052, 0 
1, 8, 11, 0, 1009, 2008, 0, 0 
1, 8, 11, 0, 1009, 2007, 0.008563850305330002, 0 
4, 8, 12, 0, 1009, 1009, 0, 0.9718546210609107 
4, 8, 12, 0, 1000, 1000, 0, 3.666620114433754 
1, 8, 12, 0, 1009, 2006, 0.015147148721157022, 0 
1, 8, 12, 0, 1009, 2008, 0, 0 
1, 8, 12, 0, 1009, 2007, 0.008361587188262243, 0 
4, 8, 13, 0, 1009, 1009, 0, 0.9489011202424644 
4, 8, 13, 0, 1000, 1000, 0, 3.666620114433754 
1, 8, 13, 0, 1009, 2006, 0.014789399647341302, 0 
1, 8, 13, 0, 1009, 2008, 0, 0 
1, 8, 13, 0, 1009, 2007, 0.008164101171104969, 0 
4, 8, 14, 0, 1009, 1009, 0, 0.9264897408364239 
4, 8, 14, 0, 1000, 1000, 0, 3.666620114433754 
1, 8, 14, 0, 1009, 2006, 0.014440099978900042, 0 
1, 8, 14, 0, 1009, 2008, 0, 0 
1, 8, 14, 0, 1009, 2007, 0.007971279427140501, 0 
4, 8, 15, 0, 1009, 1009, 0, 0.9046076788862982 
4, 8, 15, 0, 1000, 1000, 0, 3.666620114433754 
1, 8, 15, 0, 1009, 2006, 0.014099050155704961, 0 
1, 8, 15, 0, 1009, 2008, 0, 0 
1, 8, 15, 0, 1009, 2007, 0.007783011794420692, 0 
4, 8, 16, 0, 1009, 1009, 0, 0.8832424328425816 
4, 8, 16, 0, 1000, 1000, 0, 3.666620114433754 
1, 8, 16, 0, 1009, 2006, 0.013766055330887473, 0 
1, 8, 16, 0, 1009, 2008, 0, 0 
1, 8, 16, 0, 1009, 2007, 0.007599190712829117, 0 
4, 8, 17, 0, 1009, 1009, 0, 0.862381796420431 
4, 8, 17, 0, 1000, 1000, 0, 3.666620114433754 
1, 8, 17, 0, 1009, 2006, 0.013440925259520098, 0 
1, 8, 17, 0, 1009, 2008, 0, 0 
1, 8, 17, 0, 1009, 2007, 0.007419711162630538, 0 
4, 8, 18, 0, 1009, 1009, 0, 0.8420138516260328 
4, 8, 18, 0, 1000, 1000, 0, 3.666620114433754 
1, 8, 18, 0, 1009, 2006, 0.013123474189926638, 0 
1, 8, 18, 0, 1009, 2008, 0, 0 
1, 8, 18, 0, 1009, 2007, 0.007244470604471547, 0 
4, 8, 19, 0, 1009, 1009, 0, 0.8221269619476744 
4, 8, 19, 0, 1000, 1000, 0, 3.666620114433754 
1, 8, 19, 0, 1009, 2006, 0.012813520757559878, 0 
1, 8, 19, 0, 1009, 2008, 0, 0 
1, 8, 19, 0, 1009, 2007, 0.007073368920798511, 0 
1, 8, 20, 0, 1009, 1009, 0, 0.8221269619476744 
4, 8, 8, 0, 1001, 1001, 0, 0.005534180879813198 
2, 8, 8, 0, 1001, 2006, 0.0002450191201868032, 0 
4, 8, 9, 0, 1001, 1001, 0, 0.005299549766488437 
2, 8, 9, 0, 1001, 2006, 0.00023463111332476094, 0 
4, 8, 10, 0, 1001, 1001, 0, 0.005074866242614687 
2, 8, 10, 0, 1001, 2006, 0.00022468352387374976, 0 
4, 8, 11, 0, 1001, 1001, 0, 0.0048597085630342676 
2, 8, 11, 0, 1001, 2006, 0.0002151576795804194, 0 
4, 8, 12, 0, 1001, 1001, 0, 0.004653672863200566 
2, 8, 12, 0, 1001, 2006, 0.00020603569983370165, 0 
4, 8, 13, 0, 1001, 1001, 0, 0.004456372401098786 
2, 8, 13, 0, 1001, 2006, 0.00019730046210177966, 0 
4, 8, 14, 0, 1001, 1001, 0, 0.004267436831306778 
2, 8, 14, 0, 1001, 2006, 0.00018893556979200817, 0 
4, 8, 15, 0, 1001, 1001, 0, 0.004086511509833296 
2, 8, 15, 0, 1001, 2006, 0.0001809253214734817, 0 
4, 8, 16, 0, 1001, 1001, 0, 0.003913256828428846 
2, 8, 16, 0, 1001, 2006, 0.00017325468140445052, 0 
4, 8, 17, 0, 1001, 1001, 0, 0.003747347577119558 
2, 8, 17, 0, 1001, 2006, 0.00016590925130928772, 0 
4, 8, 18, 0, 1001, 1001, 0, 0.0035884723337675398 
2, 8, 18, 0, 1001, 2006, 0.00015887524335201839, 0 
4, 8, 19, 0, 1001, 1001, 0, 0.0034363328795118634 
2, 8, 19, 0, 1001, 2006, 0.0001521394542556764, 0 
2, 8, 20, 0, 1001, 1001, 0, 0.0034363328795118634  
4, 1, 1, 0, 1003, 1003, 0, 6.712070745349602 
2, 1, 1, 0, 1003, 2006, 0.6074943046503982, 0 
4, 1, 2, 0, 1003, 1003, 0, 6.154996011761376 
2, 1, 2, 0, 1003, 2006, 0.5570747335882267, 0 
4, 1, 3, 0, 1003, 1003, 0, 5.644156228693808 
2, 1, 3, 0, 1003, 2006, 0.5108397830675679, 0 
4, 1, 4, 0, 1003, 1003, 0, 5.1757140821910514 
2, 1, 4, 0, 1003, 2006, 0.4684421465027562, 0 
4, 1, 5, 0, 1003, 1003, 0, 4.746150739840548 
2, 1, 5, 0, 1003, 2006, 0.4295633423505034, 0 
4, 1, 6, 0, 1003, 1003, 0, 4.352239418092624 
2, 1, 6, 0, 1003, 2006, 0.3939113217479244, 0 
4, 1, 7, 0, 1003, 1003, 0, 3.991021143385682 
2, 1, 7, 0, 1003, 2006, 0.3612182747069417, 0 
4, 1, 8, 0, 1003, 1003, 0, 3.6597825250000002 
2, 1, 8, 0, 1003, 2006, 0.3312386183856817, 0 
4, 1, 9, 0, 1003, 1003, 0, 3.356035372674801 
2, 1, 9, 0, 1003, 2006, 0.3037471523251991, 0 
4, 1, 10, 0, 1003, 1003, 0, 3.077498005880688 
2, 1, 10, 0, 1003, 2006, 0.27853736679411334, 0 
4, 1, 11, 0, 1003, 1003, 0, 2.822078114346904 
2, 1, 11, 0, 1003, 2006, 0.25541989153378397, 0 
4, 1, 12, 0, 1003, 1003, 0, 2.5878570410955257 
2, 1, 12, 0, 1003, 2006, 0.2342210732513781, 0 
4, 1, 13, 0, 1003, 1003, 0, 2.373075369920274 
2, 1, 13, 0, 1003, 2006, 0.2147816711752517, 0 
4, 1, 14, 0, 1003, 1003, 0, 2.176119709046312 
2, 1, 14, 0, 1003, 2006, 0.1969556608739622, 0 
4, 1, 15, 0, 1003, 1003, 0, 1.995510571692841 
2, 1, 15, 0, 1003, 2006, 0.18060913735347084, 0 
4, 1, 16, 0, 1003, 1003, 0, 1.8298912625000001 
2, 1, 16, 0, 1003, 2006, 0.16561930919284085, 0 
4, 1, 17, 0, 1003, 1003, 0, 1.6780176863374006 
2, 1, 17, 0, 1003, 2006, 0.15187357616259956, 0 
4, 1, 18, 0, 1003, 1003, 0, 1.538749002940344 
2, 1, 18, 0, 1003, 2006, 0.13926868339705667, 0 
4, 1, 19, 0, 1003, 1003, 0, 1.411039057173452 
2, 1, 19, 0, 1003, 2006, 0.12770994576689199, 0 
2, 1, 20, 0, 1003, 1003, 0, 1.411039057173452  
4, 2, 2, 0, 1003, 1003, 0, 1.3454950258939558 
2, 2, 2, 0, 1003, 2006, 0.12177770410604416, 0 
4, 2, 3, 0, 1003, 1003, 0, 1.2338243788565313 
2, 2, 3, 0, 1003, 2006, 0.11167064703742446, 0 
4, 2, 4, 0, 1003, 1003, 0, 1.1314219440159312 
2, 2, 4, 0, 1003, 2006, 0.10240243484060008, 0 
4, 2, 5, 0, 1003, 1003, 0, 1.0375184972330982 
2, 2, 5, 0, 1003, 2006, 0.09390344678283302, 0 
4, 2, 6, 0, 1003, 1003, 0, 0.9514086568623855 
2, 2, 6, 0, 1003, 2006, 0.08610984037071268, 0 
4, 2, 7, 0, 1003, 1003, 0, 0.8724455850827332 
2, 2, 7, 0, 1003, 2006, 0.07896307177965234, 0 
4, 2, 8, 0, 1003, 1003, 0, 0.8000361289969313 
2, 2, 8, 0, 1003, 2006, 0.07240945608580185, 0 
4, 2, 9, 0, 1003, 1003, 0, 0.733636365 
2, 2, 9, 0, 1003, 2006, 0.06639976399693137, 0 
4, 2, 10, 0, 1003, 1003, 0, 0.6727475129469779 
2, 2, 10, 0, 1003, 2006, 0.06088885205302208, 0 
4, 2, 11, 0, 1003, 1003, 0, 0.6169121894282656 
2, 2, 11, 0, 1003, 2006, 0.05583532351871223, 0 
4, 2, 12, 0, 1003, 1003, 0, 0.5657109720079656 
2, 2, 12, 0, 1003, 2006, 0.05120121742030004, 0 
4, 2, 13, 0, 1003, 1003, 0, 0.5187592486165491 
2, 2, 13, 0, 1003, 2006, 0.04695172339141651, 0 
4, 2, 14, 0, 1003, 1003, 0, 0.47570432843119276 
2, 2, 14, 0, 1003, 2006, 0.04305492018535634, 0 
4, 2, 15, 0, 1003, 1003, 0, 0.4362227925413666 
2, 2, 15, 0, 1003, 2006, 0.03948153588982617, 0 
4, 2, 16, 0, 1003, 1003, 0, 0.40001806449846566 
2, 2, 16, 0, 1003, 2006, 0.036204728042900924, 0 
4, 2, 17, 0, 1003, 1003, 0, 0.3668181825 
2, 2, 17, 0, 1003, 2006, 0.033199881998465686, 0 
4, 2, 18, 0, 1003, 1003, 0, 0.33637375647348894 
2, 2, 18, 0, 1003, 2006, 0.03044442602651104, 0 
4, 2, 19, 0, 1003, 1003, 0, 0.3084560947141328 
2, 2, 19, 0, 1003, 2006, 0.027917661759356116, 0 
2, 2, 20, 0, 1003, 1003, 0, 0.3084560947141328  
4, 3, 3, 0, 1003, 1003, 0, 2.4120291275434798 
2, 3, 3, 0, 1003, 2006, 0.21830728745652017, 0 
4, 3, 4, 0, 1003, 1003, 0, 2.2118404622848065 
2, 3, 4, 0, 1003, 2006, 0.2001886652586733, 0 
4, 3, 5, 0, 1003, 1003, 0, 2.028266646838857 
2, 3, 5, 0, 1003, 2006, 0.18357381544594942, 0 
4, 3, 6, 0, 1003, 1003, 0, 1.859928715848413 
2, 3, 6, 0, 1003, 2006, 0.16833793099044403, 0 
4, 3, 7, 0, 1003, 1003, 0, 1.7055621525054665 
2, 3, 7, 0, 1003, 2006, 0.15436656334294652, 0 
4, 3, 8, 0, 1003, 1003, 0, 1.564007389784375 
2, 3, 8, 0, 1003, 2006, 0.14155476272109158, 0 
4, 3, 9, 0, 1003, 1003, 0, 1.434201100034256 
2, 3, 9, 0, 1003, 2006, 0.12980628975011888, 0 
4, 3, 10, 0, 1003, 1003, 0, 1.3151682075 
2, 3, 10, 0, 1003, 2006, 0.11903289253425609, 0 
4, 3, 11, 0, 1003, 1003, 0, 1.2060145637717399 
2, 3, 11, 0, 1003, 2006, 0.10915364372826009, 0 
4, 3, 12, 0, 1003, 1003, 0, 1.1059202311424032 
2, 3, 12, 0, 1003, 2006, 0.10009433262933665, 0 
4, 3, 13, 0, 1003, 1003, 0, 1.0141333234194285 
2, 3, 13, 0, 1003, 2006, 0.09178690772297471, 0 
4, 3, 14, 0, 1003, 1003, 0, 0.9299643579242065 
2, 3, 14, 0, 1003, 2006, 0.08416896549522201, 0 
4, 3, 15, 0, 1003, 1003, 0, 0.8527810762527332 
2, 3, 15, 0, 1003, 2006, 0.07718328167147326, 0 
4, 3, 16, 0, 1003, 1003, 0, 0.7820036948921875 
2, 3, 16, 0, 1003, 2006, 0.07077738136054579, 0 
4, 3, 17, 0, 1003, 1003, 0, 0.717100550017128 
2, 3, 17, 0, 1003, 2006, 0.06490314487505944, 0 
4, 3, 18, 0, 1003, 1003, 0, 0.65758410375 
2, 3, 18, 0, 1003, 2006, 0.05951644626712804, 0 
4, 3, 19, 0, 1003, 1003, 0, 0.6030072818858699 
2, 3, 19, 0, 1003, 2006, 0.05457682186413004, 0 
2, 3, 20, 0, 1003, 1003, 0, 0.6030072818858699  
4, 5, 5, 0, 1003, 1003, 0, 2.921441127440341 
2, 5, 5, 0, 1003, 2006, 0.2644130125596593, 0 
4, 5, 6, 0, 1003, 1003, 0, 2.6789733258472057 
2, 5, 6, 0, 1003, 2006, 0.2424678015931354, 0 
4, 5, 7, 0, 1003, 1003, 0, 2.456629371439353 
2, 5, 7, 0, 1003, 2006, 0.2223439544078527, 0 
4, 5, 8, 0, 1003, 1003, 0, 2.252739066265237 
2, 5, 8, 0, 1003, 2006, 0.2038903051741161, 0 
4, 5, 9, 0, 1003, 1003, 0, 2.065770832050338 
2, 5, 9, 0, 1003, 2006, 0.18696823421489883, 0 
4, 5, 10, 0, 1003, 1003, 0, 1.8943202053244377 
2, 5, 10, 0, 1003, 2006, 0.1714506267259004, 0 
4, 5, 11, 0, 1003, 1003, 0, 1.7370992874068125 
2, 5, 11, 0, 1003, 2006, 0.15722091791762516, 0 
4, 5, 12, 0, 1003, 1003, 0, 1.5929270700000002 
2, 5, 12, 0, 1003, 2006, 0.1441722174068123, 0 
4, 5, 13, 0, 1003, 1003, 0, 1.4607205637201706 
2, 5, 13, 0, 1003, 2006, 0.13220650627982966, 0 
4, 5, 14, 0, 1003, 1003, 0, 1.3394866629236029 
2, 5, 14, 0, 1003, 2006, 0.1212339007965677, 0 
4, 5, 15, 0, 1003, 1003, 0, 1.2283146857196765 
2, 5, 15, 0, 1003, 2006, 0.11117197720392635, 0 
4, 5, 16, 0, 1003, 1003, 0, 1.1263695331326185 
2, 5, 16, 0, 1003, 2006, 0.10194515258705805, 0 
4, 5, 17, 0, 1003, 1003, 0, 1.032885416025169 
2, 5, 17, 0, 1003, 2006, 0.09348411710744942, 0 
4, 5, 18, 0, 1003, 1003, 0, 0.9471601026622188 
2, 5, 18, 0, 1003, 2006, 0.0857253133629502, 0 
4, 5, 19, 0, 1003, 1003, 0, 0.8685496437034063 
2, 5, 19, 0, 1003, 2006, 0.07861045895881258, 0 
2, 5, 20, 0, 1003, 1003, 0, 0.8685496437034063  
4, 6, 6, 0, 1003, 1003, 0, 0.1875163778070794 
2, 6, 6, 0, 1003, 2006, 0.016971682192920584, 0 
4, 6, 7, 0, 1003, 1003, 0, 0.17195327661618645 
2, 6, 7, 0, 1003, 2006, 0.015563101190892936, 0 
4, 6, 8, 0, 1003, 1003, 0, 0.15768184989933423 
2, 6, 8, 0, 1003, 2006, 0.01427142671685222, 0 
4, 6, 9, 0, 1003, 1003, 0, 0.1445948938976816 
2, 6, 9, 0, 1003, 2006, 0.013086956001652633, 0 
4, 6, 10, 0, 1003, 1003, 0, 0.13259410233092445 
2, 6, 10, 0, 1003, 2006, 0.012000791566757152, 0 
4, 6, 11, 0, 1003, 1003, 0, 0.12158932794255164 
2, 6, 11, 0, 1003, 2006, 0.011004774388372801, 0 
4, 6, 12, 0, 1003, 1003, 0, 0.11149790533385857 
2, 6, 12, 0, 1003, 2006, 0.01009142260869307, 0 
4, 6, 13, 0, 1003, 1003, 0, 0.10224402999999999 
2, 6, 13, 0, 1003, 2006, 0.009253875333858588, 0 
4, 6, 14, 0, 1003, 1003, 0, 0.0937581889035397 
2, 6, 14, 0, 1003, 2006, 0.008485841096460292, 0 
4, 6, 15, 0, 1003, 1003, 0, 0.08597663830809323 
2, 6, 15, 0, 1003, 2006, 0.007781550595446468, 0 
4, 6, 16, 0, 1003, 1003, 0, 0.07884092494966712 
2, 6, 16, 0, 1003, 2006, 0.00713571335842611, 0 
4, 6, 17, 0, 1003, 1003, 0, 0.0722974469488408 
2, 6, 17, 0, 1003, 2006, 0.006543478000826317, 0 
4, 6, 18, 0, 1003, 1003, 0, 0.06629705116546222 
2, 6, 18, 0, 1003, 2006, 0.006000395783378576, 0 
4, 6, 19, 0, 1003, 1003, 0, 0.06079466397127582 
2, 6, 19, 0, 1003, 2006, 0.0055023871941864005, 0 
2, 6, 20, 0, 1003, 1003, 0, 0.06079466397127582  
4, 7, 7, 0, 1003, 1003, 0, 0.018618584162055116 
2, 7, 7, 0, 1003, 2006, 0.0016851258379448862, 0 
4, 7, 8, 0, 1003, 1003, 0, 0.017073316955350998 
2, 7, 8, 0, 1003, 2006, 0.0015452672067041186, 0 
4, 7, 9, 0, 1003, 1003, 0, 0.01565630067897173 
2, 7, 9, 0, 1003, 2006, 0.0014170162763792668, 0 
4, 7, 10, 0, 1003, 1003, 0, 0.01435689102424512 
2, 7, 10, 0, 1003, 2006, 0.001299409654726611, 0 
4, 7, 11, 0, 1003, 1003, 0, 0.013165327117081627 
2, 7, 11, 0, 1003, 2006, 0.0011915639071634933, 0 
4, 7, 12, 0, 1003, 1003, 0, 0.01207265819647595 
2, 7, 12, 0, 1003, 2006, 0.0010926689206056765, 0 
4, 7, 13, 0, 1003, 1003, 0, 0.011070676378396462 
2, 7, 13, 0, 1003, 2006, 0.0010019818180794886, 0 
4, 7, 14, 0, 1003, 1003, 0, 0.010151855000000001 
2, 7, 14, 0, 1003, 2006, 0.0009188213783964602, 0 
4, 7, 15, 0, 1003, 1003, 0, 0.009309292081027558 
2, 7, 15, 0, 1003, 2006, 0.0008425629189724431, 0 
4, 7, 16, 0, 1003, 1003, 0, 0.008536658477675499 
2, 7, 16, 0, 1003, 2006, 0.0007726336033520593, 0 
4, 7, 17, 0, 1003, 1003, 0, 0.007828150339485865 
2, 7, 17, 0, 1003, 2006, 0.0007085081381896334, 0 
4, 7, 18, 0, 1003, 1003, 0, 0.00717844551212256 
2, 7, 18, 0, 1003, 2006, 0.0006497048273633056, 0 
4, 7, 19, 0, 1003, 1003, 0, 0.006582663558540813 
2, 7, 19, 0, 1003, 2006, 0.0005957819535817466, 0 
2, 7, 20, 0, 1003, 1003, 0, 0.006582663558540813  
4, 9, 9, 0, 1003, 1003, 0, 2.9668431392894377 
2, 9, 9, 0, 1003, 2006, 0.2685222457105625, 0 
4, 9, 10, 0, 1003, 1003, 0, 2.720607154282454 
2, 9, 10, 0, 1003, 2006, 0.24623598500698352, 0 
4, 9, 11, 0, 1003, 1003, 0, 2.4948077604485652 
2, 9, 11, 0, 1003, 2006, 0.22579939383388892, 0 
4, 9, 12, 0, 1003, 1003, 0, 2.2877488033497255 
2, 9, 12, 0, 1003, 2006, 0.2070589570988397, 0 
4, 9, 13, 0, 1003, 1003, 0, 2.0978749025083463 
2, 9, 13, 0, 1003, 2006, 0.18987390084137923, 0 
4, 9, 14, 0, 1003, 1003, 0, 1.923759767737759 
2, 9, 14, 0, 1003, 2006, 0.17411513477058738, 0 
4, 9, 15, 0, 1003, 1003, 0, 1.7640954851700044 
2, 9, 15, 0, 1003, 2006, 0.15966428256775456, 0 
4, 9, 16, 0, 1003, 1003, 0, 1.6176826925 
2, 9, 16, 0, 1003, 2006, 0.1464127926700043, 0 
4, 9, 17, 0, 1003, 1003, 0, 1.4834215696447188 
2, 9, 17, 0, 1003, 2006, 0.13426112285528125, 0 
4, 9, 18, 0, 1003, 1003, 0, 1.360303577141227 
2, 9, 18, 0, 1003, 2006, 0.12311799250349176, 0 
4, 9, 19, 0, 1003, 1003, 0, 1.2474038802242826 
2, 9, 19, 0, 1003, 2006, 0.11289969691694446, 0 
2, 9, 20, 0, 1003, 1003, 0, 1.2474038802242826  
4, 10, 10, 0, 1003, 1003, 0, 0.3524162080544995 
2, 10, 10, 0, 1003, 2006, 0.03189639194550048, 0 
4, 10, 11, 0, 1003, 1003, 0, 0.32316708767683466 
2, 10, 11, 0, 1003, 2006, 0.02924912037766486, 0 
4, 10, 12, 0, 1003, 1003, 0, 0.29634552603033587 
2, 10, 12, 0, 1003, 2006, 0.026821561646498793, 0 
4, 10, 13, 0, 1003, 1003, 0, 0.2717500455554332 
2, 10, 13, 0, 1003, 2006, 0.024595480474902676, 0 
4, 10, 14, 0, 1003, 1003, 0, 0.2491958905153858 
2, 10, 14, 0, 1003, 2006, 0.022554155040047402, 0 
4, 10, 15, 0, 1003, 1003, 0, 0.22851363915259737 
2, 10, 15, 0, 1003, 2006, 0.020682251362788423, 0 
4, 10, 16, 0, 1003, 1003, 0, 0.20954793103034505 
2, 10, 16, 0, 1003, 2006, 0.018965708122252317, 0 
4, 10, 17, 0, 1003, 1003, 0, 0.1921563 
2, 10, 17, 0, 1003, 2006, 0.01739163103034505, 0 
4, 10, 18, 0, 1003, 1003, 0, 0.17620810402724976 
2, 10, 18, 0, 1003, 2006, 0.01594819597275024, 0 
4, 10, 19, 0, 1003, 1003, 0, 0.16158354383841733 
2, 10, 19, 0, 1003, 2006, 0.01462456018883243, 0 
2, 10, 20, 0, 1003, 1003, 0, 0.16158354383841733  
4, 4, 4, 0, 1003, 1003, 0, 0.13926460624797585 
2, 4, 4, 0, 1003, 2006, 0.012604523752024172, 0 
4, 4, 5, 0, 1003, 1003, 0, 0.12770620700470037 
2, 4, 5, 0, 1003, 2006, 0.01155839924327548, 0 
4, 4, 6, 0, 1003, 1003, 0, 0.11710710816564295 
2, 4, 6, 0, 1003, 2006, 0.010599098839057422, 0 
4, 4, 7, 0, 1003, 1003, 0, 0.10738769167590136 
2, 4, 7, 0, 1003, 2006, 0.009719416489741589, 0 
4, 4, 8, 0, 1003, 1003, 0, 0.09847494745721816 
2, 4, 8, 0, 1003, 2006, 0.008912744218683197, 0 
4, 4, 9, 0, 1003, 1003, 0, 0.0903019249726366 
2, 4, 9, 0, 1003, 2006, 0.008173022484581557, 0 
4, 4, 10, 0, 1003, 1003, 0, 0.08280723030907264 
2, 4, 10, 0, 1003, 2006, 0.007494694663563964, 0 
4, 4, 11, 0, 1003, 1003, 0, 0.07593456500000001 
2, 4, 11, 0, 1003, 2006, 0.006872665309072629, 0 
4, 4, 12, 0, 1003, 1003, 0, 0.06963230312398792 
2, 4, 12, 0, 1003, 2006, 0.006302261876012086, 0 
4, 4, 13, 0, 1003, 1003, 0, 0.06385310350235018 
2, 4, 13, 0, 1003, 2006, 0.00577919962163774, 0 
4, 4, 14, 0, 1003, 1003, 0, 0.05855355408282147 
2, 4, 14, 0, 1003, 2006, 0.005299549419528711, 0 
4, 4, 15, 0, 1003, 1003, 0, 0.05369384583795068 
2, 4, 15, 0, 1003, 2006, 0.0048597082448707946, 0 
4, 4, 16, 0, 1003, 1003, 0, 0.04923747372860908 
2, 4, 16, 0, 1003, 2006, 0.004456372109341598, 0 
4, 4, 17, 0, 1003, 1003, 0, 0.0451509624863183 
2, 4, 17, 0, 1003, 2006, 0.004086511242290779, 0 
4, 4, 18, 0, 1003, 1003, 0, 0.04140361515453632 
2, 4, 18, 0, 1003, 2006, 0.003747347331781982, 0 
4, 4, 19, 0, 1003, 1003, 0, 0.037967282500000005 
2, 4, 19, 0, 1003, 2006, 0.0034363326545363143, 0 
2, 4, 20, 0, 1003, 1003, 0, 0.037967282500000005  
4, 8, 8, 0, 1003, 1003, 0, 0.004503140925005611 
2, 8, 8, 0, 1003, 2006, 0.00040756907499438916, 0 
4, 8, 9, 0, 1003, 1003, 0, 0.004129398435350568 
2, 8, 9, 0, 1003, 2006, 0.0003737424896550429, 0 
4, 8, 10, 0, 1003, 1003, 0, 0.0037866750612195145 
2, 8, 10, 0, 1003, 2006, 0.0003427233741310539, 0 
4, 8, 11, 0, 1003, 1003, 0, 0.0034723963414405915 
2, 8, 11, 0, 1003, 2006, 0.00031427871977892296, 0 
4, 8, 12, 0, 1003, 1003, 0, 0.00318420148471013 
2, 8, 12, 0, 1003, 2006, 0.0002881948567304616, 0 
4, 8, 13, 0, 1003, 1003, 0, 0.0029199256358575063 
2, 8, 13, 0, 1003, 2006, 0.0002642758488526236, 0 
4, 8, 14, 0, 1003, 1003, 0, 0.002677583613938304 
2, 8, 14, 0, 1003, 2006, 0.00024234202191920212, 0 
4, 8, 15, 0, 1003, 1003, 0, 0.002455355 
2, 8, 15, 0, 1003, 2006, 0.00022222861393830394, 0 
4, 8, 16, 0, 1003, 1003, 0, 0.0022515704625028056 
2, 8, 16, 0, 1003, 2006, 0.00020378453749719458, 0 
4, 8, 17, 0, 1003, 1003, 0, 0.002064699217675284 
2, 8, 17, 0, 1003, 2006, 0.00018687124482752145, 0 
4, 8, 18, 0, 1003, 1003, 0, 0.0018933375306097572 
2, 8, 18, 0, 1003, 2006, 0.00017136168706552695, 0 
4, 8, 19, 0, 1003, 1003, 0, 0.0017361981707202958 
2, 8, 19, 0, 1003, 2006, 0.00015713935988946148, 0 
2, 8, 20, 0, 1003, 1003, 0, 0.0017361981707202958  
3, 1, 1, 0, 1005, 2006, 1.1146632188192829, 0 
3, 1, 1, 0, 1005, 2007, 1.6719973362249287E-06, 0 
3, 2, 2, 0, 1005, 2006, 1.022755539765155, 0 
3, 2, 2, 0, 1005, 2007, 1.5341356108511487E-06, 0 
3, 3, 3, 0, 1005, 2006, 1.134094725046705, 0 
3, 3, 3, 0, 1005, 2007, 1.7011446392870166E-06, 0 
3, 4, 4, 0, 1005, 2006, 0.8417077869673051, 0 
3, 4, 4, 0, 1005, 2007, 1.262563574296319E-06, 0 
3, 5, 5, 0, 1005, 2006, 1.0933113322586026, 0 
3, 5, 5, 0, 1005, 2007, 1.6399694583420911E-06, 0 
3, 6, 6, 0, 1005, 2006, 0.8244509339376557, 0 
3, 6, 6, 0, 1005, 2007, 1.2366782559238675E-06, 0 
3, 7, 7, 0, 1005, 2006, 0.6072071915185072, 0 
3, 7, 7, 0, 1005, 2007, 9.10812153495991E-07, 0 
3, 8, 8, 0, 1005, 2006, 0.4510524082572135, 0 
3, 8, 8, 0, 1005, 2007, 6.765796272552611E-07, 0 
3, 9, 9, 0, 1005, 2006, 0.8330917352020312, 0 
3, 9, 9, 0, 1005, 2007, 1.2496394772622626E-06, 0 
3, 10, 10, 0, 1005, 2006, 0.6722005600250833, 0 
3, 10, 10, 0, 1005, 2007, 1.0083023524911538E-06, 0 
1, 11, 11, 0, 1000, 1009, 1.3525350520790569, 0 
4, 11, 11, 0, 1009, 1009, 0, 1.3205905474668511 
4, 11, 11, 0, 1000, 1000, 0, 4.528052130873364 
1, 11, 11, 0, 1009, 2006, 0.020582483211736422, 0 
1, 11, 11, 0, 1009, 2008, 0, 0 
1, 11, 11, 0, 1009, 2007, 0.011362021400469349, 0 
4, 11, 12, 0, 1009, 1009, 0, 1.2894005159999813 
4, 11, 12, 0, 1000, 1000, 0, 4.528052130873364 
1, 11, 12, 0, 1009, 2006, 0.020096361074733567, 0 
1, 11, 12, 0, 1009, 2008, 0, 0 
1, 11, 12, 0, 1009, 2007, 0.011093670392136261, 0 
4, 11, 13, 0, 1009, 1009, 0, 1.2589471383466424 
4, 11, 13, 0, 1000, 1000, 0, 4.528052130873364 
1, 11, 13, 0, 1009, 2006, 0.019621720289599312, 0 
1, 11, 13, 0, 1009, 2008, 0, 0 
1, 11, 13, 0, 1009, 2007, 0.010831657363739575, 0 
4, 11, 14, 0, 1009, 1009, 0, 1.2292130160363788 
4, 11, 14, 0, 1000, 1000, 0, 4.528052130873364 
1, 11, 14, 0, 1009, 2006, 0.019158289686949055, 0 
1, 11, 14, 0, 1009, 2008, 0, 0 
1, 11, 14, 0, 1009, 2007, 0.010575832623314565, 0 
4, 11, 15, 0, 1009, 1009, 0, 1.2001811615200773 
4, 11, 15, 0, 1000, 1000, 0, 4.528052130873364 
1, 11, 15, 0, 1009, 2006, 0.0187058045019434, 0 
1, 11, 15, 0, 1009, 2008, 0, 0 
1, 11, 15, 0, 1009, 2007, 0.010326050014358126, 0 
4, 11, 16, 0, 1009, 1009, 0, 1.1718349884647268 
4, 11, 16, 0, 1000, 1000, 0, 4.528052130873364 
1, 11, 16, 0, 1009, 2006, 0.01826400622302342, 0 
1, 11, 16, 0, 1009, 2008, 0, 0 
1, 11, 16, 0, 1009, 2007, 0.010082166832327058, 0 
4, 11, 17, 0, 1009, 1009, 0, 1.1441583022773971 
4, 11, 17, 0, 1000, 1000, 0, 4.528052130873364 
1, 11, 17, 0, 1009, 2006, 0.017832642444220247, 0 
1, 11, 17, 0, 1009, 2008, 0, 0 
1, 11, 17, 0, 1009, 2007, 0.009844043743109413, 0 
4, 11, 18, 0, 1009, 1009, 0, 1.1171352908530268 
4, 11, 18, 0, 1000, 1000, 0, 4.528052130873364 
1, 11, 18, 0, 1009, 2006, 0.01741146672095031, 0 
1, 11, 18, 0, 1009, 2008, 0, 0 
1, 11, 18, 0, 1009, 2007, 0.00961154470342005, 0 
4, 11, 19, 0, 1009, 1009, 0, 1.0907505155407293 
4, 11, 19, 0, 1000, 1000, 0, 4.528052130873364 
1, 11, 19, 0, 1009, 2006, 0.017000238429219484, 0 
1, 11, 19, 0, 1009, 2008, 0, 0 
1, 11, 19, 0, 1009, 2007, 0.009384536883077952, 0 
1, 11, 20, 0, 1009, 1009, 0, 1.0907505155407293 
3, 11, 11, 0, 1005, 2006, 0.501479304781634, 0 
3, 11, 11, 0, 1005, 2007, 7.522200855025793E-07, 0 
1, 12, 12, 0, 1000, 1009, 1.0723110754681893, 0 
4, 12, 12, 0, 1009, 1009, 0, 1.0469849694694142 
4, 12, 12, 0, 1000, 1000, 0, 3.5899109917848078 
1, 12, 12, 0, 1009, 2006, 0.01631811661713074, 0 
1, 12, 12, 0, 1009, 2008, 0, 0 
1, 12, 12, 0, 1009, 2007, 0.00900798938164431, 0 
4, 12, 13, 0, 1009, 1009, 0, 1.0222570216541507 
4, 12, 13, 0, 1000, 1000, 0, 3.5899109917848078 
1, 12, 13, 0, 1009, 2006, 0.01593271133633061, 0 
1, 12, 13, 0, 1009, 2008, 0, 0 
1, 12, 13, 0, 1009, 2007, 0.00879523647893294, 0 
4, 12, 14, 0, 1009, 1009, 0, 0.9981131045757029 
4, 12, 14, 0, 1000, 1000, 0, 3.5899109917848078 
1, 12, 14, 0, 1009, 2006, 0.015556408651985463, 0 
1, 12, 14, 0, 1009, 2008, 0, 0 
1, 12, 14, 0, 1009, 2007, 0.0085875084264623, 0 
4, 12, 15, 0, 1009, 1009, 0, 0.9745394244528768 
4, 12, 15, 0, 1000, 1000, 0, 3.5899109917848078 
1, 12, 15, 0, 1009, 2006, 0.015188993576739328, 0 
1, 12, 15, 0, 1009, 2008, 0, 0 
1, 12, 15, 0, 1009, 2007, 0.008384686546086796, 0 
4, 12, 16, 0, 1009, 1009, 0, 0.951522513289386 
4, 12, 16, 0, 1000, 1000, 0, 3.5899109917848078 
1, 12, 16, 0, 1009, 2006, 0.014830256200860396, 0 
1, 12, 16, 0, 1009, 2008, 0, 0 
1, 12, 16, 0, 1009, 2007, 0.00818665496263041, 0 
4, 12, 17, 0, 1009, 1009, 0, 0.9290492211793832 
4, 12, 17, 0, 1000, 1000, 0, 3.5899109917848078 
1, 12, 17, 0, 1009, 2006, 0.014479991572317016, 0 
1, 12, 17, 0, 1009, 2008, 0, 0 
1, 12, 17, 0, 1009, 2007, 0.007993300537685802, 0 
4, 12, 18, 0, 1009, 1009, 0, 0.9071067087947235 
4, 12, 18, 0, 1000, 1000, 0, 3.5899109917848078 
1, 12, 18, 0, 1009, 2006, 0.014137999579683879, 0 
1, 12, 18, 0, 1009, 2008, 0, 0 
1, 12, 18, 0, 1009, 2007, 0.007804512804975729, 0 
4, 12, 19, 0, 1009, 1009, 0, 0.8856824400496633 
4, 12, 19, 0, 1000, 1000, 0, 3.5899109917848078 
1, 12, 19, 0, 1009, 2006, 0.013804084837817192, 0 
1, 12, 19, 0, 1009, 2008, 0, 0 
1, 12, 19, 0, 1009, 2007, 0.007620183907243013, 0 
1, 12, 20, 0, 1009, 1009, 0, 0.8856824400496633 
3, 12, 12, 0, 1005, 2006, 0.38054761250723135, 0 
3, 12, 12, 0, 1005, 2007, 5.708222749942596E-07, 0 
1, 13, 13, 0, 1000, 1009, 0.8720605128791754, 0 
4, 13, 13, 0, 1009, 1009, 0, 0.8514639737854418 
4, 13, 13, 0, 1000, 1000, 0, 2.919506934421587 
1, 13, 13, 0, 1009, 2006, 0.013270762068874434, 0 
1, 13, 13, 0, 1009, 2008, 0, 0 
1, 13, 13, 0, 1009, 2007, 0.007325777024859167, 0 
4, 13, 14, 0, 1009, 1009, 0, 0.8313538888039798 
4, 13, 14, 0, 1000, 1000, 0, 2.919506934421587 
1, 13, 14, 0, 1009, 2006, 0.012957329955255628, 0 
1, 13, 14, 0, 1009, 2008, 0, 0 
1, 13, 14, 0, 1009, 2007, 0.007152755026206423, 0 
4, 13, 15, 0, 1009, 1009, 0, 0.8117187687422471 
4, 13, 15, 0, 1000, 1000, 0, 2.919506934421587 
1, 13, 15, 0, 1009, 2006, 0.012651300558175566, 0 
1, 13, 15, 0, 1009, 2008, 0, 0 
1, 13, 15, 0, 1009, 2007, 0.006983819503557059, 0 
4, 13, 16, 0, 1009, 1009, 0, 0.7925473957622698 
4, 13, 16, 0, 1000, 1000, 0, 2.919506934421587 
1, 13, 16, 0, 1009, 2006, 0.012352499038458965, 0 
1, 13, 16, 0, 1009, 2008, 0, 0 
1, 13, 16, 0, 1009, 2007, 0.006818873941518321, 0 
4, 13, 17, 0, 1009, 1009, 0, 0.7738288169717221 
4, 13, 17, 0, 1000, 1000, 0, 2.919506934421587 
1, 13, 17, 0, 1009, 2006, 0.01206075468632571, 0 
1, 13, 17, 0, 1009, 2008, 0, 0 
1, 13, 17, 0, 1009, 2007, 0.006657824104222014, 0 
4, 13, 18, 0, 1009, 1009, 0, 0.7555523381663757 
4, 13, 18, 0, 1000, 1000, 0, 2.919506934421587 
1, 13, 18, 0, 1009, 2006, 0.011775900823860819, 0 
1, 13, 18, 0, 1009, 2008, 0, 0 
1, 13, 18, 0, 1009, 2007, 0.006500577981485622, 0 
4, 13, 19, 0, 1009, 1009, 0, 0.7377075177203413 
4, 13, 19, 0, 1000, 1000, 0, 2.919506934421587 
1, 13, 19, 0, 1009, 2006, 0.011497774709788895, 0 
1, 13, 19, 0, 1009, 2008, 0, 0 
1, 13, 19, 0, 1009, 2007, 0.00634704573624552, 0 
1, 13, 20, 0, 1009, 1009, 0, 0.7377075177203413 
3, 13, 13, 0, 1005, 2006, 0.29482421403601594, 0 
3, 13, 13, 0, 1005, 2007, 4.4223698440950055E-07, 0 
1, 14, 14, 0, 1000, 1009, 0.7284013371907229, 0 
4, 14, 14, 0, 1009, 1009, 0, 0.7111977757453772 
4, 14, 14, 0, 1000, 1000, 0, 2.438560998421116 
1, 14, 14, 0, 1009, 2006, 0.011084598710465094, 0 
1, 14, 14, 0, 1009, 2008, 0, 0 
1, 14, 14, 0, 1009, 2007, 0.006118962734880533, 0 
4, 14, 15, 0, 1009, 1009, 0, 0.6944005322339678 
4, 14, 15, 0, 1000, 1000, 0, 2.438560998421116 
1, 14, 15, 0, 1009, 2006, 0.010822799939271325, 0 
1, 14, 15, 0, 1009, 2008, 0, 0 
1, 14, 15, 0, 1009, 2007, 0.005974443572138107, 0 
4, 14, 16, 0, 1009, 1009, 0, 0.6780000101398687 
4, 14, 16, 0, 1000, 1000, 0, 2.438560998421116 
1, 14, 16, 0, 1009, 2006, 0.010567184395669962, 0 
1, 14, 16, 0, 1009, 2008, 0, 0 
1, 14, 16, 0, 1009, 2007, 0.005833337698429184, 0 
4, 14, 17, 0, 1009, 1009, 0, 0.6619868395993371 
4, 14, 17, 0, 1000, 1000, 0, 2.438560998421116 
1, 14, 17, 0, 1009, 2006, 0.010317606042675275, 0 
1, 14, 17, 0, 1009, 2008, 0, 0 
1, 14, 17, 0, 1009, 2007, 0.005695564497856255, 0 
4, 14, 18, 0, 1009, 1009, 0, 0.646351872048371 
4, 14, 18, 0, 1000, 1000, 0, 2.438560998421116 
1, 14, 18, 0, 1009, 2006, 0.010073922292438517, 0 
1, 14, 18, 0, 1009, 2008, 0, 0 
1, 14, 18, 0, 1009, 2007, 0.005561045258527644, 0 
4, 14, 19, 0, 1009, 1009, 0, 0.631086174995996 
4, 14, 19, 0, 1000, 1000, 0, 2.438560998421116 
1, 14, 19, 0, 1009, 2006, 0.00983599392478627, 0 
1, 14, 19, 0, 1009, 2008, 0, 0 
1, 14, 19, 0, 1009, 2007, 0.005429703127588745, 0 
1, 14, 20, 0, 1009, 1009, 0, 0.631086174995996 
3, 14, 14, 0, 1005, 2006, 0.23399858050386674, 0 
3, 14, 14, 0, 1005, 2007, 3.50998397253396E-07, 0 
1, 15, 15, 0, 1000, 1009, 0.6247990943589344, 0 
4, 15, 15, 0, 1009, 1009, 0, 0.6100424360965323 
4, 15, 15, 0, 1000, 1000, 0, 2.09171870720165 
1, 15, 15, 0, 1009, 2006, 0.009508010051630943, 0 
1, 15, 15, 0, 1009, 2008, 0, 0 
1, 15, 15, 0, 1009, 2007, 0.00524864821077119, 0 
4, 15, 16, 0, 1009, 1009, 0, 0.5956343042085109 
4, 15, 16, 0, 1000, 1000, 0, 2.09171870720165 
1, 15, 16, 0, 1009, 2006, 0.009283447538089929, 0 
1, 15, 16, 0, 1009, 2008, 0, 0 
1, 15, 16, 0, 1009, 2007, 0.005124684349931441, 0 
4, 15, 17, 0, 1009, 1009, 0, 0.581566467113473 
4, 15, 17, 0, 1000, 1000, 0, 2.09171870720165 
1, 15, 17, 0, 1009, 2006, 0.009064188797074817, 0 
1, 15, 17, 0, 1009, 2008, 0, 0 
1, 15, 17, 0, 1009, 2007, 0.005003648297963078, 0 
4, 15, 18, 0, 1009, 1009, 0, 0.5678308876455298 
4, 15, 18, 0, 1000, 1000, 0, 2.09171870720165 
1, 15, 18, 0, 1009, 2006, 0.008850108562785187, 0 
1, 15, 18, 0, 1009, 2008, 0, 0 
1, 15, 18, 0, 1009, 2007, 0.00488547090515805, 0 
4, 15, 19, 0, 1009, 1009, 0, 0.5544197184625479 
4, 15, 19, 0, 1000, 1000, 0, 2.09171870720165 
1, 15, 19, 0, 1009, 2006, 0.008641084527978904, 0 
1, 15, 19, 0, 1009, 2008, 0, 0 
1, 15, 19, 0, 1009, 2007, 0.004770084655003005, 0 
1, 15, 20, 0, 1009, 1009, 0, 0.5544197184625479 
3, 15, 15, 0, 1005, 2006, 0.19078005259638567, 0 
3, 15, 15, 0, 1005, 2007, 2.8617050815034074E-07, 0 
1, 16, 16, 0, 1000, 1009, 0.5495632722098954, 0 
4, 16, 16, 0, 1009, 1009, 0, 0.5365835520489856 
4, 16, 16, 0, 1000, 1000, 0, 1.839842259137476 
1, 16, 16, 0, 1009, 2006, 0.008363093294077447, 0 
1, 16, 16, 0, 1009, 2008, 0, 0 
1, 16, 16, 0, 1009, 2007, 0.004616626866832422, 0 
4, 16, 17, 0, 1009, 1009, 0, 0.5239103901025248 
4, 16, 17, 0, 1000, 1000, 0, 1.839842259137476 
1, 16, 17, 0, 1009, 2006, 0.008165571705343579, 0 
1, 16, 17, 0, 1009, 2008, 0, 0 
1, 16, 17, 0, 1009, 2007, 0.004507590241117153, 0 
4, 16, 18, 0, 1009, 1009, 0, 0.5115365460034113 
4, 16, 18, 0, 1000, 1000, 0, 1.839842259137476 
1, 16, 18, 0, 1009, 2006, 0.007972715229940858, 0 
1, 16, 18, 0, 1009, 2008, 0, 0 
1, 16, 18, 0, 1009, 2007, 0.004401128869172715, 0 
4, 16, 19, 0, 1009, 1009, 0, 0.4994549503893091 
4, 16, 19, 0, 1000, 1000, 0, 1.839842259137476 
1, 16, 19, 0, 1009, 2006, 0.007784413686078302, 0 
1, 16, 19, 0, 1009, 2008, 0, 0 
1, 16, 19, 0, 1009, 2007, 0.004297181928023856, 0 
1, 16, 20, 0, 1009, 1009, 0, 0.4994549503893091 
3, 16, 16, 0, 1005, 2006, 0.16001334135673698, 0 
3, 16, 16, 0, 1005, 2007, 2.4002037206566356E-07, 0 
1, 17, 17, 0, 1000, 1009, 0.49441877010769897, 0 
4, 17, 17, 0, 1009, 1009, 0, 0.4827414663233803 
4, 17, 17, 0, 1000, 1000, 0, 1.655228056447514 
1, 17, 17, 0, 1009, 2006, 0.007523920374312221, 0 
1, 17, 17, 0, 1009, 2008, 0, 0 
1, 17, 17, 0, 1009, 2007, 0.004153383410006472, 0 
4, 17, 18, 0, 1009, 1009, 0, 0.4713399599640694 
4, 17, 18, 0, 1000, 1000, 0, 1.655228056447514 
1, 17, 18, 0, 1009, 2006, 0.007346218577431176, 0 
1, 17, 18, 0, 1009, 2008, 0, 0 
1, 17, 18, 0, 1009, 2007, 0.004055287781879689, 0 
4, 17, 19, 0, 1009, 1009, 0, 0.4602077371785345 
4, 17, 19, 0, 1000, 1000, 0, 1.655228056447514 
1, 17, 19, 0, 1009, 2006, 0.0071727137851758365, 0 
1, 17, 19, 0, 1009, 2008, 0, 0 
1, 17, 19, 0, 1009, 2007, 0.003959509000359048, 0 
1, 17, 20, 0, 1009, 1009, 0, 0.4602077371785345 
3, 17, 17, 0, 1005, 2006, 0.13805309280789085, 0 
3, 17, 17, 0, 1005, 2007, 2.0707994983176102E-07, 0 
1, 18, 18, 0, 1000, 1009, 0.45352514688206935, 0 
4, 18, 18, 0, 1009, 1009, 0, 0.4428136787215542 
4, 18, 18, 0, 1000, 1000, 0, 1.51832331782258 
1, 18, 18, 0, 1009, 2006, 0.006901613165183127, 0 
1, 18, 18, 0, 1009, 2008, 0, 0 
1, 18, 18, 0, 1009, 2007, 0.0038098549953320317, 0 
4, 18, 19, 0, 1009, 1009, 0, 0.432355196643382 
4, 18, 19, 0, 1000, 1000, 0, 1.51832331782258 
1, 18, 19, 0, 1009, 2006, 0.006738609172607901, 0 
1, 18, 19, 0, 1009, 2008, 0, 0 
1, 18, 19, 0, 1009, 2007, 0.0037198729055642815, 0 
1, 18, 20, 0, 1009, 1009, 0, 0.432355196643382 
3, 18, 18, 0, 1005, 2006, 0.12232163835481996, 0 
3, 18, 18, 0, 1005, 2007, 1.834827327563291E-07, 0 
1, 19, 19, 0, 1000, 1009, 0.422743961604876, 0 
4, 19, 19, 0, 1009, 1009, 0, 0.41275949102830145 
4, 19, 19, 0, 1000, 1000, 0, 1.41527326276415 
1, 19, 19, 0, 1009, 2006, 0.006433194081898503, 0 
1, 19, 19, 0, 1009, 2008, 0, 0 
1, 19, 19, 0, 1009, 2007, 0.00355127649467603, 0 
1, 19, 20, 0, 1009, 1009, 0, 0.41275949102830145 
3, 19, 19, 0, 1005, 2006, 0.11099627709390444, 0 
3, 19, 19, 0, 1005, 2007, 1.6649466538285475E-07, 0 
1, 1, 1, 0, 1004, 1010, 3.4638506351313154, 0 
4, 1, 1, 0, 1010, 1010, 0, 3.296529860207229 
4, 1, 1, 0, 1004, 1004, 0, 2.5083056323364703 
1, 1, 1, 0, 1010, 2006, 0.10780812169908734, 0 
1, 1, 1, 0, 1010, 2008, 0, 0 
1, 1, 1, 0, 1010, 2007, 0.05951265322499903, 0 
4, 1, 2, 0, 1010, 1010, 0, 3.1372914897139954 
4, 1, 2, 0, 1004, 1004, 0, 2.5083056323364703 
1, 1, 2, 0, 1010, 2006, 0.1026004668762003, 0 
1, 1, 2, 0, 1010, 2008, 0, 0 
1, 1, 2, 0, 1010, 2007, 0.056637903617033344, 0 
4, 1, 3, 0, 1010, 1010, 0, 2.9857451043422754 
4, 1, 3, 0, 1004, 1004, 0, 2.5083056323364703 
1, 1, 3, 0, 1010, 2006, 0.09764436702270667, 0 
1, 1, 3, 0, 1010, 2008, 0, 0 
1, 1, 3, 0, 1010, 2007, 0.053902018349013384, 0 
4, 1, 4, 0, 1010, 1010, 0, 2.8415191439277305 
4, 1, 4, 0, 1004, 1004, 0, 2.5083056323364703 
1, 1, 4, 0, 1010, 2006, 0.09292767081429952, 0 
1, 1, 4, 0, 1010, 2008, 0, 0 
1, 1, 4, 0, 1010, 2007, 0.05129828960024531, 0 
4, 1, 5, 0, 1010, 1010, 0, 2.704259996462906 
4, 1, 5, 0, 1004, 1004, 0, 2.5083056323364703 
1, 1, 5, 0, 1010, 2006, 0.08843881389453578, 0 
1, 1, 5, 0, 1010, 2008, 0, 0 
1, 1, 5, 0, 1010, 2007, 0.04882033357028881, 0 
4, 1, 6, 0, 1010, 1010, 0, 2.5736311311142632 
4, 1, 6, 0, 1004, 1004, 0, 2.5083056323364703 
1, 1, 6, 0, 1010, 2006, 0.08416679052143747, 0 
1, 1, 6, 0, 1010, 2008, 0, 0 
1, 1, 6, 0, 1010, 2007, 0.04646207482720524, 0 
4, 1, 7, 0, 1010, 1010, 0, 2.4493122731186827 
4, 1, 7, 0, 1004, 1004, 0, 2.5083056323364703 
1, 1, 7, 0, 1010, 2006, 0.08010112658371243, 0 
1, 1, 7, 0, 1010, 2008, 0, 0 
1, 1, 7, 0, 1010, 2007, 0.04421773141186808, 0 
4, 1, 8, 0, 1010, 1010, 0, 2.3309986185364733 
4, 1, 8, 0, 1004, 1004, 0, 2.5083056323364703 
1, 1, 8, 0, 1010, 2006, 0.07623185392040918, 0 
1, 1, 8, 0, 1010, 2008, 0, 0 
1, 1, 8, 0, 1010, 2007, 0.042081800661800256, 0 
4, 1, 9, 0, 1010, 1010, 0, 2.218400086935612 
4, 1, 9, 0, 1004, 1004, 0, 2.5083056323364703 
1, 1, 9, 0, 1010, 2006, 0.07254948588106697, 0 
1, 1, 9, 0, 1010, 2008, 0, 0 
1, 1, 9, 0, 1010, 2007, 0.04004904571979435, 0 
4, 1, 10, 0, 1010, 1010, 0, 2.111240610174959 
4, 1, 10, 0, 1004, 1004, 0, 2.5083056323364703 
1, 1, 10, 0, 1010, 2006, 0.06904499406642392, 0 
1, 1, 10, 0, 1010, 2008, 0, 0 
1, 1, 10, 0, 1010, 2007, 0.03811448269422904, 0 
4, 1, 11, 0, 1010, 1010, 0, 2.0092574555426914 
4, 1, 11, 0, 1004, 1004, 0, 2.5083056323364703 
1, 1, 11, 0, 1010, 2006, 0.06570978619266266, 0 
1, 1, 11, 0, 1010, 2008, 0, 0 
1, 1, 11, 0, 1010, 2007, 0.036273368439604936, 0 
4, 1, 12, 0, 1010, 1010, 0, 1.9122005815904302 
4, 1, 12, 0, 1004, 1004, 0, 2.5083056323364703 
1, 1, 12, 0, 1010, 2006, 0.06253568502492098, 0 
1, 1, 12, 0, 1010, 2008, 0, 0 
1, 1, 12, 0, 1010, 2007, 0.03452118892734028, 0 
4, 1, 13, 0, 1010, 1010, 0, 1.8198320250837001 
4, 1, 13, 0, 1004, 1004, 0, 2.5083056323364703 
1, 1, 13, 0, 1010, 2006, 0.0595149083284163, 0 
1, 1, 13, 0, 1010, 2008, 0, 0 
1, 1, 13, 0, 1010, 2007, 0.03285364817831374, 0 
4, 1, 14, 0, 1010, 1010, 0, 1.7319253175656577 
4, 1, 14, 0, 1004, 1004, 0, 2.5083056323364703 
1, 1, 14, 0, 1010, 2006, 0.05664004978802509, 0 
1, 1, 14, 0, 1010, 2008, 0, 0 
1, 1, 14, 0, 1010, 2007, 0.03126665773001733, 0 
4, 1, 15, 0, 1010, 1010, 0, 1.6482649301036145 
4, 1, 15, 0, 1004, 1004, 0, 2.5083056323364703 
1, 1, 15, 0, 1010, 2006, 0.05390406084954367, 0 
1, 1, 15, 0, 1010, 2008, 0, 0 
1, 1, 15, 0, 1010, 2007, 0.029756326612499516, 0 
4, 1, 16, 0, 1010, 1010, 0, 1.5686457448569977 
4, 1, 16, 0, 1004, 1004, 0, 2.5083056323364703 
1, 1, 16, 0, 1010, 2006, 0.05130023343810015, 0 
1, 1, 16, 0, 1010, 2008, 0, 0 
1, 1, 16, 0, 1010, 2007, 0.028318951808516672, 0 
4, 1, 17, 0, 1010, 1010, 0, 1.492872552171138 
4, 1, 17, 0, 1004, 1004, 0, 2.5083056323364703 
1, 1, 17, 0, 1010, 2006, 0.04882218351135319, 0 
1, 1, 17, 0, 1010, 2008, 0, 0 
1, 1, 17, 0, 1010, 2007, 0.026951009174506615, 0 
4, 1, 18, 0, 1010, 1010, 0, 1.420759571963865 
4, 1, 18, 0, 1004, 1004, 0, 2.5083056323364703 
1, 1, 18, 0, 1010, 2006, 0.046463835407150045, 0 
1, 1, 18, 0, 1010, 2008, 0, 0 
1, 1, 18, 0, 1010, 2007, 0.02564914480012281, 0 
4, 1, 19, 0, 1010, 1010, 0, 1.352129998231453 
4, 1, 19, 0, 1004, 1004, 0, 2.5083056323364703 
1, 1, 19, 0, 1010, 2006, 0.044219406947267746, 0 
1, 1, 19, 0, 1010, 2008, 0, 0 
1, 1, 19, 0, 1010, 2007, 0.02441016678514433, 0 
1, 1, 20, 0, 1010, 1010, 0, 1.352129998231453 
1, 2, 2, 0, 1004, 1010, 3.1436723263463495, 0 
4, 2, 2, 0, 1010, 1010, 0, 2.9918177156374397 
4, 2, 2, 0, 1004, 1004, 0, 2.2764523742508054 
1, 2, 2, 0, 1010, 2006, 0.09784296277196478, 0 
1, 2, 2, 0, 1010, 2008, 0, 0 
1, 2, 2, 0, 1010, 2007, 0.054011647936945045, 0 
4, 2, 3, 0, 1010, 1010, 0, 2.847298418663456 
4, 2, 3, 0, 1004, 1004, 0, 2.2764523742508054 
1, 2, 3, 0, 1010, 2006, 0.09311667342627732, 0 
1, 2, 3, 0, 1010, 2008, 0, 0 
1, 2, 3, 0, 1010, 2007, 0.0514026235477066, 0 
4, 2, 4, 0, 1010, 1010, 0, 2.7097601042168127 
4, 2, 4, 0, 1004, 1004, 0, 2.2764523742508054 
1, 2, 4, 0, 1010, 2006, 0.08861868676426109, 0 
1, 2, 4, 0, 1010, 2008, 0, 0 
1, 2, 4, 0, 1010, 2007, 0.04891962768238202, 0 
4, 2, 5, 0, 1010, 1010, 0, 2.578865557004692 
4, 2, 5, 0, 1004, 1004, 0, 2.2764523742508054 
1, 2, 5, 0, 1010, 2006, 0.08433797465971353, 0 
1, 2, 5, 0, 1010, 2008, 0, 0 
1, 2, 5, 0, 1010, 2007, 0.04655657255240704, 0 
4, 2, 6, 0, 1010, 1010, 0, 2.454293850867397 
4, 2, 6, 0, 1004, 1004, 0, 2.2764523742508054 
1, 2, 6, 0, 1010, 2006, 0.0802640416983821, 0 
1, 2, 6, 0, 1010, 2008, 0, 0 
1, 2, 6, 0, 1010, 2007, 0.044307664438913194, 0 
4, 2, 7, 0, 1010, 1010, 0, 2.3357395619342705 
4, 2, 7, 0, 1004, 1004, 0, 2.2764523742508054 
1, 2, 7, 0, 1010, 2006, 0.07638689944539198, 0 
1, 2, 7, 0, 1010, 2008, 0, 0 
1, 2, 7, 0, 1010, 2007, 0.04216738948773438, 0 
4, 2, 8, 0, 1010, 1010, 0, 2.222912019787993 
4, 2, 8, 0, 1004, 1004, 0, 2.2764523742508054 
1, 2, 8, 0, 1010, 2006, 0.07269704195568948, 0 
1, 2, 8, 0, 1010, 2008, 0, 0 
1, 2, 8, 0, 1010, 2007, 0.04013050019058796, 0 
4, 2, 9, 0, 1010, 1010, 0, 2.1155345948012796 
4, 2, 9, 0, 1004, 1004, 0, 2.2764523742508054 
1, 2, 9, 0, 1010, 2006, 0.0691854224674392, 0 
1, 2, 9, 0, 1010, 2008, 0, 0 
1, 2, 9, 0, 1010, 2007, 0.03819200251927424, 0 
4, 2, 10, 0, 1010, 1010, 0, 2.0133440198986627 
4, 2, 10, 0, 1004, 1004, 0, 2.2764523742508054 
1, 2, 10, 0, 1010, 2006, 0.06584343122125409, 0 
1, 2, 10, 0, 1010, 2008, 0, 0 
1, 2, 10, 0, 1010, 2007, 0.036347143681362756, 0 
4, 2, 11, 0, 1010, 1010, 0, 1.9160897450804737 
4, 2, 11, 0, 1004, 1004, 0, 2.2764523742508054 
1, 2, 11, 0, 1010, 2006, 0.06266287435085556, 0 
1, 2, 11, 0, 1010, 2008, 0, 0 
1, 2, 11, 0, 1010, 2007, 0.03459140046733348, 0 
4, 2, 12, 0, 1010, 1010, 0, 1.8235333231264406 
4, 2, 12, 0, 1004, 1004, 0, 2.2764523742508054 
1, 2, 12, 0, 1010, 2006, 0.059635953793422625, 0 
1, 2, 12, 0, 1010, 2008, 0, 0 
1, 2, 12, 0, 1010, 2007, 0.032920468160610505, 0 
4, 2, 13, 0, 1010, 1010, 0, 1.7354478249727818 
4, 2, 13, 0, 1004, 1004, 0, 2.2764523742508054 
1, 2, 13, 0, 1010, 2006, 0.0567552481703654, 0 
1, 2, 13, 0, 1010, 2008, 0, 0 
1, 2, 13, 0, 1010, 2007, 0.03133024998329334, 0 
4, 2, 14, 0, 1010, 1010, 0, 1.6516172833294185 
4, 2, 14, 0, 1004, 1004, 0, 2.2764523742508054 
1, 2, 14, 0, 1010, 2006, 0.05401369459165187, 0 
1, 2, 14, 0, 1010, 2008, 0, 0 
1, 2, 14, 0, 1010, 2007, 0.029816847051711476, 0 
4, 2, 15, 0, 1010, 1010, 0, 1.5718361631731748 
4, 2, 15, 0, 1004, 1004, 0, 2.2764523742508054 
1, 2, 15, 0, 1010, 2006, 0.051404571339070955, 0 
1, 2, 15, 0, 1010, 2008, 0, 0 
1, 2, 15, 0, 1010, 2007, 0.02837654881717277, 0 
4, 2, 16, 0, 1010, 1010, 0, 1.4959088578187199 
4, 2, 16, 0, 1004, 1004, 0, 2.2764523742508054 
1, 2, 16, 0, 1010, 2006, 0.04892148138598239, 0 
1, 2, 16, 0, 1010, 2008, 0, 0 
1, 2, 16, 0, 1010, 2007, 0.027005823968472523, 0 
4, 2, 17, 0, 1010, 1010, 0, 1.423649209331728 
4, 2, 17, 0, 1004, 1004, 0, 2.2764523742508054 
1, 2, 17, 0, 1010, 2006, 0.04655833671313866, 0 
1, 2, 17, 0, 1010, 2008, 0, 0 
1, 2, 17, 0, 1010, 2007, 0.0257013117738533, 0 
4, 2, 18, 0, 1010, 1010, 0, 1.3548800521084063 
4, 2, 18, 0, 1004, 1004, 0, 2.2764523742508054 
1, 2, 18, 0, 1010, 2006, 0.044309343382130544, 0 
1, 2, 18, 0, 1010, 2008, 0, 0 
1, 2, 18, 0, 1010, 2007, 0.02445981384119101, 0 
4, 2, 19, 0, 1010, 1010, 0, 1.2894327785023458 
4, 2, 19, 0, 1004, 1004, 0, 2.2764523742508054 
1, 2, 19, 0, 1010, 2006, 0.04216898732985691, 0 
1, 2, 19, 0, 1010, 2008, 0, 0 
1, 2, 19, 0, 1010, 2007, 0.0232782862762036, 0 
1, 2, 20, 0, 1010, 1010, 0, 1.2894327785023458 
1, 3, 3, 0, 1004, 1010, 3.467670745131484, 0 
4, 3, 3, 0, 1010, 1010, 0, 3.300165440378357 
4, 3, 3, 0, 1004, 1004, 0, 2.5110719188883164 
1, 3, 3, 0, 1010, 2006, 0.10792701795853477, 0 
1, 3, 3, 0, 1010, 2008, 0, 0 
1, 3, 3, 0, 1010, 2007, 0.0595782867945922, 0 
4, 3, 4, 0, 1010, 1010, 0, 3.1407514537412395 
4, 3, 4, 0, 1004, 1004, 0, 2.5110719188883164 
1, 3, 4, 0, 1010, 2006, 0.10271361987002761, 0 
1, 3, 4, 0, 1010, 2008, 0, 0 
1, 3, 4, 0, 1010, 2007, 0.056700366767089984, 0 
4, 3, 5, 0, 1010, 1010, 0, 2.9890379353365946 
4, 3, 5, 0, 1004, 1004, 0, 2.5110719188883164 
1, 3, 5, 0, 1010, 2006, 0.09775205417848085, 0 
1, 3, 5, 0, 1010, 2008, 0, 0 
1, 3, 5, 0, 1010, 2007, 0.05396146422616412, 0 
4, 3, 6, 0, 1010, 1010, 0, 2.844652915224707 
4, 3, 6, 0, 1004, 1004, 0, 2.5110719188883164 
1, 3, 6, 0, 1010, 2006, 0.09303015615849133, 0 
1, 3, 6, 0, 1010, 2008, 0, 0 
1, 3, 6, 0, 1010, 2007, 0.05135486395339614, 0 
4, 3, 7, 0, 1010, 1010, 0, 2.707242391416883 
4, 3, 7, 0, 1004, 1004, 0, 2.5110719188883164 
1, 3, 7, 0, 1010, 2006, 0.08853634869985733, 0 
1, 3, 7, 0, 1010, 2008, 0, 0 
1, 3, 7, 0, 1010, 2007, 0.04887417510796693, 0 
4, 3, 8, 0, 1010, 1010, 0, 2.576469461936326 
4, 3, 8, 0, 1004, 1004, 0, 2.5110719188883164 
1, 3, 8, 0, 1010, 2006, 0.0842596139229124, 0 
1, 3, 8, 0, 1010, 2008, 0, 0 
1, 3, 8, 0, 1010, 2007, 0.04651331555764446, 0 
4, 3, 9, 0, 1010, 1010, 0, 2.4520134988046807 
4, 3, 9, 0, 1004, 1004, 0, 2.5110719188883164 
1, 3, 9, 0, 1010, 2006, 0.08018946616498171, 0 
1, 3, 9, 0, 1010, 2008, 0, 0 
1, 3, 9, 0, 1010, 2007, 0.0442664969666636, 0 
4, 3, 10, 0, 1010, 1010, 0, 2.333569361929025 
4, 3, 10, 0, 1004, 1004, 0, 2.5110719188883164 
1, 3, 10, 0, 1010, 2006, 0.07631592627172233, 0 
1, 3, 10, 0, 1010, 2008, 0, 0 
1, 3, 10, 0, 1010, 2007, 0.04212821060393314, 0 
4, 3, 11, 0, 1010, 1010, 0, 2.2208466509619376 
4, 3, 11, 0, 1004, 1004, 0, 2.5110719188883164 
1, 3, 11, 0, 1010, 2006, 0.07262949713031391, 0 
1, 3, 11, 0, 1010, 2008, 0, 0 
1, 3, 11, 0, 1010, 2007, 0.04009321383677373, 0 
4, 3, 12, 0, 1010, 1010, 0, 2.113568993300343 
4, 3, 12, 0, 1004, 1004, 0, 2.5110719188883164 
1, 3, 12, 0, 1010, 2006, 0.06912114038451847, 0 
1, 3, 12, 0, 1010, 2008, 0, 0 
1, 3, 12, 0, 1010, 2007, 0.038156517277075884, 0 
4, 3, 13, 0, 1010, 1010, 0, 2.0114733664774715 
4, 3, 13, 0, 1004, 1004, 0, 2.5110719188883164 
1, 3, 13, 0, 1010, 2006, 0.06578225427451266, 0 
1, 3, 13, 0, 1010, 2008, 0, 0 
1, 3, 13, 0, 1010, 2007, 0.036313372548358994, 0 
4, 3, 14, 0, 1010, 1010, 0, 1.9143094532865637 
4, 3, 14, 0, 1004, 1004, 0, 2.5110719188883164 
1, 3, 14, 0, 1010, 2006, 0.06260465254716577, 0 
1, 3, 14, 0, 1010, 2008, 0, 0 
1, 3, 14, 0, 1010, 2007, 0.03455926064374212, 0 
4, 3, 15, 0, 1010, 1010, 0, 1.8218390280552315 
4, 3, 15, 0, 1004, 1004, 0, 2.5110719188883164 
1, 3, 15, 0, 1010, 2006, 0.05958054438505196, 0 
1, 3, 15, 0, 1010, 2008, 0, 0 
1, 3, 15, 0, 1010, 2007, 0.03288988084628024, 0 
4, 3, 16, 0, 1010, 1010, 0, 1.733835372565742 
4, 3, 16, 0, 1004, 1004, 0, 2.5110719188883164 
1, 3, 16, 0, 1010, 2006, 0.056702515304987815, 0 
1, 3, 16, 0, 1010, 2008, 0, 0 
1, 3, 16, 0, 1010, 2007, 0.03130114018450159, 0 
4, 3, 17, 0, 1010, 1010, 0, 1.6500827201891786 
4, 3, 17, 0, 1004, 1004, 0, 2.5110719188883164 
1, 3, 17, 0, 1010, 2006, 0.05396350897926738, 0 
1, 3, 17, 0, 1010, 2008, 0, 0 
1, 3, 17, 0, 1010, 2007, 0.0297891433972961, 0 
4, 3, 18, 0, 1010, 1010, 0, 1.5703757268706198 
4, 3, 18, 0, 1004, 1004, 0, 2.5110719188883164 
1, 3, 18, 0, 1010, 2006, 0.051356809935013806, 0 
1, 3, 18, 0, 1010, 2008, 0, 0 
1, 3, 18, 0, 1010, 2007, 0.028350183383544992, 0 
4, 3, 19, 0, 1010, 1010, 0, 1.4945189676682975 
4, 3, 19, 0, 1004, 1004, 0, 2.5110719188883164 
1, 3, 19, 0, 1010, 2006, 0.048876027089240284, 0 
1, 3, 19, 0, 1010, 2008, 0, 0 
1, 3, 19, 0, 1010, 2007, 0.02698073211308198, 0 
1, 3, 20, 0, 1010, 1010, 0, 1.4945189676682975 
1, 4, 4, 0, 1004, 1010, 2.5238827941540474, 0 
4, 4, 4, 0, 1010, 1010, 0, 2.4019670219633062 
4, 4, 4, 0, 1004, 1004, 0, 1.8276392647322415 
1, 4, 4, 0, 1010, 2006, 0.07855277033793832, 0 
1, 4, 4, 0, 1010, 2008, 0, 0 
1, 4, 4, 0, 1010, 2007, 0.0433630018528028, 0 
4, 4, 5, 0, 1010, 1010, 0, 2.285940372493831 
4, 4, 5, 0, 1004, 1004, 0, 1.8276392647322415 
1, 4, 5, 0, 1010, 2006, 0.07475829078617231, 0 
1, 4, 5, 0, 1010, 2008, 0, 0 
1, 4, 5, 0, 1010, 2007, 0.04126835868330296, 0 
4, 4, 6, 0, 1010, 1010, 0, 2.1755183725736695 
4, 4, 6, 0, 1004, 1004, 0, 1.8276392647322415 
1, 4, 6, 0, 1010, 2006, 0.07114710298855842, 0 
1, 4, 6, 0, 1010, 2008, 0, 0 
1, 4, 6, 0, 1010, 2007, 0.03927489693160302, 0 
4, 4, 7, 0, 1010, 1010, 0, 2.0704302904639125 
4, 4, 7, 0, 1004, 1004, 0, 1.8276392647322415 
1, 4, 7, 0, 1010, 2006, 0.06771035306495868, 0 
1, 4, 7, 0, 1010, 2008, 0, 0 
1, 4, 7, 0, 1010, 2007, 0.03737772904479839, 0 
4, 4, 8, 0, 1010, 1010, 0, 1.9704184720808746 
4, 4, 8, 0, 1004, 1004, 0, 1.8276392647322415 
1, 4, 8, 0, 1010, 2006, 0.06443961482055895, 0 
1, 4, 8, 0, 1010, 2008, 0, 0 
1, 4, 8, 0, 1010, 2007, 0.03557220356247891, 0 
4, 4, 9, 0, 1010, 1010, 0, 1.8752377092819594 
4, 4, 9, 0, 1004, 1004, 0, 1.8276392647322415 
1, 4, 9, 0, 1010, 2006, 0.061326869086597034, 0 
1, 4, 9, 0, 1010, 2008, 0, 0 
1, 4, 9, 0, 1010, 2007, 0.03385389371231815, 0 
4, 4, 10, 0, 1010, 1010, 0, 1.7846546386663782 
4, 4, 10, 0, 1004, 1004, 0, 1.8276392647322415 
1, 4, 10, 0, 1010, 2006, 0.0583644840590313, 0 
1, 4, 10, 0, 1010, 2008, 0, 0 
1, 4, 10, 0, 1010, 2007, 0.03221858655654994, 0 
4, 4, 11, 0, 1010, 1010, 0, 1.698447169416711 
4, 4, 11, 0, 1004, 1004, 0, 1.8276392647322415 
1, 4, 11, 0, 1010, 2006, 0.055545196586945615, 0 
1, 4, 11, 0, 1010, 2008, 0, 0 
1, 4, 11, 0, 1010, 2007, 0.030662272662721653, 0 
4, 4, 12, 0, 1010, 1010, 0, 1.6164039387784903 
4, 4, 12, 0, 1004, 1004, 0, 1.8276392647322415 
1, 4, 12, 0, 1010, 2006, 0.052862094364818306, 0 
1, 4, 12, 0, 1010, 2008, 0, 0 
1, 4, 12, 0, 1010, 2007, 0.029181136273402304, 0 
4, 4, 13, 0, 1010, 1010, 0, 1.5383237938427634 
4, 4, 13, 0, 1004, 1004, 0, 1.8276392647322415 
1, 4, 13, 0, 1010, 2006, 0.05030859898498756, 0 
1, 4, 13, 0, 1010, 2008, 0, 0 
1, 4, 13, 0, 1010, 2007, 0.027771545950739343, 0 
4, 4, 14, 0, 1010, 1010, 0, 1.4640152983610657 
4, 4, 14, 0, 1004, 1004, 0, 1.8276392647322415 
1, 4, 14, 0, 1010, 2006, 0.04787844980876747, 0 
1, 4, 14, 0, 1010, 2008, 0, 0 
1, 4, 14, 0, 1010, 2007, 0.026430045672930242, 0 
4, 4, 15, 0, 1010, 1010, 0, 1.3932962633836226 
4, 4, 15, 0, 1004, 1004, 0, 1.8276392647322415 
1, 4, 15, 0, 1010, 2006, 0.04556568861666616, 0 
1, 4, 15, 0, 1010, 2008, 0, 0 
1, 4, 15, 0, 1010, 2007, 0.025153346360776978, 0 
4, 4, 16, 0, 1010, 1010, 0, 1.325993300570001 
4, 4, 16, 0, 1004, 1004, 0, 1.8276392647322415 
1, 4, 16, 0, 1010, 2006, 0.04336464500007259, 0 
1, 4, 16, 0, 1010, 2008, 0, 0 
1, 4, 16, 0, 1010, 2007, 0.023938317813548885, 0 
4, 4, 17, 0, 1010, 1010, 0, 1.2619413970770237 
4, 4, 17, 0, 1004, 1004, 0, 1.8276392647322415 
1, 4, 17, 0, 1010, 2006, 0.041269922458595204, 0 
1, 4, 17, 0, 1010, 2008, 0, 0 
1, 4, 17, 0, 1010, 2007, 0.0227819810343822, 0 
4, 4, 18, 0, 1010, 1010, 0, 1.2009835109816531 
4, 4, 18, 0, 1004, 1004, 0, 1.8276392647322415 
1, 4, 18, 0, 1010, 2006, 0.03927638516896916, 0 
1, 4, 18, 0, 1010, 2008, 0, 0 
1, 4, 18, 0, 1010, 2007, 0.0216815009264014, 0 
4, 4, 19, 0, 1010, 1010, 0, 1.1429701862469155 
4, 4, 19, 0, 1004, 1004, 0, 1.8276392647322415 
1, 4, 19, 0, 1010, 2006, 0.037379145393086156, 0 
1, 4, 19, 0, 1010, 2008, 0, 0 
1, 4, 19, 0, 1010, 2007, 0.02063417934165148, 0 
1, 4, 20, 0, 1010, 1010, 0, 1.1429701862469155 
1, 5, 5, 0, 1004, 1010, 3.292301993514973, 0 
4, 5, 5, 0, 1010, 1010, 0, 3.1332678494754003 
4, 5, 5, 0, 1004, 1004, 0, 2.384080753924636 
1, 5, 5, 0, 1010, 2006, 0.10246887968757756, 0 
1, 5, 5, 0, 1010, 2008, 0, 0 
1, 5, 5, 0, 1010, 2007, 0.05656526435199527, 0 
4, 5, 6, 0, 1010, 1010, 0, 2.981915825429746 
4, 5, 6, 0, 1004, 1004, 0, 2.384080753924636 
1, 5, 6, 0, 1010, 2006, 0.09751913613309582, 0 
1, 5, 6, 0, 1010, 2008, 0, 0 
1, 5, 6, 0, 1010, 2007, 0.05383288791255824, 0 
4, 5, 7, 0, 1010, 1010, 0, 2.83787483774715 
4, 5, 7, 0, 1004, 1004, 0, 2.384080753924636 
1, 5, 7, 0, 1010, 2006, 0.09280848918365033, 0 
1, 5, 7, 0, 1010, 2008, 0, 0 
1, 5, 7, 0, 1010, 2007, 0.051232498498945775, 0 
4, 5, 8, 0, 1010, 1010, 0, 2.7007917279347615 
4, 5, 8, 0, 1004, 1004, 0, 2.384080753924636 
1, 5, 8, 0, 1010, 2006, 0.08832538931431821, 0 
1, 5, 8, 0, 1010, 2008, 0, 0 
1, 5, 8, 0, 1010, 2007, 0.04875772049807037, 0 
4, 5, 9, 0, 1010, 1010, 0, 2.5703303967666886 
4, 5, 9, 0, 1004, 1004, 0, 2.384080753924636 
1, 5, 9, 0, 1010, 2006, 0.08405884489821273, 0 
1, 5, 9, 0, 1010, 2008, 0, 0 
1, 5, 9, 0, 1010, 2007, 0.04640248626986017, 0 
4, 5, 10, 0, 1010, 1010, 0, 2.4461709802387204 
4, 5, 10, 0, 1004, 1004, 0, 2.384080753924636 
1, 5, 10, 0, 1010, 2006, 0.0799983952573005, 0 
1, 5, 10, 0, 1010, 2008, 0, 0 
1, 5, 10, 0, 1010, 2007, 0.04416102127066775, 0 
4, 5, 11, 0, 1010, 1010, 0, 2.3280090653284264 
4, 5, 11, 0, 1004, 1004, 0, 2.384080753924636 
1, 5, 11, 0, 1010, 2006, 0.07613408501500059, 0 
1, 5, 11, 0, 1010, 2008, 0, 0 
1, 5, 11, 0, 1010, 2007, 0.04202782989529334, 0 
4, 5, 12, 0, 1010, 1010, 0, 2.215554943637846 
4, 5, 12, 0, 1004, 1004, 0, 2.384080753924636 
1, 5, 12, 0, 1010, 2006, 0.07245643968767472, 0 
1, 5, 12, 0, 1010, 2008, 0, 0 
1, 5, 12, 0, 1010, 2007, 0.03999768200290561, 0 
4, 5, 13, 0, 1010, 1010, 0, 2.1085329010888545 
4, 5, 13, 0, 1004, 1004, 0, 2.384080753924636 
1, 5, 13, 0, 1010, 2006, 0.06895644245516627, 0 
1, 5, 13, 0, 1010, 2008, 0, 0 
1, 5, 13, 0, 1010, 2007, 0.03806560009382534, 0 
4, 5, 14, 0, 1010, 1010, 0, 2.006680541929683 
4, 5, 14, 0, 1004, 1004, 0, 2.384080753924636 
1, 5, 14, 0, 1010, 2006, 0.06562551205343728, 0 
1, 5, 14, 0, 1010, 2008, 0, 0 
1, 5, 14, 0, 1010, 2007, 0.03622684710573407, 0 
4, 5, 15, 0, 1010, 1010, 0, 1.9097481453952028 
4, 5, 15, 0, 1004, 1004, 0, 2.384080753924636 
1, 5, 15, 0, 1010, 2006, 0.0624554817350964, 0 
1, 5, 15, 0, 1010, 2008, 0, 0 
1, 5, 15, 0, 1010, 2007, 0.03447691479938398, 0 
4, 5, 16, 0, 1010, 1010, 0, 1.817498053443635 
4, 5, 16, 0, 1004, 1004, 0, 2.384080753924636 
1, 5, 16, 0, 1010, 2006, 0.059438579246234205, 0 
1, 5, 16, 0, 1010, 2008, 0, 0 
1, 5, 16, 0, 1010, 2007, 0.032811512705333654, 0 
4, 5, 17, 0, 1010, 1010, 0, 1.7297040880685433 
4, 5, 17, 0, 1004, 1004, 0, 2.384080753924636 
1, 5, 17, 0, 1010, 2006, 0.056567407770479056, 0 
1, 5, 17, 0, 1010, 2008, 0, 0 
1, 5, 17, 0, 1010, 2007, 0.031226557604612598, 0 
4, 5, 18, 0, 1010, 1010, 0, 1.6461509967574866 
4, 5, 18, 0, 1004, 1004, 0, 2.384080753924636 
1, 5, 18, 0, 1010, 2006, 0.05383492779354006, 0 
1, 5, 18, 0, 1010, 2008, 0, 0 
1, 5, 18, 0, 1010, 2007, 0.029718163517516646, 0 
4, 5, 19, 0, 1010, 1010, 0, 1.5666339247377001 
4, 5, 19, 0, 1004, 1004, 0, 2.384080753924636 
1, 5, 19, 0, 1010, 2006, 0.05123443984378878, 0 
1, 5, 19, 0, 1010, 2008, 0, 0 
1, 5, 19, 0, 1010, 2007, 0.028282632175997635, 0 
1, 5, 20, 0, 1010, 1010, 0, 1.5666339247377001 
1, 6, 6, 0, 1004, 1010, 2.4247793094166017, 0 
4, 6, 6, 0, 1010, 1010, 0, 2.3076507158922173 
4, 6, 6, 0, 1004, 1004, 0, 1.7558746723361605 
1, 6, 6, 0, 1010, 2006, 0.07546829537963137, 0 
1, 6, 6, 0, 1010, 2008, 0, 0 
1, 6, 6, 0, 1010, 2007, 0.041660298144753055, 0 
4, 6, 7, 0, 1010, 1010, 0, 2.19618000115611 
4, 6, 7, 0, 1004, 1004, 0, 1.7558746723361605 
1, 6, 7, 0, 1010, 2006, 0.0718228109187687, 0 
1, 6, 7, 0, 1010, 2008, 0, 0 
1, 6, 7, 0, 1010, 2007, 0.03964790381733867, 0 
4, 6, 8, 0, 1010, 1010, 0, 2.0900938622391263 
4, 6, 8, 0, 1004, 1004, 0, 1.7558746723361605 
1, 6, 8, 0, 1010, 2006, 0.06835342102699088, 0 
1, 6, 8, 0, 1010, 2008, 0, 0 
1, 6, 8, 0, 1010, 2007, 0.037732717889992724, 0 
4, 6, 9, 0, 1010, 1010, 0, 1.9891321980302226 
4, 6, 9, 0, 1004, 1004, 0, 1.7558746723361605 
1, 6, 9, 0, 1010, 2006, 0.06505161948308086, 0 
1, 6, 9, 0, 1010, 2008, 0, 0 
1, 6, 9, 0, 1010, 2007, 0.035910044725822876, 0 
4, 6, 10, 0, 1010, 1010, 0, 1.8930474715627226 
4, 6, 10, 0, 1004, 1004, 0, 1.7558746723361605 
1, 6, 10, 0, 1010, 2006, 0.0619093109575396, 0 
1, 6, 10, 0, 1010, 2008, 0, 0 
1, 6, 10, 0, 1010, 2007, 0.034175415509960394, 0 
4, 6, 11, 0, 1010, 1010, 0, 1.8016041031052519 
4, 6, 11, 0, 1004, 1004, 0, 1.7558746723361605 
1, 6, 11, 0, 1010, 2006, 0.05891879116451752, 0 
1, 6, 11, 0, 1010, 2008, 0, 0 
1, 6, 11, 0, 1010, 2007, 0.032524577292953175, 0 
4, 6, 12, 0, 1010, 1010, 0, 1.714577892569313 
4, 6, 12, 0, 1004, 1004, 0, 1.7558746723361605 
1, 6, 12, 0, 1010, 2006, 0.05607272797251618, 0 
1, 6, 12, 0, 1010, 2008, 0, 0 
1, 6, 12, 0, 1010, 2007, 0.030953482563422768, 0 
4, 6, 13, 0, 1010, 1010, 0, 1.631755469817378 
4, 6, 13, 0, 1004, 1004, 0, 1.7558746723361605 
1, 6, 13, 0, 1010, 2006, 0.05336414342752674, 0 
1, 6, 13, 0, 1010, 2008, 0, 0 
1, 6, 13, 0, 1010, 2007, 0.029458279324408226, 0 
4, 6, 14, 0, 1010, 1010, 0, 1.5529337715237648 
4, 6, 14, 0, 1004, 1004, 0, 1.7558746723361605 
1, 6, 14, 0, 1010, 2006, 0.05078639664454085, 0 
1, 6, 14, 0, 1010, 2008, 0, 0 
1, 6, 14, 0, 1010, 2007, 0.028035301649072336, 0 
4, 6, 15, 0, 1010, 1010, 0, 1.477919543305668 
4, 6, 15, 0, 1004, 1004, 0, 1.7558746723361605 
1, 6, 15, 0, 1010, 2006, 0.04833316752548412, 0 
1, 6, 15, 0, 1010, 2008, 0, 0 
1, 6, 15, 0, 1010, 2007, 0.02668106069261266, 0 
4, 6, 16, 0, 1010, 1010, 0, 1.4065288659036728 
4, 6, 16, 0, 1004, 1004, 0, 1.7558746723361605 
1, 6, 16, 0, 1010, 2006, 0.045998441263653565, 0 
1, 6, 16, 0, 1010, 2008, 0, 0 
1, 6, 16, 0, 1010, 2007, 0.025392236138341663, 0 
4, 6, 17, 0, 1010, 1010, 0, 1.3385867042500492 
4, 6, 17, 0, 1004, 1004, 0, 1.7558746723361605 
1, 6, 17, 0, 1010, 2006, 0.04377649359666272, 0 
1, 6, 17, 0, 1010, 2008, 0, 0 
1, 6, 17, 0, 1010, 2007, 0.024165668056960823, 0 
4, 6, 18, 0, 1010, 1010, 0, 1.2739264783192317 
4, 6, 18, 0, 1004, 1004, 0, 1.7558746723361605 
1, 6, 18, 0, 1010, 2006, 0.04166187677174436, 0 
1, 6, 18, 0, 1010, 2008, 0, 0 
1, 6, 18, 0, 1010, 2007, 0.022998349159073186, 0 
4, 6, 19, 0, 1010, 1010, 0, 1.2123896547083008 
4, 6, 19, 0, 1004, 1004, 0, 1.7558746723361605 
1, 6, 19, 0, 1010, 2006, 0.03964940618899495, 0 
1, 6, 19, 0, 1010, 2008, 0, 0 
1, 6, 19, 0, 1010, 2007, 0.021887417421935874, 0 
1, 6, 20, 0, 1010, 1010, 0, 1.2123896547083008 
1, 7, 7, 0, 1004, 1010, 1.724186252942996, 0 
4, 7, 7, 0, 1010, 1010, 0, 1.6408996998133916 
4, 7, 7, 0, 1004, 1004, 0, 1.2485486659242386 
1, 7, 7, 0, 1010, 2006, 0.053663191912466796, 0 
1, 7, 7, 0, 1010, 2008, 0, 0 
1, 7, 7, 0, 1010, 2007, 0.02962336121713774, 0 
4, 7, 8, 0, 1010, 1010, 0, 1.5616362908889856 
4, 7, 8, 0, 1004, 1004, 0, 1.2485486659242386 
1, 7, 8, 0, 1010, 2006, 0.051070999638173256, 0 
1, 7, 8, 0, 1010, 2008, 0, 0 
1, 7, 8, 0, 1010, 2007, 0.02819240928623272, 0 
4, 7, 9, 0, 1010, 1010, 0, 1.4862016888045295 
4, 7, 9, 0, 1004, 1004, 0, 1.2485486659242386 
1, 7, 9, 0, 1010, 2006, 0.048604022815056734, 0 
1, 7, 9, 0, 1010, 2008, 0, 0 
1, 7, 9, 0, 1010, 2007, 0.026830579269399336, 0 
4, 7, 10, 0, 1010, 1010, 0, 1.414410943631468 
4, 7, 10, 0, 1004, 1004, 0, 1.2485486659242386 
1, 7, 10, 0, 1010, 2006, 0.04625621292990699, 0 
1, 7, 10, 0, 1010, 2008, 0, 0 
1, 7, 10, 0, 1010, 2007, 0.025534532243154513, 0 
4, 7, 11, 0, 1010, 1010, 0, 1.3460880394192447 
4, 7, 11, 0, 1004, 1004, 0, 1.2485486659242386 
1, 7, 11, 0, 1010, 2006, 0.04402181364201972, 0 
1, 7, 11, 0, 1010, 2008, 0, 0 
1, 7, 11, 0, 1010, 2007, 0.02430109057020359, 0 
4, 7, 12, 0, 1010, 1010, 0, 1.281065462640863 
4, 7, 12, 0, 1004, 1004, 0, 1.2485486659242386 
1, 7, 12, 0, 1010, 2006, 0.04189534666984686, 0 
1, 7, 12, 0, 1010, 2008, 0, 0 
1, 7, 12, 0, 1010, 2007, 0.02312723010853478, 0 
4, 7, 13, 0, 1010, 1010, 0, 1.2191837914846164 
4, 7, 13, 0, 1004, 1004, 0, 1.2485486659242386 
1, 7, 13, 0, 1010, 2006, 0.03987159835939284, 0 
1, 7, 13, 0, 1010, 2008, 0, 0 
1, 7, 13, 0, 1010, 2007, 0.02201007279685381, 0 
4, 7, 14, 0, 1010, 1010, 0, 1.1602913049850194 
4, 7, 14, 0, 1004, 1004, 0, 1.2485486659242386 
1, 7, 14, 0, 1010, 2006, 0.037945606901420334, 0 
1, 7, 14, 0, 1010, 2008, 0, 0 
1, 7, 14, 0, 1010, 2007, 0.02094687959817666, 0 
4, 7, 15, 0, 1010, 1010, 0, 1.1042436110346094 
4, 7, 15, 0, 1004, 1004, 0, 1.2485486659242386 
1, 7, 15, 0, 1010, 2006, 0.03611265016612816, 0 
1, 7, 15, 0, 1010, 2008, 0, 0 
1, 7, 15, 0, 1010, 2007, 0.01993504378428182, 0 
4, 7, 16, 0, 1010, 1010, 0, 1.0509032923645818 
4, 7, 16, 0, 1004, 1004, 0, 1.2485486659242386 
1, 7, 16, 0, 1010, 2006, 0.03436823412547221, 0 
1, 7, 16, 0, 1010, 2008, 0, 0 
1, 7, 16, 0, 1010, 2007, 0.018972084544555432, 0 
4, 7, 17, 0, 1010, 1010, 0, 1.0001395696262745 
4, 7, 17, 0, 1004, 1004, 0, 1.2485486659242386 
1, 7, 17, 0, 1010, 2006, 0.03270808183474617, 0 
1, 7, 17, 0, 1010, 2008, 0, 0 
1, 7, 17, 0, 1010, 2007, 0.018055640903561147, 0 
4, 7, 18, 0, 1010, 1010, 0, 0.9518279807474528 
4, 7, 18, 0, 1004, 1004, 0, 1.2485486659242386 
1, 7, 18, 0, 1010, 2006, 0.031128122946402395, 0 
1, 7, 18, 0, 1010, 2008, 0, 0 
1, 7, 18, 0, 1010, 2007, 0.017183465932419303, 0 
4, 7, 19, 0, 1010, 1010, 0, 0.9058500757772361 
4, 7, 19, 0, 1004, 1004, 0, 1.2485486659242386 
1, 7, 19, 0, 1010, 2006, 0.029624483730410024, 0 
1, 7, 19, 0, 1010, 2008, 0, 0 
1, 7, 19, 0, 1010, 2007, 0.016353421239806674, 0 
1, 7, 20, 0, 1010, 1010, 0, 0.9058500757772361 
1, 8, 8, 0, 1004, 1010, 1.2215076954100896, 0 
4, 8, 8, 0, 1010, 1010, 0, 1.1625029530869546 
4, 8, 8, 0, 1004, 1004, 0, 0.8845400552969618 
1, 8, 8, 0, 1010, 2006, 0.03801793557364236, 0 
1, 8, 8, 0, 1010, 2008, 0, 0 
1, 8, 8, 0, 1010, 2007, 0.020986806749492663, 0 
4, 8, 9, 0, 1010, 1010, 0, 1.1063484258133864 
4, 8, 9, 0, 1004, 1004, 0, 0.8845400552969618 
1, 8, 9, 0, 1010, 2006, 0.03618148501290545, 0 
1, 8, 9, 0, 1010, 2008, 0, 0 
1, 8, 9, 0, 1010, 2007, 0.01997304226066273, 0 
4, 8, 10, 0, 1010, 1010, 0, 1.052906434387529 
4, 8, 10, 0, 1004, 1004, 0, 0.8845400552969618 
1, 8, 10, 0, 1010, 2006, 0.03443374391550849, 0 
1, 8, 10, 0, 1010, 2008, 0, 0 
1, 8, 10, 0, 1010, 2007, 0.01900824751034899, 0 
4, 8, 11, 0, 1010, 1010, 0, 1.0020459501803052 
4, 8, 11, 0, 1004, 1004, 0, 0.8845400552969618 
1, 8, 11, 0, 1010, 2006, 0.032770427184398425, 0 
1, 8, 11, 0, 1010, 2008, 0, 0 
1, 8, 11, 0, 1010, 2007, 0.018090057022825352, 0 
4, 8, 12, 0, 1010, 1010, 0, 0.9536422738805173 
4, 8, 12, 0, 1004, 1004, 0, 0.8845400552969618 
1, 8, 12, 0, 1010, 2006, 0.031187456713479354, 0 
1, 8, 12, 0, 1010, 2008, 0, 0 
1, 8, 12, 0, 1010, 2007, 0.01721621958630857, 0 
4, 8, 13, 0, 1010, 1010, 0, 0.9075767297581141 
4, 8, 13, 0, 1004, 1004, 0, 0.8845400552969618 
1, 8, 13, 0, 1010, 2006, 0.029680951388946802, 0 
1, 8, 13, 0, 1010, 2008, 0, 0 
1, 8, 13, 0, 1010, 2007, 0.016384592733456355, 0 
4, 8, 14, 0, 1010, 1010, 0, 0.8637363746960263 
4, 8, 14, 0, 1004, 1004, 0, 0.8845400552969618 
1, 8, 14, 0, 1010, 2006, 0.028247217573604433, 0 
1, 8, 14, 0, 1010, 2008, 0, 0 
1, 8, 14, 0, 1010, 2007, 0.0155931374884834, 0 
4, 8, 15, 0, 1010, 1010, 0, 0.8220137212771725 
4, 8, 15, 0, 1004, 1004, 0, 0.8845400552969618 
1, 8, 15, 0, 1010, 2006, 0.026882740050835834, 0 
1, 8, 15, 0, 1010, 2008, 0, 0 
1, 8, 15, 0, 1010, 2007, 0.014839913368017894, 0 
4, 8, 16, 0, 1010, 1010, 0, 0.7823064742477075 
4, 8, 16, 0, 1004, 1004, 0, 0.8845400552969618 
1, 8, 16, 0, 1010, 2006, 0.025584173406024917, 0 
1, 8, 16, 0, 1010, 2008, 0, 0 
1, 8, 16, 0, 1010, 2007, 0.014123073623440126, 0 
4, 8, 17, 0, 1010, 1010, 0, 0.7445172797103703 
4, 8, 17, 0, 1004, 1004, 0, 0.8845400552969618 
1, 8, 17, 0, 1010, 2006, 0.024348333824297106, 0 
1, 8, 17, 0, 1010, 2008, 0, 0 
1, 8, 17, 0, 1010, 2007, 0.013440860713040095, 0 
4, 8, 18, 0, 1010, 1010, 0, 0.7085534864330112 
4, 8, 18, 0, 1004, 1004, 0, 0.8845400552969618 
1, 8, 18, 0, 1010, 2006, 0.023172191284468017, 0 
1, 8, 18, 0, 1010, 2008, 0, 0 
1, 8, 18, 0, 1010, 2007, 0.012791601992891085, 0 
4, 8, 19, 0, 1010, 1010, 0, 0.6743269186870726 
4, 8, 19, 0, 1004, 1004, 0, 0.8845400552969618 
1, 8, 19, 0, 1010, 2006, 0.02205286213006314, 0 
1, 8, 19, 0, 1010, 2008, 0, 0 
1, 8, 19, 0, 1010, 2007, 0.012173705615875432, 0 
1, 8, 20, 0, 1010, 1010, 0, 0.6743269186870726 
1, 9, 9, 0, 1004, 1010, 2.394814023048113, 0 
4, 9, 9, 0, 1010, 1010, 0, 2.2791328980967513 
4, 9, 9, 0, 1004, 1004, 0, 1.7341756718624266 
1, 9, 9, 0, 1010, 2006, 0.07453566242866132, 0 
1, 9, 9, 0, 1010, 2008, 0, 0 
1, 9, 9, 0, 1010, 2007, 0.04114546252270031, 0 
4, 9, 10, 0, 1010, 1010, 0, 2.1690397321857247 
4, 9, 10, 0, 1004, 1004, 0, 1.7341756718624266 
1, 9, 10, 0, 1010, 2006, 0.07093522865979271, 0 
1, 9, 10, 0, 1010, 2008, 0, 0 
1, 9, 10, 0, 1010, 2007, 0.039157937251233975, 0 
4, 9, 11, 0, 1010, 1010, 0, 2.0642645998086064 
4, 9, 11, 0, 1004, 1004, 0, 1.7341756718624266 
1, 9, 11, 0, 1010, 2006, 0.06750871329322482, 0 
1, 9, 11, 0, 1010, 2008, 0, 0 
1, 9, 11, 0, 1010, 2007, 0.03726641908389341, 0 
4, 9, 12, 0, 1010, 1010, 0, 1.9645506141692575 
4, 9, 12, 0, 1004, 1004, 0, 1.7341756718624266 
1, 9, 12, 0, 1010, 2006, 0.06424771522714533, 0 
1, 9, 12, 0, 1010, 2008, 0, 0 
1, 9, 12, 0, 1010, 2007, 0.03546627041220364, 0 
4, 9, 13, 0, 1010, 1010, 0, 1.8696532973489182 
4, 9, 13, 0, 1004, 1004, 0, 1.7341756718624266 
1, 9, 13, 0, 1010, 2006, 0.061144239173681024, 0 
1, 9, 13, 0, 1010, 2008, 0, 0 
1, 9, 13, 0, 1010, 2007, 0.03375307764665828, 0 
4, 9, 14, 0, 1010, 1010, 0, 1.779339980897288 
4, 9, 14, 0, 1004, 1004, 0, 1.7341756718624266 
1, 9, 14, 0, 1010, 2006, 0.058190676056114304, 0 
1, 9, 14, 0, 1010, 2008, 0, 0 
1, 9, 14, 0, 1010, 2007, 0.032122640395515795, 0 
4, 9, 15, 0, 1010, 1010, 0, 1.6933892353779578 
4, 9, 15, 0, 1004, 1004, 0, 1.7341756718624266 
1, 9, 15, 0, 1010, 2006, 0.05537978435301486, 0 
1, 9, 15, 0, 1010, 2008, 0, 0 
1, 9, 15, 0, 1010, 2007, 0.03057096116631538, 0 
4, 9, 16, 0, 1010, 1010, 0, 1.6115903274695615 
4, 9, 16, 0, 1004, 1004, 0, 1.7341756718624266 
1, 9, 16, 0, 1010, 2006, 0.05270467234353789, 0 
1, 9, 16, 0, 1010, 2008, 0, 0 
1, 9, 16, 0, 1010, 2007, 0.02909423556485839, 0 
4, 9, 17, 0, 1010, 1010, 0, 1.533742703291579 
4, 9, 17, 0, 1004, 1004, 0, 1.7341756718624266 
1, 9, 17, 0, 1010, 2006, 0.05015878121035777, 0 
1, 9, 17, 0, 1010, 2008, 0, 0 
1, 9, 17, 0, 1010, 2007, 0.027688842967624864, 0 
4, 9, 18, 0, 1010, 1010, 0, 1.4596554966880004 
4, 9, 18, 0, 1004, 1004, 0, 1.7341756718624266 
1, 9, 18, 0, 1010, 2006, 0.04773586895881769, 0 
1, 9, 18, 0, 1010, 2008, 0, 0 
1, 9, 18, 0, 1010, 2007, 0.026351337644760792, 0 
4, 9, 19, 0, 1010, 1010, 0, 1.3891470612632786 
4, 9, 19, 0, 1004, 1004, 0, 1.7341756718624266 
1, 9, 19, 0, 1010, 2006, 0.04542999511285678, 0 
1, 9, 19, 0, 1010, 2008, 0, 0 
1, 9, 19, 0, 1010, 2007, 0.02507844031186507, 0 
1, 9, 20, 0, 1010, 1010, 0, 1.3891470612632786 
1, 10, 10, 0, 1004, 1010, 1.8752581626305367, 0 
4, 10, 10, 0, 1010, 1010, 0, 1.7846741040190819 
4, 10, 10, 0, 1004, 1004, 0, 1.3579455660428028 
1, 10, 10, 0, 1010, 2006, 0.05836512064453256, 0 
1, 10, 10, 0, 1010, 2008, 0, 0 
1, 10, 10, 0, 1010, 2007, 0.03221893796692224, 0 
4, 10, 11, 0, 1010, 1010, 0, 1.6984656944985308 
4, 10, 11, 0, 1004, 1004, 0, 1.3579455660428028 
1, 10, 11, 0, 1010, 2006, 0.05554580242228148, 0 
1, 10, 11, 0, 1010, 2008, 0, 0 
1, 10, 11, 0, 1010, 2007, 0.03066260709826961, 0 
4, 10, 12, 0, 1010, 1010, 0, 1.6164215690090675 
4, 10, 12, 0, 1004, 1004, 0, 1.3579455660428028 
1, 10, 12, 0, 1010, 2006, 0.052862670935370976, 0 
1, 10, 12, 0, 1010, 2008, 0, 0 
1, 10, 12, 0, 1010, 2007, 0.029181454554092295, 0 
4, 10, 13, 0, 1010, 1010, 0, 1.5383405724477504 
4, 10, 13, 0, 1004, 1004, 0, 1.3579455660428028 
1, 10, 13, 0, 1010, 2006, 0.05030914770438788, 0 
1, 10, 13, 0, 1010, 2008, 0, 0 
1, 10, 13, 0, 1010, 2007, 0.027771848856929293, 0 
4, 10, 14, 0, 1010, 1010, 0, 1.4640312664781059 
4, 10, 14, 0, 1004, 1004, 0, 1.3579455660428028 
1, 10, 14, 0, 1010, 2006, 0.04787897202236133, 0 
1, 10, 14, 0, 1010, 2008, 0, 0 
1, 10, 14, 0, 1010, 2007, 0.026430333947283145, 0 
4, 10, 15, 0, 1010, 1010, 0, 1.3933114601632122 
4, 10, 15, 0, 1004, 1004, 0, 1.3579455660428028 
1, 10, 15, 0, 1010, 2006, 0.04556618560481232, 0 
1, 10, 15, 0, 1010, 2008, 0, 0 
1, 10, 15, 0, 1010, 2007, 0.025153620710081398, 0 
4, 10, 16, 0, 1010, 1010, 0, 1.3260077632714782 
4, 10, 16, 0, 1004, 1004, 0, 1.3579455660428028 
1, 10, 16, 0, 1010, 2006, 0.04336511798128204, 0 
1, 10, 16, 0, 1010, 2008, 0, 0 
1, 10, 16, 0, 1010, 2007, 0.023938578910451945, 0 
4, 10, 17, 0, 1010, 1010, 0, 1.261955161159919 
4, 10, 17, 0, 1004, 1004, 0, 1.3579455660428028 
1, 10, 17, 0, 1010, 2006, 0.04127037259251987, 0 
1, 10, 17, 0, 1010, 2008, 0, 0 
1, 10, 17, 0, 1010, 2007, 0.022782229519039403, 0 
4, 10, 18, 0, 1010, 1010, 0, 1.20099661019263 
4, 10, 18, 0, 1004, 1004, 0, 1.3579455660428028 
1, 10, 18, 0, 1010, 2006, 0.03927681355924363, 0 
1, 10, 18, 0, 1010, 2008, 0, 0 
1, 10, 18, 0, 1010, 2007, 0.02168173740804534, 0 
4, 10, 19, 0, 1010, 1010, 0, 1.1429826527025104 
4, 10, 19, 0, 1004, 1004, 0, 1.3579455660428028 
1, 10, 19, 0, 1010, 2006, 0.037379553090033796, 0 
1, 10, 19, 0, 1010, 2008, 0, 0 
1, 10, 19, 0, 1010, 2007, 0.020634404400085706, 0 
1, 10, 20, 0, 1010, 1010, 0, 1.1429826527025104 
1, 11, 11, 0, 1004, 1010, 1.3260077632714773, 0 
4, 11, 11, 0, 1010, 1010, 0, 1.261955161159918 
4, 11, 11, 0, 1004, 1004, 0, 0.9602125182310699 
1, 11, 11, 0, 1010, 2006, 0.04127037259251987, 0 
1, 11, 11, 0, 1010, 2008, 0, 0 
1, 11, 11, 0, 1010, 2007, 0.022782229519039403, 0 
4, 11, 12, 0, 1010, 1010, 0, 1.2009966101926295 
4, 11, 12, 0, 1004, 1004, 0, 0.9602125182310699 
1, 11, 12, 0, 1010, 2006, 0.03927681355924335, 0 
1, 11, 12, 0, 1010, 2008, 0, 0 
1, 11, 12, 0, 1010, 2007, 0.02168173740804518, 0 
4, 11, 13, 0, 1010, 1010, 0, 1.1429826527025098 
4, 11, 13, 0, 1004, 1004, 0, 0.9602125182310699 
1, 11, 13, 0, 1010, 2006, 0.03737955309003394, 0 
1, 11, 13, 0, 1010, 2008, 0, 0 
1, 11, 13, 0, 1010, 2007, 0.020634404400085786, 0 
4, 11, 14, 0, 1010, 1010, 0, 1.0877710505521991 
4, 11, 14, 0, 1004, 1004, 0, 0.9602125182310699 
1, 11, 14, 0, 1010, 2006, 0.03557393949748814, 0 
1, 11, 14, 0, 1010, 2008, 0, 0 
1, 11, 14, 0, 1010, 2007, 0.019637662652822484, 0 
4, 11, 15, 0, 1010, 1010, 0, 1.0352264363957975 
4, 11, 15, 0, 1004, 1004, 0, 0.9602125182310699 
1, 11, 15, 0, 1010, 2006, 0.033855545793252714, 0 
1, 11, 15, 0, 1010, 2008, 0, 0 
1, 11, 15, 0, 1010, 2007, 0.01868906836314894, 0 
4, 11, 16, 0, 1010, 1010, 0, 0.985219981786337 
4, 11, 16, 0, 1004, 1004, 0, 0.9602125182310699 
1, 11, 16, 0, 1010, 2006, 0.0322201588339676, 0 
1, 11, 16, 0, 1010, 2008, 0, 0 
1, 11, 16, 0, 1010, 2007, 0.017786295775492914, 0 
4, 11, 17, 0, 1010, 1010, 0, 0.9376290813152679 
4, 11, 17, 0, 1004, 1004, 0, 0.9602125182310699 
1, 11, 17, 0, 1010, 2006, 0.030663768991519222, 0 
1, 11, 17, 0, 1010, 2008, 0, 0 
1, 11, 17, 0, 1010, 2007, 0.016927131479549842, 0 
4, 11, 18, 0, 1010, 1010, 0, 0.8923370520095405 
4, 11, 18, 0, 1004, 1004, 0, 0.9602125182310699 
1, 11, 18, 0, 1010, 2006, 0.02918256032226628, 0 
1, 11, 18, 0, 1010, 2008, 0, 0 
1, 11, 18, 0, 1010, 2007, 0.01610946898346112, 0 
4, 11, 19, 0, 1010, 1010, 0, 0.8492328472492648 
4, 11, 19, 0, 1004, 1004, 0, 0.9602125182310699 
1, 11, 19, 0, 1010, 2006, 0.02777290121114081, 0 
1, 11, 19, 0, 1010, 2008, 0, 0 
1, 11, 19, 0, 1010, 2007, 0.015331303549134844, 0 
1, 11, 20, 0, 1010, 1010, 0, 0.8492328472492648 
1, 12, 12, 0, 1004, 1010, 0.9376290813152683, 0 
4, 12, 12, 0, 1010, 1010, 0, 0.8923370520095409 
4, 12, 12, 0, 1004, 1004, 0, 0.6789727830214014 
1, 12, 12, 0, 1010, 2006, 0.02918256032226628, 0 
1, 12, 12, 0, 1010, 2008, 0, 0 
1, 12, 12, 0, 1010, 2007, 0.01610946898346112, 0 
4, 12, 13, 0, 1010, 1010, 0, 0.8492328472492654 
4, 12, 13, 0, 1004, 1004, 0, 0.6789727830214014 
1, 12, 13, 0, 1010, 2006, 0.02777290121114074, 0 
1, 12, 13, 0, 1010, 2008, 0, 0 
1, 12, 13, 0, 1010, 2007, 0.015331303549134805, 0 
4, 12, 14, 0, 1010, 1010, 0, 0.8082107845045338 
4, 12, 14, 0, 1004, 1004, 0, 0.6789727830214014 
1, 12, 14, 0, 1010, 2006, 0.026431335467685488, 0 
1, 12, 14, 0, 1010, 2008, 0, 0 
1, 12, 14, 0, 1010, 2007, 0.014590727277046148, 0 
4, 12, 15, 0, 1010, 1010, 0, 0.7691702862238752 
4, 12, 15, 0, 1004, 1004, 0, 0.6789727830214014 
1, 12, 15, 0, 1010, 2006, 0.02515457385219394, 0 
1, 12, 15, 0, 1010, 2008, 0, 0 
1, 12, 15, 0, 1010, 2007, 0.013885924428464647, 0 
4, 12, 16, 0, 1010, 1010, 0, 0.7320156332390529 
4, 12, 16, 0, 1004, 1004, 0, 0.6789727830214014 
1, 12, 16, 0, 1010, 2006, 0.023939486011180663, 0 
1, 12, 16, 0, 1010, 2008, 0, 0 
1, 12, 16, 0, 1010, 2007, 0.013215166973641572, 0 
4, 12, 17, 0, 1010, 1010, 0, 0.6966557300816061 
4, 12, 17, 0, 1004, 1004, 0, 0.6789727830214014 
1, 12, 17, 0, 1010, 2006, 0.02278309280240616, 0 
1, 12, 17, 0, 1010, 2008, 0, 0 
1, 12, 17, 0, 1010, 2007, 0.012576810355040699, 0 
4, 12, 18, 0, 1010, 1010, 0, 0.6630038816357391 
4, 12, 18, 0, 1004, 1004, 0, 0.6789727830214014 
1, 12, 18, 0, 1010, 2006, 0.02168255899064102, 0 
1, 12, 18, 0, 1010, 2008, 0, 0 
1, 12, 18, 0, 1010, 2007, 0.011969289455225973, 0 
4, 12, 19, 0, 1010, 1010, 0, 0.6309775805799595 
4, 12, 19, 0, 1004, 1004, 0, 0.6789727830214014 
1, 12, 19, 0, 1010, 2006, 0.020635186296259937, 0 
1, 12, 19, 0, 1010, 2008, 0, 0 
1, 12, 19, 0, 1010, 2007, 0.011391114759519701, 0 
1, 12, 20, 0, 1010, 1010, 0, 0.6309775805799595 
1, 13, 13, 0, 1004, 1010, 0.6630038816357386, 0 
4, 13, 13, 0, 1010, 1010, 0, 0.630977580579959 
4, 13, 13, 0, 1004, 1004, 0, 0.48010625911553495 
1, 13, 13, 0, 1010, 2006, 0.020635186296259937, 0 
1, 13, 13, 0, 1010, 2008, 0, 0 
1, 13, 13, 0, 1010, 2007, 0.011391114759519701, 0 
4, 13, 14, 0, 1010, 1010, 0, 0.6004983050963147 
4, 13, 14, 0, 1004, 1004, 0, 0.48010625911553495 
1, 13, 14, 0, 1010, 2006, 0.019638406779621673, 0 
1, 13, 14, 0, 1010, 2008, 0, 0 
1, 13, 14, 0, 1010, 2007, 0.01084086870402259, 0 
4, 13, 15, 0, 1010, 1010, 0, 0.5714913263512549 
4, 13, 15, 0, 1004, 1004, 0, 0.48010625911553495 
1, 13, 15, 0, 1010, 2006, 0.01868977654501697, 0 
1, 13, 15, 0, 1010, 2008, 0, 0 
1, 13, 15, 0, 1010, 2007, 0.010317202200042893, 0 
4, 13, 16, 0, 1010, 1010, 0, 0.5438855252760996 
4, 13, 16, 0, 1004, 1004, 0, 0.48010625911553495 
1, 13, 16, 0, 1010, 2006, 0.01778696974874407, 0 
1, 13, 16, 0, 1010, 2008, 0, 0 
1, 13, 16, 0, 1010, 2007, 0.009818831326411242, 0 
4, 13, 17, 0, 1010, 1010, 0, 0.5176132181978987 
4, 13, 17, 0, 1004, 1004, 0, 0.48010625911553495 
1, 13, 17, 0, 1010, 2006, 0.016927772896626357, 0 
1, 13, 17, 0, 1010, 2008, 0, 0 
1, 13, 17, 0, 1010, 2007, 0.00934453418157447, 0 
4, 13, 18, 0, 1010, 1010, 0, 0.4926099908931685 
4, 13, 18, 0, 1004, 1004, 0, 0.48010625911553495 
1, 13, 18, 0, 1010, 2006, 0.0161100794169838, 0 
1, 13, 18, 0, 1010, 2008, 0, 0 
1, 13, 18, 0, 1010, 2007, 0.008893147887746457, 0 
4, 13, 19, 0, 1010, 1010, 0, 0.46881454065763395 
4, 13, 19, 0, 1004, 1004, 0, 0.48010625911553495 
1, 13, 19, 0, 1010, 2006, 0.015331884495759611, 0 
1, 13, 19, 0, 1010, 2008, 0, 0 
1, 13, 19, 0, 1010, 2007, 0.008463565739774921, 0 
1, 13, 20, 0, 1010, 1010, 0, 0.46881454065763395 
1, 14, 14, 0, 1004, 1010, 0.46881454065763417, 0 
4, 14, 14, 0, 1010, 1010, 0, 0.44616852600477047 
4, 14, 14, 0, 1004, 1004, 0, 0.3394863915107007 
1, 14, 14, 0, 1010, 2006, 0.01459128016113314, 0 
1, 14, 14, 0, 1010, 2008, 0, 0 
1, 14, 14, 0, 1010, 2007, 0.00805473449173056, 0 
4, 14, 15, 0, 1010, 1010, 0, 0.4246164236246327 
4, 14, 15, 0, 1004, 1004, 0, 0.3394863915107007 
1, 14, 15, 0, 1010, 2006, 0.01388645060557037, 0 
1, 14, 15, 0, 1010, 2008, 0, 0 
1, 14, 15, 0, 1010, 2007, 0.007665651774567402, 0 
4, 14, 16, 0, 1010, 1010, 0, 0.4041053922522669 
4, 14, 16, 0, 1004, 1004, 0, 0.3394863915107007 
1, 14, 16, 0, 1010, 2006, 0.013215667733842744, 0 
1, 14, 16, 0, 1010, 2008, 0, 0 
1, 14, 16, 0, 1010, 2007, 0.007295363638523074, 0 
4, 14, 17, 0, 1010, 1010, 0, 0.3845851431119376 
4, 14, 17, 0, 1004, 1004, 0, 0.3394863915107007 
1, 14, 17, 0, 1010, 2006, 0.01257728692609697, 0 
1, 14, 17, 0, 1010, 2008, 0, 0 
1, 14, 17, 0, 1010, 2007, 0.006942962214232323, 0 
4, 14, 18, 0, 1010, 1010, 0, 0.36600781661952647 
4, 14, 18, 0, 1004, 1004, 0, 0.3394863915107007 
1, 14, 18, 0, 1010, 2006, 0.011969743005590332, 0 
1, 14, 18, 0, 1010, 2008, 0, 0 
1, 14, 18, 0, 1010, 2007, 0.006607583486820786, 0 
4, 14, 19, 0, 1010, 1010, 0, 0.34832786504080304 
4, 14, 19, 0, 1004, 1004, 0, 0.3394863915107007 
1, 14, 19, 0, 1010, 2006, 0.01139154640120308, 0 
1, 14, 19, 0, 1010, 2008, 0, 0 
1, 14, 19, 0, 1010, 2007, 0.0062884051775203495, 0 
1, 14, 20, 0, 1010, 1010, 0, 0.34832786504080304 
1, 15, 15, 0, 1004, 1010, 0.3315019408178693, 0 
4, 15, 15, 0, 1010, 1010, 0, 0.3154887902899795 
4, 15, 15, 0, 1004, 1004, 0, 0.24005312955776748 
1, 15, 15, 0, 1010, 2006, 0.010317593148129968, 0 
1, 15, 15, 0, 1010, 2008, 0, 0 
1, 15, 15, 0, 1010, 2007, 0.005695557379759851, 0 
4, 15, 16, 0, 1010, 1010, 0, 0.30024915254815737 
4, 15, 16, 0, 1004, 1004, 0, 0.24005312955776748 
1, 15, 16, 0, 1010, 2006, 0.009819203389810837, 0 
1, 15, 16, 0, 1010, 2008, 0, 0 
1, 15, 16, 0, 1010, 2007, 0.005420434352011295, 0 
4, 15, 17, 0, 1010, 1010, 0, 0.28574566317562744 
4, 15, 17, 0, 1004, 1004, 0, 0.24005312955776748 
1, 15, 17, 0, 1010, 2006, 0.009344888272508485, 0 
1, 15, 17, 0, 1010, 2008, 0, 0 
1, 15, 17, 0, 1010, 2007, 0.0051586011000214465, 0 
4, 15, 18, 0, 1010, 1010, 0, 0.2719427626380498 
4, 15, 18, 0, 1004, 1004, 0, 0.24005312955776748 
1, 15, 18, 0, 1010, 2006, 0.008893484874372035, 0 
1, 15, 18, 0, 1010, 2008, 0, 0 
1, 15, 18, 0, 1010, 2007, 0.004909415663205621, 0 
4, 15, 19, 0, 1010, 1010, 0, 0.25880660909894937 
4, 15, 19, 0, 1004, 1004, 0, 0.24005312955776748 
1, 15, 19, 0, 1010, 2006, 0.008463886448313179, 0 
1, 15, 19, 0, 1010, 2008, 0, 0 
1, 15, 19, 0, 1010, 2007, 0.004672267090787235, 0 
1, 15, 20, 0, 1010, 1010, 0, 0.25880660909894937 
1, 16, 16, 0, 1004, 1010, 0.23440727032881709, 0 
4, 16, 16, 0, 1010, 1010, 0, 0.22308426300238524 
4, 16, 16, 0, 1004, 1004, 0, 0.16974319575535035 
1, 16, 16, 0, 1010, 2006, 0.00729564008056657, 0 
1, 16, 16, 0, 1010, 2008, 0, 0 
1, 16, 16, 0, 1010, 2007, 0.00402736724586528, 0 
4, 16, 17, 0, 1010, 1010, 0, 0.21230821181231635 
4, 16, 17, 0, 1004, 1004, 0, 0.16974319575535035 
1, 16, 17, 0, 1010, 2006, 0.006943225302785185, 0 
1, 16, 17, 0, 1010, 2008, 0, 0 
1, 16, 17, 0, 1010, 2007, 0.003832825887283701, 0 
4, 16, 18, 0, 1010, 1010, 0, 0.20205269612613344 
4, 16, 18, 0, 1004, 1004, 0, 0.16974319575535035 
1, 16, 18, 0, 1010, 2006, 0.006607833866921372, 0 
1, 16, 18, 0, 1010, 2008, 0, 0 
1, 16, 18, 0, 1010, 2007, 0.003647681819261537, 0 
4, 16, 19, 0, 1010, 1010, 0, 0.1922925715559688 
4, 16, 19, 0, 1004, 1004, 0, 0.16974319575535035 
1, 16, 19, 0, 1010, 2006, 0.006288643463048485, 0 
1, 16, 19, 0, 1010, 2008, 0, 0 
1, 16, 19, 0, 1010, 2007, 0.0034714811071161616, 0 
1, 16, 20, 0, 1010, 1010, 0, 0.1922925715559688 
1, 17, 17, 0, 1004, 1010, 0.16575097040893466, 0 
4, 17, 17, 0, 1010, 1010, 0, 0.15774439514498975 
4, 17, 17, 0, 1004, 1004, 0, 0.12002656477888374 
1, 17, 17, 0, 1010, 2006, 0.005158796574064984, 0 
1, 17, 17, 0, 1010, 2008, 0, 0 
1, 17, 17, 0, 1010, 2007, 0.0028477786898799253, 0 
4, 17, 18, 0, 1010, 1010, 0, 0.15012457627407869 
4, 17, 18, 0, 1004, 1004, 0, 0.12002656477888374 
1, 17, 18, 0, 1010, 2006, 0.004909601694905418, 0 
1, 17, 18, 0, 1010, 2008, 0, 0 
1, 17, 18, 0, 1010, 2007, 0.0027102171760056476, 0 
4, 17, 19, 0, 1010, 1010, 0, 0.14287283158781372 
4, 17, 19, 0, 1004, 1004, 0, 0.12002656477888374 
1, 17, 19, 0, 1010, 2006, 0.004672444136254243, 0 
1, 17, 19, 0, 1010, 2008, 0, 0 
1, 17, 19, 0, 1010, 2007, 0.0025793005500107232, 0 
1, 17, 20, 0, 1010, 1010, 0, 0.14287283158781372 
1, 18, 18, 0, 1004, 1010, 0.11720363516440854, 0 
4, 18, 18, 0, 1010, 1010, 0, 0.11154213150119262 
4, 18, 18, 0, 1004, 1004, 0, 0.08487159787767518 
1, 18, 18, 0, 1010, 2006, 0.003647820040283285, 0 
1, 18, 18, 0, 1010, 2008, 0, 0 
1, 18, 18, 0, 1010, 2007, 0.00201368362293264, 0 
4, 18, 19, 0, 1010, 1010, 0, 0.10615410590615817 
4, 18, 19, 0, 1004, 1004, 0, 0.08487159787767518 
1, 18, 19, 0, 1010, 2006, 0.0034716126513925924, 0 
1, 18, 19, 0, 1010, 2008, 0, 0 
1, 18, 19, 0, 1010, 2007, 0.0019164129436418506, 0 
1, 18, 20, 0, 1010, 1010, 0, 0.10615410590615817 
1, 19, 19, 0, 1004, 1010, 0.08287548520446733, 0 
4, 19, 19, 0, 1010, 1010, 0, 0.07887219757249488 
4, 19, 19, 0, 1004, 1004, 0, 0.06001328238944187 
1, 19, 19, 0, 1010, 2006, 0.002579398287032492, 0 
1, 19, 19, 0, 1010, 2008, 0, 0 
1, 19, 19, 0, 1010, 2007, 0.0014238893449399627, 0 
1, 19, 20, 0, 1010, 1010, 0, 0.07887219757249488 
